S01100006275696C642F7370656C2E733139F0
S3152000000037C10120EF1090269712000093828218A4
S31520000010970000009380C00173901234374300008C
S31520000020130303887310033073002030EF109048B9
S315200000306F000000130101FF2326110023248100F5
S3152000004013040101B71702409387870103A707000E
S31520000050B7170240938787011367170623A0E70087
S31520000060B717014093870740379766661307878837
S3152000007023A0E700B7170140938707401307F00036
S315200000802398E700B7170140938707401307000F0F
S31520000090239AE700B72701409387078003A7070025
S315200000A0B727014093870780137707FF23A0E70030
S315200000B0B72701409387078003A70700B72701408A
S315200000C0938707801367270023A0E700B7270140FF
S315200000D09387078013071000239AE700B71701407C
S315200000E093870740372722221307272223A2E700D8
S315200000F0B717014093870740130700F0239AE700BC
S31520000100130000008320C100032481001301010194
S3152000011067800000130101FF23261100232481009C
S3152000012013040101B7E700E09387071083A60700B1
S31520000130B7E700E0938707103717000033E7E6009C
S3152000014023A0E700B7E700E09387071083A6070000
S31520000150B7E700E0938707103707400033E7E6004C
S3152000016023A0E700B7E700E09387071083A60700E0
S31520000170B7E700E0938707103707800033E7E600EC
S3152000018023A0E700B7E700E09387071083A60700C0
S31520000190B7E700E0938707103707000133E7E6004B
S315200001A023A0E700B7E700E09387071083A60700A0
S315200001B0B7E700E0938707103707000233E7E6002A
S315200001C023A0E700B707014037370000130737336E
S315200001D02394E700B70701409387074003A707004A
S315200001E0B707014093870740137707FF23A0E7004F
S315200001F0B70701409387074003A78700B707014049
S3152000020093870740137707FF23A4E700B70701402A
S315200002109387074003A7C700B70701409387074086
S31520000220137707FF23A6E700B70701409387074008
S315200002301307F00023AAE700B7070140938707407A
S3152000024003A78700B7070140938707401367F70086
S3152000025023A4E700B70701409387074003A7C700F9
S31520000260B7070140938707401367F70023A6E700E7
S31520000270B70701409387074003A70700B707014048
S31520000280938707401367F70023A0E70013000000B9
S315200002908320C1000324810013010101678000002F
S315200002A0130101FE232E1100232C810013040102C9
S315200002B0B7170140938707401307000F2398E700DD
S315200002C0232604FE6F00C00C8327C4FE93874700B5
S315200002D0130710003317F700B7170140938707401D
S315200002E01317070113570701239AE700232004FE5B
S315200002F06F000001832704FE938717002320F4FE56
S31520000300032704FE93073006E3D6E7FEB71701401E
S315200003109387074083D787002313F4FE232404FE04
S315200003206F008005035764FE832784FEB357F700CA
S3152000033093F71700639C0702B7170140938707407E
S315200003401307000F239AE7008327C4FE93F7F70FBE
S315200003509397270013F7F70F832784FE93F7F70F5A
S31520000360B307F70093F7F70F6F008004832784FE07
S31520000370938717002324F4FE032784FE9307300077
S31520000380E3D2E7FA8327C4FE938717002326F4FED9
S315200003900327C4FE93073000E3D8E7F2B7170140DE
S315200003A0938707401307000F239AE7009307F00F60
S315200003B0138507008320C101032481011301010253
S315200003C067800000130101FD232611022324510218
S315200003D0232281022320E102232EF10013040103AC
S315200003E0B7F700E09387470003A70700B7F700E0B9
S315200003F0938747001377E7FF23A0E700B7870020FE
S3152000040083C7C76F93F7F70F63880702B7270140A3
S315200004109387C78083D707001397070113570701D0
S31520000420B72701409387C780134717001317070183
S31520000430135707012390E700B787002083A7476F4C
S3152000044063860704B787002083A7876F232EF4FCD3
S315200004508327C4FD638A0700B787002083A7476FD9
S315200004600327C4FD6368F700B787002023AA076E19
S315200004706F00C001B787002003A7476F8327C4FDFD
S315200004803307F740B787002023AAE76E1300000042
S315200004908320C10283228102032441020327010211
S315200004A08327C1011301010373002030130101F4D6
S315200004B0232E110A232C510AF3223000232A510A13
S315200004C02328610A2326710A2324810A2322A10ACA
S315200004D02320B10A232EC108232CD108232AE10880
S315200004E02328F10823260109232411092322C109DF
S315200004F02320D109232EE107232CF107272E0104DF
S31520000500272C1104272A21042728310427264104D1
S31520000510272451042722610427207104272EA102B3
S31520000520272CB102272AC1022728D1022726E10239
S315200005302724F1022722010327201103272EC10198
S31520000540272CD101272AE1012728F1011304010CC8
S31520000550B7070140938747411307F00023A0E70020
S31520000560EFF01FD493070500A307F4F40347F4F430
S315200005709307F00F6300F702B78700200347F4F4D0
S315200005802384E76C8347F4F413850700EF00806C1F
S315200005906F00C00013050000EF00C06B13000000C1
S315200005A08320C10B8322410B739032008322810B5F
S315200005B00323010B8323C10A0324810A0325410A4D
S315200005C08325010A0326C1098326810903274109B8
S315200005D0832701090328C10883288108032E41089F
S315200005E0832E0108032FC107832F81070720C1050A
S315200005F08720810507214105872101050722C1049E
S315200006008722810407234104872301040725C10388
S315200006108725810307264103872601030727C10271
S31520000620872781020728410287280102072EC10158
S31520000630872E8101072F4101872F01011301010C0C
S3152000064073002030130101FF23261100232481008B
S315200006501304010113051000EF101039930705004C
S315200006606396070013052000EF10103813000000D2
S315200006708320C1000324810013010101678000004B
S31520000680130101FE232E1100232C810013040102E5
S3152000069093070500A307F4FE0347F4FE930700061D
S315200006A063FEE7000347F4FE9307A00763E8E7002D
S315200006B08347F4FE938707FEA307F4FE0347F4FE61
S315200006C09307000463FAE7020347F4FE9307A005A5
S315200006D063E4E7028347F4FE1387F7FB93070700DB
S315200006E093972700B387E700378700201307473102
S315200006F0B387E7006F0000060347F4FE9307F00276
S3152000070063FAE7020347F4FE9307900363E4E702E4
S315200007108347F4FE138707FD930707009397270067
S31520000720B387E700378700201307072EB387E70034
S315200007306F0040020347F4FE9307A0036318F700F7
S31520000740B78700209387C7626F00C000B787002055
S3152000075093874762138507008320C1010324810103
S315200007601301010267800000130101FB23261104F7
S3152000077023248104130401052326A4FC2324B4FC8A
S31520000780232EF4FA93070600A303F4FC93870600AE
S315200007902312F4FC930707002311F4FC834774FC0F
S315200007A013850700EFF0DFED2328A4FC232604FEA3
S315200007B06F00400F232404FE6F00400D8327C4FEE4
S315200007C0032704FDB307F70083C707001387070035
S315200007D0832784FEB357F70093F717006388070033
S315200007E0835744FC2313F4FE6F00C000835724FC78
S315200007F02313F4FE232004FE6F00C007232E04FCDF
S315200008006F00C0050327C4FE8327C4FB3307F70206
S315200008108327C4FC3307F700832704FEB306F700BB
S31520000820032784FE8327C4FB3307F702832784FC30
S315200008303307F7008327C4FDB307F700035764FE89
S31520000840130607009385070013850600EF10503A1C
S315200008508327C4FD93871700232EF4FC0327C4FDAA
S315200008608327C4FBE340F7FA832704FE9387170008
S315200008702320F4FE032704FE8327C4FBE340F7F876
S31520000880832784FE938717002324F4FE032784FE00
S3152000089093076000E3D4E7F28327C4FE938717000B
S315200008A02326F4FE0327C4FE93074000E3D4E7F093
S315200008B0232C04FC6F000007232A04FC6F0000058C
S315200008C00327C4FB93070700939727003387E70086
S315200008D08327C4FC3307F700832744FDB306F700BC
S315200008E0032784FC832784FDB307F700035724FCE2
S315200008F0130607009385070013850600EF10502F77
S31520000900832744FD93871700232AF4FC032744FDFD
S315200009108327C4FBE346F7FA832784FD93871700D2
S31520000920232CF4FC0327C4FB930707009397370077
S31520000930B387E740032784FDE340F7F81300000060
S31520000940130000008320C104032481041301010540
S3152000095067800000130101FD232611022324810252
S31520000960130401032326A4FE2324B4FE2322C4FE5B
S31520000970232EF4FC938706002311F4FE9307070029
S315200009802310F4FE6F004005832744FE03C60700AC
S31520000990035704FE835624FE8327C4FD832584FE45
S315200009A00325C4FEEFF05FDC0327C4FD9307070091
S315200009B093971700B387E7009397170013870700CD
S315200009C08327C4FEB387E7002326F4FE832744FE4D
S315200009D0938717002322F4FE832744FE83C707004C
S315200009E0E39407FA13000000130000008320C102DD
S315200009F0032481021301010367800000130101FC17
S31520000A00232E1102232C81021304010493070500CF
S31520000A10138705002324C4FCA307F4FC93070700CF
S31520000A202316F4FC0347F4FC9307F00063E4E7087D
S31520000A308347F4FC93D72700A307F4FE8347F4FCEF
S31520000A4093F737002307F4FE0347E4FE9307400697
S31520000A50B307F7029387D7022324F4FE0347F4FE55
S31520000A609307070093973700B387E740939737009C
S31520000A70B387E7409387C7052322F4FE832784FEA6
S31520000A80938797052320F4FE832744FE9387C70286
S31520000A90232EF4FC0357C4FC832784FC8326C4FD41
S31520000AA0032604FE832544FE032584FEEF107000F2
S31520000AB06F008000130000008320C10303248103FC
S31520000AC01301010467800000130101FE232E11008B
S31520000AD0232C81001304010293070500A307F4FECB
S31520000AE08347F4FE93D7270093F7F70F13073000B9
S31520000AF06384E704130730006346F70413072000D6
S31520000B006388E70213072000634EF7026388070015
S31520000B1013071000638AE7006F00C002B7070100C1
S31520000B20938707806F0080029307007E6F00000284
S31520000B309307F0016F008001B7070100938707FE36
S31520000B406F00C000B70701009387F7FF13850700E2
S31520000B508320C10103248101130101026780000063
S31520000B60130101FE232E1100232C81001304010200
S31520000B70A30704FE6F0080038347F4FE1385070056
S31520000B80EFF09FF493070500138707008347F4FED1
S31520000B90130610009305070013850700EFF01FE6E4
S31520000BA08347F4FE93871700A307F4FE0347F4FE5A
S31520000BB09307F000E3F2E7FC1300000013000000A7
S31520000BC08320C101032481011301010267800000F3
S31520000BD0130101FD2326110223248102130401039C
S31520000BE093070500A30FF4FC9307100013070000DA
S31520000BF09306300213062008930500001305000013
S31520000C00EF10206B8347F4FD130704FE13860700BD
S31520000C10B78700209385873913050700EF405023B7
S31520000C20130604FE9307200013070000B7060100F1
S31520000C309386F6FF9305A0001305A000EFF09FD141
S31520000C40130000008320C102032481021301010343
S31520000C5067800000130101FE232E1100232C810042
S31520000C601304010293070500A307F4FEB7170140FA
S31520000C7093874741130700F02390E7008347F4FE4C
S31520000C801397070113570701B717014093870741A9
S31520000C901317870013170701135707012390E7003F
S31520000CA0130000008320C1010324810113010102E6
S31520000CB067800000130101FE232E1100232C8100E2
S31520000CC0130401022326A4FE2324B4FE9307060060
S31520000CD0A303F4FE832784FE639607009307100080
S31520000CE02324F4FEB7870020032784FE23ACE76E77
S31520000CF0B78700200327C4FE23AAE76EB787002004
S31520000D00034774FE238EE76E032584FEEF00C05D45
S31520000D10130000008320C101032481011301010275
S31520000D2067800000130101FF232611002324810080
S31520000D301304010113000000B787002083A7476F23
S31520000D40E39C07FEEF000061B7870020238E076E25
S31520000D50B727014093874781130710002390E700A8
S31520000D60130000008320C100032481001301010128
S31520000D7067800000130101FE232E1100232C810021
S31520000D80130401022326A4FE0327C4FE9307803EF4
S31520000D90B307F702130600009305803E138507006C
S31520000DA0EFF05FF1EFF01FF8130000008320C10180
S31520000DB0032481011301010267800000130101FE53
S31520000DC0232E1100232C8100130401029307050012
S31520000DD02324B4FEA307F4FE0347F4FE9307F00092
S31520000DE063EAE7048347F4FE13850700EFF09FE6E6
S31520000DF0032784FE9307803EB306F7028347F4FE5B
S31520000E00378700201307072A93972700B307F70091
S31520000E1083A7070013061000938507001385060095
S31520000E20EFF05FE9EFF01FF013050000EFF09FE20F
S31520000E306F008000130000008320C101032481017C
S31520000E401301010267800000130101FD2326110210
S31520000E502324810213040103232EA4FCB787002038
S31520000E601307F0FF2384E76C0327C4FD9307803E16
S31520000E70B307F702130600009305803E138507008B
S31520000E80EFF05FE36F004003EFF08FC1930705009B
S31520000E90A307F4FE0347F4FE9307F00F630EF70053
S31520000EA0B78700200347F4FE2384E76C8347F4FECC
S31520000EB013850700EFF01FDAB787002083A7476F57
S31520000EC0638C0700B787002083C7876C13F7F70F5B
S31520000ED09307F00FE30AF7FAEF00C047B787002021
S31520000EE0238E076EB727014093874781130710008B
S31520000EF02390E700B787002083C7876C93F7F70F07
S31520000F00138507008320C1020324810213010103F4
S31520000F1067800000130101FF23261100232481008E
S31520000F2013040101B787002003C7076F9307F00159
S31520000F3063EEE704EF400035130705009357F741AA
S31520000F4093D7C7013307F7001377F700B307F740A6
S31520000F5013870700B787002083C7076F938607008C
S31520000F601377F70FB78700209387076DB387D700CE
S31520000F702380E700B787002083C7076F9387170072
S31520000F8013F7F70FB78700202388E76E13000000BA
S31520000F908320C10003248100130101016780000022
S31520000FA0130101FE232E1100232C810013040102BC
S31520000FB0A30704FE6F0080038347F4FE37870020D3
S31520000FC01307076DB307F70083C707009305C01201
S31520000FD013850700EFF09FDE13054006EFF09FD93B
S31520000FE08347F4FE93871700A307F4FEB7870020F4
S31520000FF083C7076F0347F4FEE360F7FC1300000086
S31520001000130000008320C101032481011301010282
S3152000101067800000130101FE232E1100232C81007E
S3152000102013040102A30704FE6F004007B717000050
S31520001030138587BBEFF05FE1930705002307F4FED6
S315200010400347E4FE9307F00F6316F70093070000AB
S315200010506F0000068347F4FE378700201307076DCD
S31520001060B307F70083C707000347E4FE6306F700CC
S31520001070930700006F00C0038347E4FE93056009D1
S3152000108013850700EFF09FD31305800CEFF09FCE5A
S315200010908347F4FE93871700A307F4FEB787002043
S315200010A083C7076F0347F4FEE362F7F89307100040
S315200010B0138507008320C101032481011301010246
S315200010C067800000130101FC232E1102232C8102CC
S315200010D01304010493070500A307F4FC93071000EB
S315200010E0130700009306F0131306F01D9305000066
S315200010F013050000EF10E01B9307300013070000D4
S31520001100B706010093860680378600201306463AE6
S31520001110930500051305000AEFF0DF838347F4FCEF
S31520001120130784FD13860700B78700209385873928
S3152000113013050700EF40C051130684FD93072000D6
S3152000114013070000B70601009386F6FF9305600992
S315200011501305A00AEFF01F80930720001307000055
S31520001160B78600009386F6FF378600201306063BD7
S315200011709305C00D13056009EFF0CFFD13000000A5
S315200011808320C10303248103130101046780000027
S31520001190130101FE232E1100232C810013040102CA
S315200011A0EFF04FCA93071000130700009306F013C1
S315200011B01306F01D9305000013050000EF10600FC5
S315200011C0EFE05FE7EF00C022EFE0DFF4B787002013
S315200011D02388076EB7870020A388076E9307100021
S315200011E0130700009306F0131306F01D9305000065
S315200011F013050000EF10E00B9307200013070000F3
S31520001200B70601009386F6FF378600201306063CB4
S315200012109305A0001305400BEFF0CFF3EFF05F949A
S315200012206F008004EFF01FCFB787002083C7076FBA
S3152000123013850700EFF0DF991305C012EFF09FB377
S31520001240EFF01FD6EFF01FDD93070500639A070026
S31520001250B787002013071000A388E76E6F00C00031
S315200012601305803EEFF01FB1B787002083C7176FA5
S31520001270639A0700B787002003C7076F9307F0011B
S31520001280E3F2E7FAB787002083C7076F13850700C5
S31520001290EFF05FE3B78700201307F0FF2384E76CA6
S315200012A06F000003EFE0DFFF93070500A307F4FEBE
S315200012B00347F4FE9307F00F630CF700B78700206F
S315200012C00347F4FE2384E76C13052003EF10E02088
S315200012D0B787002083C7876C13F7F70F9307F00FA4
S315200012E0E302F7FC6FF09FEE130101FE232E11009F
S315200012F0232C8100130401022326A4FE8327C4FE87
S3152000130063960700EF0000056F00C003B7F700E003
S3152000131023A007000327C4FE9307070093973700EF
S31520001320B387E7009397470013870700B7F700E0D6
S315200013301307F7FF23A8E700B7F700E01307F0022B
S3152000134023A0E7008320C1010324810113010102A8
S3152000135067800000130101FF23261100232481004A
S3152000136013040101B7F700E023A0070013000000D3
S315200013708320C1000324810013010101678000003E
S315200013800000000000000000000000000000000037
S315200013900000000000000000000000000000000027
S315200013A00000000000000000000000000000000017
S315200013B06FF04F81000000000000000000000000D8
S315200013C000000000000000000000000000000000F7
S315200013D000000000000000006FF04F8D6FF00F8DB1
S315200013E06FF0CF8C6FF08F8C13000000130000007D
S315200013F097020000938202F993E212007390523012
S31520001400678000001300000013000000130101FE96
S31520001410232E1100232C810013040102232604FE0F
S31520001420232404FEB717024003A70700B71702407C
S315200014301367170023A0E700B717024093874700DA
S3152000144083A60700B7170240938747003707FFF8A0
S3152000145033F7E60023A0E700B717024083A607006C
S31520001460B71702403707F7FE1307F7FF33F7E600F3
S3152000147023A0E700B717024083A60700B71702404C
S315200014803707FCFF1307F7FF33F7E60023A0E70033
S31520001490B71702409387470083A60700B717024075
S315200014A093874700370781FF1307F7FF33F7E600D7
S315200014B023A0E700B717024083A60700B71702400C
S315200014C0370700EC1307F7FF33F7E60023A0E70002
S315200014D0B7170240938787003707FF0023A0E7004E
S315200014E0B71702409387C70223A00700B717024009
S315200014F083A60700B71702403707010033E7E60047
S3152000150023A0E700B717024003A70700B70702008A
S31520001510B377F7002324F4FE8327C4FE93871700AE
S315200015202326F4FE832784FE639807000327C4FE40
S315200015309307401FE318F7FCB717024003A70700DD
S31520001540B7070200B377F7006396070093071000EA
S315200015506F00C011B717024013874700B717024024
S31520001560938747000327070023A0E700B717024009
S3152000157013874700B71702409387470003270700C2
S3152000158023A0E700B71702409387C70203A70700E7
S31520001590B71702409387C7021367074023A0E700C7
S315200015A0B71702409387470083A60700B717024064
S315200015B0938747003707C1FF1307F7FF33F7E60086
S315200015C023A0E700B71702409387470083A60700AA
S315200015D0B7170240938747003707010033E7E60035
S315200015E023A0E700B717024083A60700B7170240DB
S315200015F03707000133E7E60023A0E70013000000C9
S31520001600B717024003A70700B7070002B377F70012
S31520001610E38807FEB71702409387470003A7070012
S31520001620B7170240938747001377C7FF23A0E70029
S31520001630B71702409387470003A70700B717024052
S31520001640938747001367270023A0E70013000000B5
S31520001650B71702409387470083A7070013F7C700F1
S3152000166093078000E316F7FE930700001385070013
S315200016708320C10103248101130101026780000038
S31520001680130101FD23261102232451022322810264
S315200016902320A102232EB100232CC100232AD1000E
S315200016A02328E1002326F10023240101130401034A
S315200016B0B717004083D70701139707011357070170
S315200016C0B71700401377E7FF1317070113570701D2
S315200016D02398E700B787002003A7077083A74770E2
S315200016E013051000930500003306A7001308060013
S315200016F03338E800B386B700B307D80093860700CF
S315200017001307060093870600B786002023A0E670FD
S3152000171023A2F670130000008320C10283228102D7
S3152000172003244102032501028325C10103268101E9
S3152000173083264101032701018327C1000328810055
S315200017401301010373002030130101FE232E110023
S31520001750232C8100130401022326A4FEB787002030
S3152000176003A7077083A747708327C4FE23A2E70039
S315200017708327C4FE03A747008327C4FE23A0E700D0
S31520001780B787002003A7077083A747709307070032
S31520001790138507008320C10103248101130101025F
S315200017A067800000130101FD2326110223248102F4
S315200017B013040103232EA4FC232CB4FCB78700209A
S315200017C003A7077083A747702324E4FE2326F4FE8D
S315200017D0032784FE8327C4FE1306400693060000D3
S315200017E01305070093850700EF30C01E1307050079
S315200017F0938705008326C4FD23A0E60023A2F600D6
S31520001800032784FE8327C4FE1306400693060000A2
S315200018101305070093850700EF30805A130705004C
S31520001820938705008327C4FD23A4E70093070000C0
S31520001830138507008320C1020324810213010103BB
S3152000184067800000130101FE232E1100232C810046
S31520001850130401022326A4FE2324B4FE8327C4FEF8
S3152000186003A7070083A74700930540063385B702E1
S3152000187093050000B305B7023305B500930540066E
S315200018803303B702B338B70213080300B3071501B1
S31520001890938807001307080093870800B785002060
S315200018A023A0E57023A2F5708327C4FE83A78700B3
S315200018B01386070093D7F74193860700B787002042
S315200018C003A5077083A547703307A60013080700F2
S315200018D03338C800B387B600B306F80093870600EE
S315200018E0B786002023A0E67023A2F6709307000097
S315200018F0138507008320C1010324810113010102FE
S3152000190067800000130101FF232611002324810094
S3152000191013040101B74701409387078083D7070047
S315200019209397070193D7070193F70702638007026E
S31520001930B74701409387078083D7470093970701CE
S3152000194093D7070193F7F70F6F00800093070000E6
S31520001950138507008320C1000324810013010101A0
S3152000196067800000130101FE232E1100232C810025
S315200019701304010293070500A307F4FEB7470140AD
S31520001980938707800347F4FE1317070113570701B0
S315200019902392E70013000000B74701409387078092
S315200019A083D707009397070193D7070193F7070873
S315200019B0E38407FE13000000130000008320C1010A
S315200019C0032481011301010267800000130101FD38
S315200019D0232611022324810213040103232EA4FCAF
S315200019E0B787002083A78770639A0700B7870020F0
S315200019F0379700201307478723A4E770B78700206F
S31520001A0083A787702326F4FEB787002003A7877055
S31520001A108327C4FD3307F700B7970020938747072E
S31520001A2063FEE700EF30504A130705009307C00016
S31520001A302320F7009307F0FF6F000002B7870020EE
S31520001A4003A787708327C4FD3307F700B7870020D5
S31520001A5023A4E7708327C4FE138507008320C102D1
S31520001A60032481021301010367800000130101FE94
S31520001A70232E1100232C81001304010213000000E1
S31520001A80EFF0DF9893070500E39C07FEB7170240A7
S31520001A9083A68701B71702403747000033E7E600E1
S31520001AA023ACE700B717024003A78701B717024008
S31520001AB01367470023ACE700B717024003A7870147
S31520001AC0B71702401367170023ACE700B717024089
S31520001AD003A78701B71702401367070223ACE70065
S31520001AE0B717024003A78701B717024013670704F9
S31520001AF023ACE700B717024083A6C700B7170240FA
S31520001B00374700001307070633E7E60023A6E7005A
S31520001B10B717024083A6C700B717024037C7FFFF93
S31520001B201307F7F933F7E60023A6E700B7170140B6
S31520001B309387478003A70700B717014093874780FD
S31520001B401367070B23A0E700B71701409387478049
S31520001B5003A70700B71701409387478013670740FD
S31520001B6023A0E700B7470140938707801307204E3D
S31520001B702394E700B7470140938707803727000063
S31520001B801307C7002396E700B717024003A7C7012C
S31520001B90B71702401367070123AEE700B7170240C5
S31520001BA003A70701B71702401367070123A8E70019
S31520001BB0B717024003A70701B71702401377F7FEAE
S31520001BC023A8E700B717024003A7C701B7170240AB
S31520001BD01367070223AEE700B717024003A70701E2
S31520001BE0B71702401367070223A8E700B71702407A
S31520001BF003A70701B71702401377F7FD23A8E700CD
S31520001C00B787002023A40770B78700209387076D26
S31520001C102326F4FEB7970020938747872324F4FED4
S31520001C206F0040018327C4FE138717002326E4FE96
S31520001C30238007000327C4FE832784FEE364F7FE80
S31520001C40B787002083A7C76C83A7470093060000A9
S31520001C50130620009305000013850700EF308079D6
S31520001C60B787002083A7C76C83A787009306000049
S31520001C70130620009305000013850700EF308077B8
S31520001C80B787002083A7C76C83A7C70093060000E9
S31520001C90130620009305000013850700EF3080759A
S31520001CA0130000008320C1010324810113010102D6
S31520001CB067800000130101FF2326110023248100E1
S31520001CC013040101130000008320C10003248100B6
S31520001CD01301010167800000130101FE232E11006C
S31520001CE0232C8100130401022326A4FE8327C4FE8D
S31520001CF0638A07008325C4FEB78700201385C73C67
S31520001D00EF30406AEFF01FFB130000008320C10173
S31520001D10032481011301010267800000130101FEE3
S31520001D20232E1100232C8100130401022326A4FE56
S31520001D309307F0FF138507008320C1010324810147
S31520001D401301010267800000130101FE232E1100FA
S31520001D50232C8100130401022326A4FE2324B4FE8F
S31520001D602322C4FE9307F0FF138507008320C101B9
S31520001D70032481011301010267800000130101FE83
S31520001D80232E1100232C8100130401022326A4FEF6
S31520001D902324B4FE832784FE3727000023A2E700EE
S31520001DA093070000138507008320C10103248101C6
S31520001DB01301010267800000130101FE232E11008A
S31520001DC0232C8100130401022326A4FE2324B4FE1F
S31520001DD02322C4FE93070000138507008320C10138
S31520001DE0032481011301010267800000130101FE13
S31520001DF0232E1100232C8100130401022326A4FE86
S31520001E0093070000138507008320C1010324810165
S31520001E101301010267800000130101FD2326110230
S31520001E202324810213040103232EA4FC232CB4FCB7
S31520001E30232AC4FC832744FD2326F4FE6F00C00119
S31520001E40832784FD13871700232CE4FC83C7070010
S31520001E5013850700EFF01FB1832744FD1387F7FF93
S31520001E60232AE4FCE39E07FC8327C4FE1385070090
S31520001E708320C1020324810213010103678000002D
S31520001E80130101FD232611022324810213040103D9
S31520001E90232EA4FC232CB4FC232AC4FC232604FED4
S31520001EA0EFF05FA693070500A305F4FE8347B4FE73
S31520001EB063820702832784FD13871700232CE4FC03
S31520001EC00347B4FE2380E7008327C4FE93871700C9
S31520001ED02326F4FE032744FD8327C4FEE312F7FCE2
S31520001EE08327C4FE138507008320C10203248102B1
S31520001EF01301010367800000130101FF232611004F
S31520001F002324810013040101930700001385070091
S31520001F108320C10003248100130101016780000092
S31520001F20130101FE232E1100232C8100130401022C
S31520001F302326A4FE2324B4FE93070000138507005E
S31520001F408320C1010324810113010102678000005F
S31520001F50317106DF16DDF322300016DB1AD91ED7C3
S31520001F6022D52AD32ED132CF36CD3ACB3EC942C73F
S31520001F7046C572C376C1FADEFEDC82EE86EC8AEABC
S31520001F808EE892E696E49AE29EE02AFE2EFC32FA4B
S31520001F9036F83AF63EF442F246F072EE76EC7AEAFB
S31520001FA07EE88001C6872324F4F4832784F4DC4367
S31520001FB02326F4F4832784F49C4313077004638256
S31520001FC0E71A130770046340F71C13076004638E37
S31520001FD0E716130760046348F71A13072003638084
S31520001FE0E716130720036340F71A15476386E7129F
S31520001FF01547634AF7181147638DE70E1147634467
S31520002000F7180D47638CE70A0D47634EF716094705
S315200020106385E70609476348F71689C70547638F2F
S31520002020E70095A28327C4F49C433E85EF20401009
S31520002030AA873E878327C4F498C3B1A28327C4F412
S315200020409C433E858327C4F491079C43BE85832702
S31520002050C4F4A1079C433E868327C4F4B1079C435E
S31520002060BE868327C4F4C1079C433E878327C4F4D6
S31520002070D1079C43EF10B04D39A28327C4F49C436B
S315200020803E858327C4F491079C43BE858327C4F4E9
S31520002090A1079C433E868327C4F4B1079C43BE8692
S315200020A08327C4F4C1079C431397070141838327E1
S315200020B0C4F4D1079C43EF10F037F1A08327C4F472
S315200020C09C433E858327C4F491079C43BE85832782
S315200020D0C4F4A1079C433E868327C4F4B1079C43DE
S315200020E0BE868327C4F4C1079C433E87EF10301D6C
S315200020F059A88327C4F49C433E878327C4F49107B9
S315200021009C43BE868327C4F4A1079C433E86B6859E
S315200021103A85EF10107585A88327C4F49C433E8723
S315200021208327C4F491079C43BE868327C4F4A10762
S315200021309C433E86B6853A85EF103013A9A08327A7
S31520002140C4F49C433E851D253DA88327C4F49C43A7
S315200021503E85EF009074AA873E878327C4F498C3F0
S315200021601DA08327C4F49C433E878327C4F491078C
S315200021709C43BE853A85EF00906CAA873E878327CD
S31520002180C4F498C30100F3221034910273901234E0
S315200021900100FA50DA5273903200EA524A53BA5387
S315200021A02A541A558A557A46EA465A47CA473A4819
S315200021B0AA481A4E8A4E765FE65F7660E6605661DA
S315200021C0C6613662A662166386637275E2755276BA
S315200021D0C2763277A27712788278726EE26E526F6A
S315200021E0C26F296173002030797106D622D4001877
S315200021F0232EA4FC930784FE2320F4FEBE882320EE
S31520002200F4FE232404FE8327C4FD2322F4FE930731
S3152000221044FE2326F4FEB7C70120D1073727002026
S31520002220130707F598C373000000832744FE3E85F5
S31520002230B2502254456182801D7186CEA2CC801078
S31520002240232EA4FA232CB4FA232AC4FA2328D4FA58
S315200022502326E4FA2324F4FA930784FE2326F4FCA7
S31520002260BE882326F4FC85472324F4FE8327C4FB5B
S315200022702328F4FC832784FB232AF4FC832744FBAE
S31520002280232CF4FC832704FB232EF4FC8327C4FA97
S315200022902320F4FE832784FA2322F4FE930704FDE9
S315200022A02326F4FE730000000100F64066442561F3
S315200022B082801D7186CEA2CC8010232EA4FA232CD8
S315200022C0B4FA232AC4FA2328D4FA2326E4FA2324A8
S315200022D0F4FA930784FE2326F4FCBE882326F4FC16
S315200022E089472324F4FE8327C4FB2328F4FC832771
S315200022F084FB232AF4FC832744FB232CF4FC83272A
S3152000230004FB232EF4FC8327C4FA2320F4FE832720
S3152000231084FA2322F4FE930704FD2326F4FE730099
S3152000232000000100F6406644256182801D7186CE3C
S31520002330A2CC8010232EA4FA232CB4FA232AC4FA82
S315200023402328D4FA2326E4FA930784FE2326F4FCD2
S31520002350BE882326F4FC8D472324F4FE8327C4FB62
S315200023602328F4FC832784FB232AF4FC832744FBBD
S31520002370232CF4FC832704FB232EF4FC8327C4FAA6
S315200023802320F4FE930704FD2326F4FE73000000A9
S315200023900100F6406644256182805D7186C6A2C42E
S315200023A08008232EA4FA232CB4FA232AC4FA9307EE
S315200023B084FE2326F4FCBE882326F4FC914723249E
S315200023C0F4FE8327C4FB2328F4FC832784FB232ADB
S315200023D0F4FC832744FB232CF4FC930704FD2326DB
S315200023E0F4FE730000000100B6402644616182803D
S315200023F05D7186C6A2C48008232EA4FA232CB4FAC3
S31520002400232AC4FA930784FE2326F4FCBE882326B7
S31520002410F4FC95472324F4FE8327C4FB2328F4FCED
S31520002420832784FB232AF4FC832744FB232CF4FCF8
S31520002430930704FD2326F4FE730000000100B64036
S31520002440264461618280797106D622D40018232E13
S31520002450A4FC930784FE2320F4FEBE882320F4FEEA
S31520002460930760042324F4FE8327C4FD2322F4FE6D
S31520002470930744FE2326F4FE73000000832744FEC0
S315200024803E85B250225445618280397106DE22DCB7
S3152000249080002326A4FC2324B4FC930784FE232E49
S315200024A0F4FCBE88232EF4FC930770042324F4FE48
S315200024B08327C4FC2320F4FE832784FC2322F4FEF6
S315200024C0930704FE2326F4FE73000000832704FEF0
S315200024D03E85F250625421618280797106D622D4DB
S315200024E00018232EA4FC930784FE2320F4FEBE8826
S315200024F02320F4FE930720032324F4FE8327C4FD20
S315200025002322F4FE930744FE2326F4FE73000000E4
S315200025100100B250225445618280011106CE22CCA0
S315200025200010232604FE232404FEB71702409843F6
S31520002530B71702401367170098C3B71702409107D1
S315200025409443B717024091073707FFF8758F98C352
S31520002550B71702409443B71702403707F7FE7D1797
S31520002560758F98C3B71702409443B71702403707B1
S31520002570FCFF7D17758F98C3B717024091079443C8
S31520002580B71702409107370781FF7D17758F98C3CC
S31520002590B71702409443B7170240370700EC7D1760
S315200025A0758F98C3B7170240A1073707FF0098C356
S315200025B0B71702409387C70223A00700B717024028
S315200025C09443B71702404167558F98C3B717024007
S315200025D09843B7070200F98F2324F4FE8327C4FE0D
S315200025E085072326F4FE832784FE99E70327C4FE66
S315200025F09307401FE31CF7FCB71702409843B70721
S315200026000200F98F99E38547E1A0B71702401387A7
S315200026104700B71702409107184398C3B7170240DF
S3152000262013874700B71702409107184398C3B71777
S3152000263002409387C7029843B71702409387C70281
S315200026401367074098C3B717024091079443B717FB
S31520002650024091073707C1FF7D17758F98C3B717BB
S31520002660024091079443B717024091074167558F5F
S3152000267098C3B71702409443B717024037070001A3
S31520002680558F98C30100B71702409843B707000239
S31520002690F98FF5DBB717024091079843B717024029
S315200026A09107719B98C3B717024091079843B717B4
S315200026B0024091071367270098C30100B71702400D
S315200026C091079C4313F7C700A147E319F7FE8147FB
S315200026D03E85F240624405618280411106C622C4CD
S315200026E00008B71700409387074023900700B717C5
S315200026F000409387474023900700B71700409387F1
S31520002700C74023900700B7170040938707412390BF
S315200027100700B7170040938787421307F0082390D6
S31520002720E700B71700409387C7421307703E2390F0
S31520002730E700B71700409387074005472390E70037
S315200027400100B71700409387074183D70700C207C8
S31520002750C183858BFDD7B717004093870740239009
S3152000276007000100B240224441018280011106CEB9
S3152000277022CC00102326A4FE11A085378327C4FE71
S315200027801387F7FF2326E4FEEDFB01000100F2404C
S31520002790624405618280411106C622C40008B7172B
S315200027A000409387074023900700B7170040938780
S315200027B0074123900700B71700409387874223904D
S315200027C00700B71700409387C7421307F0082390E6
S315200027D0E700B71700409387074005472390E70097
S315200027E00100B71700409387074183D70700C20728
S315200027F0C183858BFDD7B717004093870740239069
S3152000280007000100B240224441018280011106CE18
S3152000281022CC00102326A4FE11A0B53F8327C4FE98
S315200028201387F7FF2326E4FEEDFB01000100F240AB
S31520002830624405618280411106C622C40008B7178A
S3152000284000409387074023900700B71700409387DF
S31520002850074123900700B7170040938787422390AC
S315200028600700B71700409387C74279472390E700B0
S31520002870B71700409387074005472390E7000100DC
S31520002880B71700409387074183D70700C207C18344
S31520002890858BFDD7B7170040938707402390070005
S315200028A00100B240224441018280411106C622C461
S315200028B0000851370100B240224441018280411173
S315200028C006C622C40008B7170240E1079443B7178B
S315200028D00240E10705673507558F98C3B7170240B1
S315200028E0B1079443B7170240B10705673507558FDF
S315200028F098C3B7170240B1079443B7170240B107F0
S315200029007D774917758F98C3B7170140938747C0BE
S315200029109843B7170140938747C04207418398C31E
S31520002920B7170140938747C09443B7170140938751
S3152000293047C037073333558F98C3B717014093875E
S3152000294007809443B7170140938707803707100005
S315200029507D17758F98C3B7170140938707809443D7
S31520002960B7170140938707803707B0B4558F98C3B0
S31520002970B71701409387C78083D7070013970701AE
S315200029804183B71701409387C7801367070442071F
S3152000299041832390E700B71701409387C7C083D7A9
S315200029A0070093960701C182B71701409387C7C0D6
S315200029B06177558F420741832390E700B71701407F
S315200029C09387C7C083D7070093960701C182B7179D
S315200029D001409387C7C00567558F420741832390DF
S315200029E0E700B737014023900700B737014023920D
S315200029F00700B73701401307C0302390E700B737E9
S31520002A000140239E0700B73701401D472398E70062
S31520002A10B737014083D70700139707014183B7379C
S31520002A20014013670704420741832390E700B787D5
S31520002A3000209387C77023900700B78700209387CD
S31520002A40C77023910700B78700209387C77023920A
S31520002A500700B78700209387C77023830700B787AF
S31520002A6000209387C77023940700B7870020938799
S31520002A70C77023950700B78700209387C7702396D2
S31520002A8007000100B240224441018280797106D6B6
S31520002A9022D40018232EA4FCAE87A30DF4FC231702
S31520002AA004FE8327C4FD83D787002317F4FE8357AC
S31520002AB0E4FE898B91E3F5B701008347B4FD1397B4
S31520002AC0070141838327C4FD2396E7008327C4FD9E
S31520002AD083D787002317F4FE8357E4FE858B91E383
S31520002AE0F5B701008327C4FD83D7C700C207C1837A
S31520002AF093F7F70F3E85B250225445618280797153
S31520002B0006D622D40018AA87A30FF4FCA30704FE36
S31520002B10A30704FE65A08307F4FD63D40702B71755
S31520002B200140B10783D70700139707014183B717E1
S31520002B300140B10713674700420741832390E7000E
S31520002B400DA0B7170140B10783D7070013970701D8
S31520002B504183B7170140B1076D9B420741832390FC
S31520002B60E7008347F4FD8607A30FF4FCB71701405F
S31520002B70B10783D70700139707014183B717014091
S31520002B80B1073D9B420741832390E7000545BD39A8
S31520002B90B7170140B10783D7070013970701418371
S31520002BA0B7170140B10713670701420741832390F6
S31520002BB0E7008347F4FE8507A307F4FE0347F4FEE8
S31520002BC09D47E3FAE7F401000100B2502254456123
S31520002BD08280797106D622D40018AA87A30FF4FC26
S31520002BE0A30704FE231604FE231504FEB71701408F
S31520002BF0B10783D70700139707014183B717014011
S31520002C00B1073D9B420741832390E700B717014058
S31520002C10B10783D70700139707014183B7170140F0
S31520002C20B1076D9B420741832390E700B717014008
S31520002C30B10783D70700139707014183B7170140D0
S31520002C40B1075D9B420741832390E7008347F4FD4C
S31520002C503E85753519455D3EB7170140B10783D7C7
S31520002C600700139707014183B7170140B1073D9B22
S31520002C70420741832390E7000545493EB7170140A7
S31520002C80B10783D70700139707014183B717014080
S31520002C90B10713670701420741832390E7000545E3
S31520002CA0B536B7170140B10783D707001397070139
S31520002CB04183B7170140B1073D9B420741832390CB
S31520002CC0E700A30704FE59A08357C4FE86072316F0
S31520002CD0F4FEB7170140B10783D707001397070102
S31520002CE04183B7170140B1073D9B4207418323909B
S31520002CF0E7000545213EB7170140B10783D70700F6
S31520002D00139707014183B7170140B10713670701DE
S31520002D10420741832390E700B7170140A10783D7D5
S31520002D2007002315F4FEB7170140A10783D7070034
S31520002D30C207C183898B91C78357C4FE8507231693
S31520002D40F4FE8347F4FE8507A307F4FE0347F4FE4B
S31520002D50BD47E3FBE7F68357C4FE91832316F4FEB3
S31520002D60B7170140B10783D707001397070141839F
S31520002D70B7170140B10713678700420741832390A5
S31520002D80E7008357C4FE3E85B250225445618280B7
S31520002D90397106DE22DC26DA8000AA87A307F4FC36
S31520002DA0231504FE231704FE2DA08354E4FE834737
S31520002DB0F4FC3E85393DAA87BE869307C4FD13974A
S31520002DC01400BA972390D7008357E4FE850723176C
S31520002DD0F4FE0357E4FE9147E3F9E7FC231704FECC
S31520002DE061A88357E4FE85072316F4FEA5A803579A
S31520002DF0E4FE9307C4FD0607BA9703D70700835658
S31520002E00C4FE9307C4FD8606B69783D7070063F6EC
S31520002E10E7040357E4FE9307C4FD0607BA9783D752
S31520002E2007002314F4FE0357C4FE8356E4FE9307DB
S31520002E30C4FD0607BA9703D707009307C4FD860685
S31520002E40B6972390E7000357C4FE9307C4FD0607F1
S31520002E50BA97035784FE2390E7008357C4FE85075D
S31520002E602316F4FE0357C4FE9147E3F2E7F883578F
S31520002E70E4FE85072317F4FE0357E4FE8D47E3F2AD
S31520002E80E7F6231504FE85472317F4FE1DA00357F6
S31520002E90E4FE9307C4FD0607BA9783D707000357B6
S31520002EA0A4FEBA972315F4FE8357E4FE850723175D
S31520002EB0F4FE0357E4FE8D47E3FBE7FC0357A4FE2D
S31520002EC0B7B7AAAA9387B7AAB337F702858323147D
S31520002ED0F4FE835784FE3E85F2506254D25421611B
S31520002EE08280797106D622D40018232EA4FC232CA6
S31520002EF0B4FC1305000D693DAA872317F4FE1305BC
S31520002F0000097935AA872316F4FE8327C4FD0357C3
S31520002F10E4FE2390E700832784FD0357C4FE239015
S31520002F20E70085473E85B2502254456182807971FB
S31520002F3006D622D40018232EA4FC232CB4FC130777
S31520002F40A4FE9307C4FEBA853E85613FAA87A307E0
S31520002F50F4FE8347F4FE99E38147E9A8130764FE4C
S31520002F60930784FEBA853E85AD3FAA87A307F4FE64
S31520002F708347F4FE99E3814775A8035784FE835758
S31520002F80C4FE63EAE700835784FE9387170303573B
S31520002F90C4FE63D0E7020357C4FE835784FE63EA68
S31520002FA0E7088357C4FE93871703035784FE63C23B
S31520002FB0E708035764FE8357A4FE63EAE7008357B6
S31520002FC064FE938717030357A4FE63D0E7020357D3
S31520002FD0A4FE835764FE63EEE7048357A4FE93871B
S31520002FE01703035764FE63C6E7048357C4FE3E8770
S31520002FF0835784FEBA9713D7F701BA978587139715
S31520003000070141838327C4FD2390E7008357A4FE4D
S315200030103E87835764FEBA9713D7F701BA978587F9
S31520003020139707014183832784FD2390E700854773
S3152000303011A081473E85B2502254456182800111FC
S3152000304006CE22CC00102326A4FE2324B4FEB78766
S3152000305000209387C77183C78700E207E18763D87B
S315200030600702B78700209387C77183D747003E871B
S315200030708327C4FE98C3B78700209387C77183D759
S3152000308067003E87832784FE98C3854711A0814722
S315200030903E85F240624405618280797106D622D44B
S315200030A00018232EA4FCB7170140A10783D70700D9
S315200030B0C207C183858B639F07108327C4FD99CBE5
S315200030C0B787002093852772B7870020138507725C
S315200030D0B93D75A0B787002093852772B787002052
S315200030E013850772A935AA87D9CBB787002093877E
S315200030F0C77183D747003E87BA878A07BA979A0748
S3152000310013D72700B707082093871720B337F7026E
S315200031109D8313070014B307F7402326F4FEB787D1
S3152000312000209387C77183D767003E87BA879207A7
S31520003130998F960713D72700B7070820938717205C
S31520003140B337F7029D831307001EB307F7402324E6
S31520003150F4FE832784FE139707014183B787002057
S315200031609387C7712392E7008327C4FE139707012D
S315200031704183B78700209387C7712393E700B787DA
S3152000318000209387C77183C78700E207E18763C85A
S31520003190070AB78700209387C771130700FC23848B
S315200031A0E700B78700209387C77103D74700B78703
S315200031B000209387C7712390E700B7870020938765
S315200031C0C77103D76700B78700209387C7712391FC
S315200031D0E700B5A0B78700209387C77183C787000C
S315200031E0E207E18763D30702B78700209387C77179
S315200031F083C7870093F7F70713F7F70FB7870020E2
S315200032009387C7712384E7001DA8B787002093877B
S31520003210C77123900700B78700209387C771239132
S315200032200700B78700209387C7717D572392E70051
S31520003230B78700209387C7717D572393E700B78709
S3152000324000209387C77183C7870093F707083E85B9
S31520003250B250225445618280011106CE22CC001044
S31520003260AA87A307F4FEB71701409387C7C083D761
S31520003270070093960701C182B71701409387C7C0FD
S3152000328021677D17758F420741832390E700B71783
S3152000329001409387C7C083D7070093960701C18251
S315200032A0B71701409387C7C071777D17758F42077F
S315200032B041832390E7008347F4FEBE8537350140DE
S315200032C0EFF0CFFCB71701409387C7C083D707001D
S315200032D093960701C182B71701409387C7C06177CC
S315200032E0558F420741832390E7000100F240624454
S315200032F005618280011106CE22CC0010AA87A30781
S31520003300F4FEB71701409387C7C083D7070093966B
S315200033100701C182B71701409387C7C021677D1770
S31520003320758F420741832390E700B71701409387A3
S31520003330C7C083D7070093960701C182B7170140FC
S315200033409387C7C01167558F420741832390E700B3
S315200033508347F4FEBE8537350140EFF02FF3B717CC
S3152000336001409387C7C083D7070093960701C18280
S31520003370B71701409387C7C06177558F42074183AE
S315200033802390E7000100F24062440561828001112A
S3152000339006CE22CC0010AA872317F4FEB7170140C9
S315200033A09387C7C083D7070093960701C182B717B3
S315200033B001409387C7C021677D17758F42074183D8
S315200033C02390E700B71701409387C7C083D707002C
S315200033D093960701C182B71701409387C7C011672B
S315200033E0558F420741832390E700B787002083A7A4
S315200033F08772898B9DC78357E4FEA183C207C18349
S3152000340093F7F70FBE8537350140EFF02FE8835746
S31520003410E4FE93F7F70FBE8537350140EFF00FE74F
S315200034208DA0B787002083A78772858BB9CB83575A
S31520003430E4FEA183C207C18393F7F70FE19B93F7BD
S31520003440F70FBE8537350140EFF04FE48357E4FE92
S315200034508D83C207C18393F7F70FF19B93F7F70F7D
S31520003460BE8537350140EFF06FE28357E4FE93F7D0
S31520003470F70F8E0793F7F70FBE8537350140EFF02C
S31520003480EFE0B71701409387C7C083D7070093960D
S315200034900701C182B71701409387C7C06177558F4F
S315200034A0420741832390E7000100F2406244056110
S315200034B08280011106CE22CC0010AA8736872317D8
S315200034C0F4FEAE872316F4FEB2872315F4FEBA87E0
S315200034D02314F4FEB78700209387C77083D7A700ED
S315200034E093F7F70F3E858D3B8357E4FEA183C207F2
S315200034F0C18393F7F70F3E85F53B8357E4FE93F799
S31520003500F70F3E85C53B8357A4FEA183C207C1831F
S3152000351093F7F70F3E85F93B8357A4FE93F7F70FF2
S315200035203E85C93B01450D3BB78700209387C77071
S3152000353083D7C70093F7F70F3E85393B8357C4FEE1
S31520003540A183C207C18393F7F70F3E85653383575F
S31520003550C4FE93F7F70F3E85713B835784FEA18304
S31520003560C207C18393F7F70F3E856933835784FEDD
S3152000357093F7F70F3E85BD3B0145F939B787002004
S315200035809387C77083D7870093F7F70F3E85E93176
S315200035900100F240624405618280797106D622D408
S315200035A00018AA87231FF4FCB78700209387C770CB
S315200035B083D70700FD17139707014183B78700209C
S315200035C09387C77083D72700FD17C207C183BE869E
S315200035D03A8681450145F13DB71701409387C7C01B
S315200035E083D7070093960701C182B71701409387B7
S315200035F0C7C021677D17758F420741832390E70057
S31520003600B71701409387C7C083D707009396070152
S31520003610C182B71701409387C7C01167558F4207EC
S3152000362041832390E700232604FE2DA8232404FEAD
S3152000363011A88357E4FD3E85993B832784FE8507A1
S315200036402324F4FEB78700209387C77083D707000B
S315200036503E87832784FEE3EEE7FC8327C4FE8507A7
S315200036602326F4FEB78700209387C77083D72700C9
S315200036703E878327C4FEE3EBE7FAB717014093871B
S31520003680C7C083D7070093960701C182B7170140A9
S315200036909387C7C06177558F420741832390E70000
S315200036A00100B250225445618280011106CE22CCFF
S315200036B00010AA872E872317F4FEBA872316F4FE56
S315200036C08356C4FE0356E4FE0357C4FE8357E4FE26
S315200036D0BA853E85F93B0100F2406244056182804D
S315200036E0011106CE22CC00102326A4FEB787002087
S315200036F09387C7701307A0022395E700B78700209A
S315200037009387C7701307B0022396E700B787002078
S315200037109387C7701307C0022394E7008327C4FE4C
S3152000372013F7F70FB78700209387C7702383E70027
S315200037300327C4FE8D47630FF70A0327C4FE8D4770
S3152000374063C1E70E0327C4FE8947630EF7060327E6
S31520003750C4FE894763C7E70C8327C4FE99C703279E
S31520003760C4FE8547630AF7026DA8B78700209387B2
S31520003770C770130700142390E700B78700209387AC
S31520003780C7701307001E2391E70013056003E93471
S3152000379013058004853679A0B78700209387C770E4
S315200037A01307001E2390E700B78700209387C77072
S315200037B0130700142391E70013056003713C1305DA
S315200037C080020D3E85A0B78700209387C770130718
S315200037D000142390E700B78700209387C77013074C
S315200037E0001E2391E70013056003BD3413058008EE
S315200037F011360DA8B78700209387C7701307001EC0
S315200038002390E700B78700209387C770130700141B
S315200038102391E7001305600381341305800ED93CFC
S3152000382011A001000100F240624405618280797195
S3152000383006D622D40018AA87231FF4FCAE87231E9F
S31520003840F4FCB287231DF4FCB687231CF4FCBA874C
S31520003850231BF4FC8357A4FD3E878357E4FDB3075F
S31520003860F740C207C18385072315F4FE835784FDDD
S315200038703E878357C4FDB307F740C207C183850738
S315200038802314F4FE835684FD0356A4FD0357C4FD7A
S315200038908357E4FDBA853E852939B71701409387BA
S315200038A0C7C083D7070093960701C182B717014087
S315200038B09387C7C021677D17758F42074183239061
S315200038C0E700B71701409387C7C083D707009396B1
S315200038D00701C182B71701409387C7C01167558F6B
S315200038E0420741832390E700231704FE05A82316E9
S315200038F004FE11A8835764FD3E85513C8357C4FEC0
S3152000390085072316F4FE0357C4FE8357A4FEE363FC
S31520003910F7FE8357E4FE85072317F4FE0357E4FEDC
S31520003920835784FEE365F7FCB71701409387C7C02A
S3152000393083D7070093960701C182B7170140938763
S31520003940C7C06177558F420741832390E700010066
S31520003950B250225445618280397106DE22DC800015
S31520003960232EA4FC232CB4FC232AC4FC2328D4FC19
S315200039702326E4FC2324F4FC832784FCA5C3032705
S3152000398044FD8327C4FDB307F7402326F4FE2DA864
S31520003990032704FD832784FDBA970326C4FCBE852E
S315200039A00325C4FED920032704FD832784FDB307FE
S315200039B0F7400326C4FCBE850325C4FE7D2083274D
S315200039C0C4FE85072326F4FE032744FD8327C4FD72
S315200039D0BA970327C4FEE3DDE7FA59A00327C4FDFF
S315200039E0832744FDB306F700032784FD832704FDC0
S315200039F0BA970326C4FCBE8536858528032744FD51
S31520003A008327C4FDB306F740032784FD832704FDDF
S31520003A10BA970326C4FCBE85368581280327C4FDB4
S31520003A20832744FDB306F700032704FD832784FD7F
S31520003A30B307F7400326C4FCBE8536853D20032701
S31520003A4044FD8327C4FDB306F740032704FD8327DF
S31520003A5084FDB307F7400326C4FCBE853685312096
S31520003A600100F250625421618280011106CE22CCDF
S31520003A7000102326A4FE2324B4FE2322C4FE83277B
S31520003A80C4FEC207C183032784FE420741838326DF
S31520003A90C4FE139606014182832684FEC206C18295
S31520003AA0BA853E853934832744FEC207C1833E85C5
S31520003AB0EFF0FF8D0100F2406244056182801D71A6
S31520003AC086CEA2CC8010232EA4FA232CB4FA232A45
S31520003AD0C4FA2328D4FA2326E4FA232404FE232234
S31520003AE004FE032744FB8327C4FBB307F7402320A8
S31520003AF0F4FE032704FB832784FBB307F740232E1A
S31520003B00F4FC8327C4FB2326F4FC832784FB23248D
S31520003B10F4FC832704FE6356F0008547232AF4FC31
S31520003B2005A0832704FE81E7232A04FC11A8FD575C
S31520003B30232AF4FC832704FEB307F0402320F4FE57
S31520003B408327C4FD6356F00085472328F4FC05A08F
S31520003B508327C4FD81E7232804FC11A8FD572328C9
S31520003B60F4FC8327C4FDB307F040232EF4FC03277F
S31520003B7004FE8327C4FD63D7E700832704FE232C96
S31520003B80F4FC29A08327C4FD232CF4FC231704FE70
S31520003B9069A00326C4FA832584FC0325C4FCF135D9
S31520003BA0032784FE832704FEBA972324F4FE0327E3
S31520003BB044FE8327C4FDBA972322F4FE032784FEFE
S31520003BC0832784FD63D1E702032784FE832784FDB0
S31520003BD0B307F7402324F4FE0327C4FC832744FDC0
S31520003BE0BA972326F4FC032744FE832784FD63D15A
S31520003BF0E702032744FE832784FDB307F7402322E9
S31520003C00F4FE032784FC832704FDBA972324F4FCBF
S31520003C108357E4FE85072317F4FE0357E4FE832724
S31520003C2084FD8507E3D7E7F601000100F6406644E8
S31520003C3025618280797106D622D400182326A4FE17
S31520003C402324B4FE2322C4FE2320D4FE232CF4FCFA
S31520003C50BA87231FF4FC832784FDA9CB8327C4FEC0
S31520003C60139507014181832784FE93950701C1811E
S31520003C708327C4FE139707014183832744FEC20787
S31520003C80C183BA97139607014182832784FE13972F
S31520003C9007014183832704FEC207C183BA97C2075F
S31520003CA0C1830357E4FDBE86593669A80327C4FE9F
S31520003CB0832744FEBA970357E4FD832684FE3E8677
S31520003CC0832584FE0325C4FEDD3B032784FE83274C
S31520003CD004FEBA970357E4FDBE860326C4FE832559
S31520003CE084FE0325C4FEE13B0327C4FE832744FE4E
S31520003CF03305F7000327C4FE832744FE3306F70067
S31520003D00032784FE832704FEBA970357E4FDBE8665
S31520003D10832584FE6D33032784FE832704FEB305A3
S31520003D20F7000327C4FE832744FE3306F700032744
S31520003D3084FE832704FEBA970357E4FDBE86032537
S31520003D40C4FEB53B0100B2502254456182805D71AC
S31520003D5086C6A2C480082326A4FC2324B4FC2322DE
S31520003D60C4FC2320D4FC232EE4FA232CF4FA2320AB
S31520003D7004FE832704FC232EF4FC832704FC3387CC
S31520003D80F702832744FCB386F702832704FCB38714
S31520003D90F602B307F74053F707D0832744FCD3F640
S31520003DA007D0B787002087A7C73ED3F6F61083270C
S31520003DB044FCD3F707D0D3F7F610D377F70027269E
S31520003DC0F4FE832704FC3387F702832704FEB30718
S31520003DD0F7028607D3F707D02724F4FE832744FC6F
S31520003DE03387F7028327C4FDB307F7028607D3F785
S31520003DF007D02722F4FECDA0832784FB0327C4FB0C
S31520003E00832684FC0326C4FC8325C4FD032504FEE7
S31520003E10A1368727C4FE530700F0D397E7A091E386
S31520003E20A1A0832704FE85072320F4FE832704FC14
S31520003E30B387F7028607D3F707D0072784FED37701
S31520003E40F7002724F4FE0727C4FE872784FE53772E
S31520003E50F700832704FCB387F702D3F707D0D3777D
S31520003E60F7002726F4FE8DA8832704FE8507232046
S31520003E70F4FE8327C4FDFD17232EF4FC832704FCC0
S31520003E80B387F7028607D3F707D0072784FED377B1
S31520003E90F7002724F4FE832744FCB387F70286071E
S31520003EA0D3F707D0072744FED377F7082722F4FE57
S31520003EB00727C4FE872784FE5377F700872744FE0B
S31520003EC05377F708832704FCB387F702D3F707D085
S31520003ED0D377F7002726F4FE072784FE872744FE9C
S31520003EE0D317F7A091FB832704FCB387F70253F778
S31520003EF007D0832704FED3F607D0B787002087A7ED
S31520003F00073FD3F6F600832704FE53F607D0B7877C
S31520003F10002087A7073FD377F600D3F7F61053770D
S31520003F20F710832744FC3387F7028327C4FD938643
S31520003F30F7FF8327C4FDFD17B387F602B307F70201
S31520003F40D3F707D05377F700832744FC3387F7024C
S31520003F50832704FC3307F702832704FCB307F70201
S31520003F60D3F707D0D377F708272CF4FCCDA08327E7
S31520003F7084FB0327C4FB832684FC0326C4FC8325F9
S31520003F80C4FD032504FEC93A872784FD530700F0A4
S31520003F90D317F7A091E3A1A08327C4FDFD17232EF5
S31520003FA0F4FC832744FCB387F7028607D3F707D0B0
S31520003FB0072744FED377F7082722F4FE832744FCFD
S31520003FC0B387F70253F707D0872784FD5377F70087
S31520003FD0872744FED377F708272CF4FC8DA8832760
S31520003FE0C4FDFD17232EF4FC832704FE850723201A
S31520003FF0F4FE832704FCB387F7028607D3F707D09E
S31520004000072784FED377F7002724F4FE832744FC72
S31520004010B387F7028607D3F707D0072744FED3775F
S31520004020F7082722F4FE072784FD872784FE537787
S31520004030F700872744FE5377F708832744FCB38786
S31520004040F702D3F707D0D377F700272CF4FC832782
S31520004050C4FDE3DE07F001000100B640264461619D
S315200040608280011106CE22CC00102326A4FE232412
S31520004070B4FE2322C4FE8327C4FE138547FF83276D
S31520004080C4FEB507032744FE832684FE3E86832589
S3152000409084FE3534832784FE938547FF832784FE59
S315200040A0B507032744FEBE860326C4FE0325C4FEA9
S315200040B039348327C4FE13871700832784FE850798
S315200040C0032644FEBE853A854D328327C4FE1387D8
S315200040D0F7FF832784FE8507032644FEBE853A859F
S315200040E069328327C4FE13871700832784FEFD17B2
S315200040F0032644FEBE853A858D3A8327C4FE138760
S31520004100F7FF832784FEFD17032644FEBE853A85E6
S31520004110A93A8147032744FE99461946832584FEFA
S315200041200325C4FE2D310100F240624405618280E0
S31520004130011106CE22CC00102326A4FE8327C4FE1E
S315200041409D8B09476345F7006349F00021A011477D
S315200041506385E70081476F0050070100B78700207D
S315200041600327C4FE23A4E7728327C4FEC18BE1C3C1
S31520004170B7170240E1079843B7170240E1071367D4
S31520004180070198C3B7170240B1079843B7170240F3
S31520004190B1071367070198C3B7170240B1079843C1
S315200041A0B7170240B1073D9B98C3B7170140944308
S315200041B0B71701403707F0FF758F98C3B71701402F
S315200041C09443B71701403737030013074734558FF9
S315200041D098C3B7170140B1070D472390E700B7876B
S315200041E000209387C77123900700B7870020938705
S315200041F0C77123910700B78700209387C771239241
S315200042000700B78700209387C77123930700B787D6
S3152000421000209387C77123840700B78700209385E2
S315200042202772B787002013850772EFE09FCB010026
S31520004230EFE0AFAEAA87EDFFB7170240F10798432C
S31520004240B7170240F1071367070298C3B717024052
S31520004250C1079843B7170240C1071367070298C3DF
S31520004260B7170240C1079843B7170240C107137713
S31520004270F7FD98C3B71700409387074023900700A0
S31520004280EFE0EFE3B71701409387C7C083D7070056
S3152000429093960701C182B71701409387C7C07977E4
S315200042A07D17758F420741832390E700B71701409A
S315200042B09387C7C083D7070093960701C182B71794
S315200042C001409387C7C07D777D17758F420741834D
S315200042D02390E7001305800CEFE04FC9B717014084
S315200042E09387C7C083D7070093960701C182B71764
S315200042F001409387C7C00567558F420741832390A6
S31520004300E70013058007EFE06FC60545EFE0DFF411
S315200043108327C4FE898B638707241305000FEFE0EC
S31520004320BFF31305300CEFE0FFFC1305000FEFE0A1
S31520004330BFF213056009EFE0FFFB13056003EFE012
S31520004340BFF113058006EFE0FFFA1305A003EFE0A7
S31520004350BFF01545EFE01FFA1305000BEFE0DFEF86
S3152000436013050008EFE01FF91305600BEFE0DFEE01
S315200043700145EFE03FF80945EFE0DFF71305500B65
S31520004380EFE09FED0945EFE0FFF60D45EFE09FF6E4
S315200043900145EFE03FF61145EFE0DFF51305100B81
S315200043A0EFE09FEB13050008EFE0DFF44145EFE077
S315200043B07FF41305400BEFE03FEA0145EFE09FF362
S315200043C01305700BEFE05FE91305600CEFE09FF239
S315200043D01305500CEFE05FE813054002EFE09FF174
S315200043E01305400EEFE05FE713051003EFE09FF0A3
S315200043F01305800EEFE05FE613050004EFE09FEF64
S315200044001305A008EFE01FEF0145EFE0BFEE0145E1
S31520004410EFE05FEE13059002EFE0DFED6545EFE09C
S315200044207FED1305500AEFE0FFEC13053003EFE0B4
S315200044307FEC1305200CEFE03FE21305700AEFE056
S31520004440BFE11305000EEFE03FE11305000FEFE09B
S315200044507FEA2545EFE01FEA4D45EFE0BFE94945F4
S31520004460EFE05FE94945EFE0FFE81305B002EFE032
S315200044707FE81305C003EFE0FFE713054004EFE0F4
S315200044807FE71305B004EFE0FFE66D45EFE09FE61A
S315200044906145EFE03FE65D45EFE0DFE57545EFE09E
S315200044A07FE513051002EFE0FFE41305100EEFE0A1
S315200044B0BFDA1305000FEFE0FFE32545EFE09FE3AA
S315200044C04D45EFE03FE33145EFE0DFE23545EFE0F4
S315200044D07FE213057002EFE0FFE11305B003EFE082
S315200044E07FE113054004EFE0FFE01305D004EFE081
S315200044F07FE02D45EFE01FE05D45EFE0BFDF5D4546
S31520004500EFE05FDF7545EFE0FFDE13051002EFE019
S315200045107FDE13056003EFE03FD41305C00EEFE006
S315200045207FDD1305000FEFE03FD31305300CEFE0DE
S315200045307FDC1305000FEFE03FD213059006EFE076
S315200045407FDB4D45EFE05FD14D45EFE0FFD04545A0
S31520004550EFE09FD013059002EFE01FD00545EFF066
S315200045602F9811A18327C4FE858B6387071E130509
S31520004570700FEFE07FCE1305900AEFE0BFD713054B
S315200045801005EFE03FD71305C002EFE0BFD61305B5
S315200045902008EFE03FD61305000CEFE0FFCB4545A2
S315200045A0EFE05FD52545EFE0FFD41305100CEFE0D3
S315200045B0BFCA13054004EFE0FFD31305500CEFE00C
S315200045C0BFC90145EFE01FD32945EFE0BFD2130550
S315200045D00008EFE03FD21305100BEFE0FFC71305ED
S315200045E0000BEFE03FD14545EFE0DFD01305400B50
S315200045F0EFE09FC60945EFE0FFCF1305600BEFE024
S31520004600BFC50945EFE01FCF0945EFE0BFCE130533
S31520004610B003EFE03FCE1305700BEFE0FFC31305A9
S31520004620600CEFE03FCD1305E00BEFE0FFC2014544
S31520004630EFE05FCC1145EFE0FFCB1305900EEFE0E6
S31520004640BFC10145EFE01FCB13056003EFE0DFC0DC
S3152000465013058004EFE01FCA1305A003EFE0DFBFB8
S315200046601945EFE03FC91305000EEFE0FFBE0145F7
S31520004670EFE05FC81D45EFE0FFC74145EFE09FC76C
S315200046802545EFE03FC75D45EFE0DFC62D45EFE06E
S315200046907FC613051004EFE0FFC513059008EFE071
S315200046A07FC51305B004EFE0FFC42945EFE09FC4A2
S315200046B03145EFE03FC43945EFE0DFC36145EFE028
S315200046C07FC36D45EFE01FC33D45EFE0BFC2130535
S315200046D0100EEFE07FB80145EFE0DFC15D45EFE06A
S315200046E07FC16945EFE01FC11145EFE0BFC03945E5
S315200046F0EFE05FC01945EFE0FFBF1305F002EFE0E2
S315200047007FBF13055004EFE0FFBE13053004EFE032
S315200047107FBE0945EFE01FBE2945EFE0BFBD254519
S31520004720EFE05FBD13052003EFE0DFBC1305600358
S31520004730EFE05FBC3D45EFE0FFBB4545EFE0DFB175
S315200047401305800CEFE08F8213059002EFE0DFB0B7
S315200047500545EFE0FFF801AC8327C4FE918B638407
S3152000476007201305100FEFE03FAF13056003EFE0BE
S315200047707FB81145EFE01FB80145EFE0BFB713053D
S31520004780C003EFE03FB73D45EFE0DFB61305F00885
S31520004790EFE05FB61305200FEFE01FAC6145EFE0B9
S315200047A07FB51305300AEFE0FFB44945EFE09FB42B
S315200047B00945EFE03FB41305200BEFE0BFB34945B1
S315200047C0EFE05FB31305F00FEFE0DFB24145EFE016
S315200047D07FB20145EFE01FB21305800FEFE0DFA7A0
S315200047E013051002EFE01FB11145EFE0BFB013052E
S315200047F0900FEFE07FA60145EFE0DFAF2145EFE028
S315200048007FAF13056003EFE03FA52145EFE09FAEA4
S315200048101305400BEFE05FA40145EFE0BFAD1305A4
S31520004820100CEFE07FA313057004EFE0BFAC130577
S31520004830500CEFE07FA20145EFE0DFAB1305F00A55
S31520004840EFE05FAB13050008EFE0DFAA0145EFE0DC
S315200048507FAA1305000EEFE03FA03D45EFE09FA99C
S315200048607D45EFE03FA97145EFE0DFA83145EFE058
S315200048707FA83D45EFE01FA82145EFE0BFA7130520
S315200048808004EFE03FA713058009EFE0BFA61305DC
S315200048907003EFE03FA62945EFE0DFA54D45EFE0A9
S315200048A07FA51145EFE01FA54545EFE0BFA435459F
S315200048B0EFE05FA40145EFE0FFA31305100EEFE044
S315200048C0BF993D45EFE01FA313052003EFE09FA20C
S315200048D01305E002EFE01FA22D45EFE0BFA135450D
S315200048E0EFE05FA11545EFE0FFA013057004EFE0B0
S315200048F07FA013055007EFE0FF9F13057003EFE03D
S315200049007F9F1945EFE01F9F4145EFE0BF9E0D4574
S31520004910EFE05F9E13054002EFE0DF9D13050002E6
S31520004920EFE05F9D0145EFE0FF9C1305A003EFE05C
S31520004930BF9213056006EFE0FF9B4545EFE0DF9150
S3152000494013056003EFE05F9113058002EFE09F9A65
S3152000495013058007EFD09FE113059002EFE0DF8F6C
S315200049600D45EFE0FFD7B78700209387C77083D721
S315200049700700FD17139707014183B7870020938708
S31520004980C77083D72700FD17C207C183BE863A8624
S3152000499081450145EFE0FFB1C167138507FEEFE0D2
S315200049A0DFBFB71701409387C7C083D70700939609
S315200049B00701C182B71701409387C7C00967558F82
S315200049C0420741832390E70085473E85F2406244B3
S315200049D005618280130706009388060013080500E8
S315200049E01383050063940624B78700209387473FE7
S315200049F063F4C50EB70601006370D60C9336061015
S31520004A0093B6160093963600335ED600B387C70159
S31520004A1083C70700B387D70093060002638ED700AB
S31520004A20B386F6403393D500B357F5003317D60037
S31520004A3033E367003318D50013550701B357A30294
S31520004A409315070193D50501935608013373A302E5
S31520004A503386F50213130301B3E6660063FAC60034
S31520004A60B306D70063F4C60063F2E6069387F7FF22
S31520004A70B386C64033D6A602131808011358080178
S31520004A80B3F6A602B385C502939606013368D8000D
S31520004A90637AB800330807016374B8006374E818B2
S31520004AA01306F6FF93970701B3E7C70013850700A0
S31520004AB09385080067800000370E00019306800169
S31520004AC0E374C6F5930600016FF01FF49387E7FFA2
S31520004AD0B386E6006FF0DFF993060000630C06004C
S31520004AE0B70601006378D6069336061093B61600ED
S31520004AF093963600B358D600B387170183C70700AD
S31520004B00B387D700930600026390D7063386C54045
S31520004B109308100013550701B357A60293150701F2
S31520004B2093D50501935608013376A6023383F50201
S31520004B3013160601B3E6C60063FA6600B306D7006D
S31520004B4063F4660063FAE60C9387F7FFB386664044
S31520004B506FF05FF2B708000193068001E37C16F937
S31520004B60930600016FF01FF93388F64033170601CC
S31520004B70B3D6F500B3950501B357F50033180501F3
S31520004B8013550701B3D8A6021316070113560601BB
S31520004B90B3E7B700B3F6A6023303160393950601CF
S31520004BA093D60701B3E6B60063FA6600B306D700CC
S31520004BB063F4660063F6E6049388F8FFB3866640DE
S31520004BC0B3D5A6029397070193D70701B3F6A6029A
S31520004BD03306B60293960601B3E7D70063FAC700F9
S31520004BE0B307F70063F4C70063F2E7029385F5FF86
S31520004BF0939808013386C740B3E8B8006FF09FF159
S31520004C009388E8FFB386E6006FF05FFB9385E5FFA8
S31520004C10B387E7006FF0DFFD9387E7FFB386E600F3
S31520004C206FF0DFF21306E6FF6FF0DFE763E4D518D7
S31520004C30B707010063F4F60493B7061093B717007D
S31520004C40939737003787002033D8F6001307473F5E
S31520004C503307070103470700130800023307F7004D
S31520004C6063180703B337C50093B71700B3B6B6006A
S31520004C70B3E7D700930800006FF05FE33707000122
S31520004C8093078001E3F0E6FC930700016FF09FFB9A
S31520004C903308E840B358E600B3960601B3E8D800D7
S31520004CA013DE0801B3D6E500B3D7C6031393080174
S31520004CB013530301B39505013357E5003367B70056
S31520004CC033160601B3F6C603B30EF3029395060117
S31520004CD093560701B3E6B60063FAD601B386D80029
S31520004CE063F4D60163FC160B9387F7FFB386D64190
S31520004CF0B3D5C6031317070113570701B3F6C60327
S31520004D003303B302939606013367D700637A6700AD
S31520004D103387E80063746700637817099385F5FF86
S31520004D2093970701B3E7B7003307674093950501CB
S31520004D301313060193D5050193D8070113530301D5
S31520004D4013560601338E65023383680293560E018D
S31520004D50B385C502B3856500B386B600B388C8029D
S31520004D6063F6660037060100B388C80013D606012D
S31520004D70330616016360C702131E0E0193960601C1
S31520004D80135E0E0133150501B386C601E374D5EE15
S31520004D90E312C7EE9387F7FF6FF0DFED9387E7FF08
S31520004DA0B38616016FF09FF49385E5FF330717014D
S31520004DB06FF01FF793080000930700006FF01FCFD6
S31520004DC0130806009307050013870500639406243D
S31520004DD0B78600209386463F63F8C50EB7080100C4
S31520004DE0637A160D9338061093B8180093983800F6
S31520004DF033531601B386660083C6060013030002EA
S31520004E00B3861601B308D340638C66003397150129
S31520004E10B356D5003318160133E7E600B31715014C
S31520004E2013550801B356A7021313080113530301A0
S31520004E303377A702B38666029315070113D70701B6
S31520004E403367B7006370D7023307E800B33507012D
S31520004E503336D70093B515003376B60033060603EE
S31520004E603307E6003307D740B356A7023377A702A6
S31520004E70B38666021395070113170701135505011B
S31520004E803365E5006370D5023305A8003337050185
S31520004E90B337D50013371700B3F7E700B3870703F7
S31520004EA03385A7003305D5403355150193050000FA
S31520004EB0678000003703000193088001E37A66F2D9
S31520004EC0930800016FF0DFF213070000630C060061
S31520004ED0370701006374E6081337061013371700E7
S31520004EE013173700B358E600B386160183C60600AB
S31520004EF0B386E60013070002B308D740639AE60696
S31520004F00B386C5409355080133D6B602131308015C
S31520004F101353030113D70701B3F6B602330666020D
S31520004F20939606013367D7006370C7023307E800FC
S31520004F3033350701B336C70013351500B3F6A6007F
S31520004F40B38606033387E6003307C740B356B70256
S31520004F503377B702B38666026FF0DFF1B708000138
S31520004F6013078001E37016F9130700016FF09FF70E
S31520004F703318160133D7D500B3171501B39515018C
S31520004F80B356D50013550801B3E6B600B355A702AC
S31520004F90131E0801135E0E013377A702B385C503DE
S31520004FA01316070113D706013367C7006370B702CC
S31520004FB03307E800333307013336B70013331300C2
S31520004FC033766600330606033307E6003307B74019
S31520004FD03356A7029396060193D606013377A70286
S31520004FE03306C60313170701B3E6E60063F0C602CD
S31520004FF0B306D800B3B5060133B7C60093B515007E
S315200050003377B70033070703B306D700B386C64006
S315200050106FF05FEF63E6D51A3708010063FC0605DB
S3152000502093B8061093B81800939838003788002054
S3152000503033D316011308483F330868000348080095
S315200050403308180193080002631018056374C5001D
S3152000505063FCB6003307C54093070700B386D540E7
S315200050603337E5003387E6401385070093050700AD
S31520005070678000003708000193088001E3F806FBEB
S31520005080930800016FF09FFAB3880841B396160182
S31520005090335306013363D30033D70501935E0301EF
S315200050A0B356D703131E0301135E0E01B3971501E2
S315200050B0B3550501B3E5F50093D70501331616015F
S315200050C0331515013377D703330FDE021317070184
S315200050D0B3E7E70063FAE701B307F30063F4E701F8
S315200050E063F2670E9386F6FFB387E74133D7D7037C
S315200050F09395050193D50501B3F7D703330EEE0239
S3152000510093970701B3E5F50063FAC501B305B3002C
S3152000511063F4C50163FE650A1307F7FF939606013C
S31520005120B3E6E600B385C54113170701131E060132
S31520005130935706011357070193D60601135E0E01F6
S31520005140B30EC703338EC6033307F702B386F602C0
S31520005150B307C70113D70E013307F7006376C701DC
S31520005160B7070100B386F60093570701939E0E01F9
S315200051701317070193DE0E01B387D7003307D70134
S3152000518063E6F500637EE500639CF5003306C740C1
S31520005190B336C700B386660013070600B387D74029
S315200051A03307E5403335E500B385F540B385A540A3
S315200051B033980501335717013365E800B3D5150138
S315200051C0678000009386E6FFB38767006FF0DFF104
S315200051D01307E7FFB38565006FF05FF4130101FF46
S315200051E0B78700202324810003A4C76C23229100C3
S315200051F093040500032504032326110063160506E0
S3152000520013058001EF0040632328A40263100502E2
S31520005210B7860020378500209386464F1306000068
S31520005220930560041305C550EF00C04AB737CDABD0
S315200052309387E7302320F500B7176DE6938747233A
S315200052402322F500B7E705009387C7EE2324F50050
S315200052509307B0002316F5001307100093070000EC
S315200052602328E500232AF5008320C100032481009A
S3152000527023289500232A05008324410013010101D8
S3152000528067800000130101FFB787002023248100D7
S3152000529003A4C76C23261100032504036316050601
S315200052A013058001EF0040592328A402631005024C
S315200052B0B7860020378500209386464F13060000C8
S315200052C0930520051305C550EF00C040B737CDAB79
S315200052D09387E7302320F500B7176DE6938747239A
S315200052E02322F500B7E705009387C7EE2324F500B0
S315200052F09307B0002316F50013071000930700004C
S315200053002328E500232AF5008326050103274501E6
S315200053103786954CB7F751581306D6F29387D7425E
S31520005320B387F6028320C100032481003307C70216
S315200053303307F700B387C602B3B6C6023307D700D2
S3152000534093861700B3B7F600B387E7002328D50066
S31520005350232AF50013951700135515001301010193
S3152000536067800000130101FC2324C1022326D102F9
S315200053702328E102232AF102232C0103232E1103E1
S31520005380138605008325850093068102232E1100AE
S315200053902326D100EF00906B8320C1011301010465
S315200053A067800000130101FC232AF102B787002041
S315200053B083A7C76C2324C1022326D1022322B1024C
S315200053C02328E102232C0103232E110383A5870022
S315200053D0930641021306050013850700232E1100AC
S315200053E02326D100EF0090668320C101130101041A
S315200053F067800000130101FDB7870020232E3101AD
S3152000540083A9C76C2324810223229102232021030E
S31520005410232C410123261102232A510113040500BE
S3152000542013890500130A060093840600638A09007F
S3152000543083A709026396070013850900EF10103D24
S31520005440930720006308FA0093372A00638A071817
S3152000545063C804189305040013850900EF10D008CB
S3152000546083254403638C0500930744046386F50073
S3152000547013850900EF00802C232A04028357C400D9
S31520005480232C04002322040093F7070863880700CF
S315200054908325040113850900EF00402A8357C400A1
S315200054A037F7FFFF1307C735B3F7E7002316F400D6
S315200054B093072000630AFA109306C10013068100A1
S315200054C09305040013850900EF2080128357C4003A
S315200054D0B3E7A7002316F40063980406832481000B
S315200054E013850400EF00403513090500938A040054
S315200054F06312050C832A810063969A0A1305F0FF2E
S315200055008357C4002324040093E727002316F400BE
S31520005510930774042320F4002328F4009307100033
S31520005520232AF4008320C10203248102832441021A
S31520005530032901028329C101032A8101832A41010A
S315200055401301010367800000E30C09F883A7090211
S315200055506396070013850900EF10502B9307100060
S315200055606318FA008357C400B3E747012316F400F3
S315200055708317C4002320240123282401232A9400EE
S3152000558013F78700630A070493F71700638207045B
S31520005590B304904023240400232C94001305000018
S315200055A06FF05FF813850A00EF0000291309050044
S315200055B0E30605F48357C40093840A0093E707089B
S315200055C02316F4006FF09FF8130500006FF05FF3C9
S315200055D0232494006FF09FFC232404006FF01FFC0B
S315200055E01305F0FF6FF01FF4130101F6232AF108CB
S315200055F0B70700809387F7FF232EF1002328F100B9
S31520005600B707FFFF2326D1082324B100232CB1009E
S31520005610938787209306C10893058100232E1106C0
S31520005620232AF1002328E108232C0109232E11091E
S31520005630232601062322D100EF00C07A832781008A
S31520005640238007008320C1071301010A6780000019
S31520005650130101F6232AF108B70700809387F7FF85
S31520005660232EF1002328F100B707FFFF9387872019
S31520005670232AF100B78700202324A100232CA10090
S3152000568003A5C76C2324C1082326D1081386050049
S315200056909306810893058100232E11062328E1080D
S315200056A0232C0109232E1109232601062322D100AA
S315200056B0EF00407383278100238007008320C107E2
S315200056C01301010A67800000B787002003A5C76C75
S315200056D067800000B787002083A7C76C130101FFEE
S315200056E013080600232611009308050013870500DA
S315200056F003A5C7001386060063000802B7870020AB
S3152000570093870755B785002093860800938505560D
S31520005710EF101019EF20807EB78700209387C7559A
S31520005720138807006FF01FFE130101FF9306060082
S315200057301306000023261100EFF0DFF9638C050E17
S3152000574083A7C5FF130101FE232C8100232E110000
S315200057501384C5FF63D407003304F4002326A10075
S31520005760EF00003437970020832787860325C10062
S31520005770639E0700232204002324878603248101B5
S315200057808320C101130101026F00C0316374F4024A
S3152000579003260400B306C400639AD70083A6070035
S315200057A083A74700B386C6002320D4002322F40013
S315200057B06FF09FFC1387070083A7470063840700C9
S315200057C0E37AF4FE832607003306D70063188602A1
S315200057D003260400B386C6002320D7003306D7004D
S315200057E0E39EC7F803A6070083A74700B306D600A3
S315200057F02320D7002322F7006FF05FF86378C400D8
S315200058009307C0002320F5006FF05FF703260400FE
S31520005810B306C400639AD70083A6070083A7470070
S31520005820B386C6002320D4002322F4002322870037
S315200058306FF0DFF467800000B7870020930505002E
S3152000584003A5C76C6F00C009B78700209305050024
S3152000585003A5C76C6FF09FEE130101FF232481007F
S315200058603794002083274486232291002320210178
S315200058702326110013090500938405006398070069
S3152000588093050000EF20C0552322A48693850400AB
S3152000589013050900EF20C0549304F0FF631295020C
S315200058A01304F0FF8320C1001305040003248100A4
S315200058B083244100032901001301010167800000B0
S315200058C0130435001374C4FFE30E85FCB305A4400E
S315200058D013050900EF20C050E31695FC6FF05FFC1E
S315200058E0130101FE232A91009384350093F4C4FF0B
S315200058F0232E1100232C8100232821012326310168
S3152000590023244101938484009307C00063F4F400A8
S315200059109384070063C4040063F8B4029307C000AD
S315200059202320F500130500008320C10103248101F3
S3152000593083244101032901018329C100032A81000F
S31520005940130101026780000013090500B7990020A2
S31520005950EF00001583A789861384070063100408C7
S315200059609385040013050900EFF01FEF9307F0FF5E
S31520005970130405006312F51203A489869307040015
S315200059806392070E63000410032A040093050000A7
S3152000599013050900330A4401EF2080446314AA0E3C
S315200059A08327040013050900B384F440938504007B
S315200059B0EFF09FEA9307F0FF6306F50C83270400B8
S315200059C0B38797002320F40083A7898603A747007F
S315200059D06310070A23A409866F0040038326040068
S315200059E0B386964063CA06061307B000637AD704C7
S315200059F023209400330794006390870423A4E98628
S31520005A00832744002320D7002322F700130509000B
S31520005A10EF0040091305B40093074400137585FF72
S31520005A203307F540E302F5F03304E400B387A740DB
S31520005A302320F4006FF05FEF23A2E7006FF05FFCF6
S31520005A40032744006396870023A4E9866FF01FFC92
S31520005A5023A2E7006FF09FFB930704000324440072
S31520005A606FF0DFEF1384070083A747006FF05FF125
S31520005A701387070083A74700E39C87FE232207009E
S31520005A806FF0DFF89307C0002320F9001305090003
S31520005A90EF0040016FF01FE9232095006FF01FF7FC
S31520005AA06780000067800000130101FE2328210182
S31520005AB003A98500232C810023263101232061019F
S31520005AC0232E1100232A9100232441012322510150
S31520005AD013840500130B06009389060063EC261336
S31520005AE08397C5001307090093F60748638C0608B9
S31520005AF0832444011307300083A50501B384E402FF
S31520005B0013072000032A0400930A0500330ABA402B
S31520005B10B3C4E40213871900330747011386040030
S31520005B2063F6E400930407001306070093F7074083
S31520005B306386070A9305060013850A00EFF05FDAED
S31520005B4013090500630A050A8325040113060A00C2
S31520005B50EF2080388357C40093F7F7B793E70708F9
S31520005B602316F40023282401232A9400330949010B
S31520005B70B38444412320240123249400138909005B
S31520005B8013870900930907000325040013860900DB
S31520005B9093050B00EF20C02E8327840013050000F9
S31520005BA0B38727412324F40083270400B3873701D2
S31520005BB02320F4008320C101032481018324410191
S31520005BC0032901018329C100032A8100832A410078
S31520005BD0032B0100130101026780000013850A00D0
S31520005BE0EF20403313090500E31E05F68325040143
S31520005BF013850A00EFF09FB49307C00023A0FA0094
S31520005C008357C4001305F0FF93E707042316F40017
S31520005C106FF05FFA138906006FF01FF7832786005F
S31520005C20130101FD232E3101232611022324810293
S31520005C302322910223202103232C4101232A5101CF
S31520005C402328610123267101232481012322910126
S31520005C502320A1019309060063800710032A06006A
S31520005C60930C050013840500930A3000130B2000C3
S31520005C7083270A00032C4A00138D0700630E0C109D
S31520005C800329840093040900636A2C158317C40032
S31520005C9013F7074863060708832444018325040174
S31520005CA0832B0400B3845403B38BBB4013871B00A0
S31520005CB033078701B3C464031386040063F6E40044
S31520005CC0930407001306070093F70740638A070C1F
S31520005CD09305060013850C00EFF09FC013090500FD
S31520005CE0630E050C8325040113860B00EF20C01ECE
S31520005CF08357C40093F7F7B793E707082316F400F2
S31520005D0023282401232A940033097901B38474417A
S31520005D10232024012324940013090C0093040C004F
S31520005D20032504001386040093050D00EF2040157B
S31520005D3083278400B38727412324F4008327040084
S31520005D40B38797002320F40083A78900B387874170
S31520005D5023A4F90063920704130500008320C102DF
S31520005D600324810223A2090083244102032901027C
S31520005D708329C101032A8101832A4101032B0101C1
S31520005D80832BC100032C8100832C4100032D0100AD
S31520005D901301010367800000130A8A006FF05FED8C
S31520005DA013850C00EF20001713090500E31A05F4EC
S31520005DB08325040113850C00EFF05F989307C0003C
S31520005DC023A0FC008357C4001305F0FF93E70704C4
S31520005DD02316F40023A409006FF05FF813090C00C2
S31520005DE06FF0DFF383D7C500130101F52322910A53
S31520005DF0232481092326110A2324810A2320210B07
S31520005E00232E3109232C4109232A510923286109EC
S31520005E102326710993F70708130C050093840500C0
S31520005E20638A070683A70501639607069305000480
S31520005E302326D1002324C100EFF09FAA23A0A4008B
S31520005E4023A8A400032681008326C100631005042D
S31520005E509307C0002320FC001305F0FF8320C10A0E
S31520005E600324810A8324410A0329010A8329C109BB
S31520005E70032A8109832A4109032B0109832BC1089F
S31520005E80032C81081301010B67800000930700048F
S31520005E9023AAF40093070002A30CF102B78900207D
S31520005EA093070003232A0102230DF102232ED1009A
S31520005EB0130AF0FF93890959130B1000930AA000C7
S31520005EC01304060083470400B33BF0009387B7FD15
S31520005ED0B337F000B3FBFB0063900B0CB306C44052
S31520005EE06304C4029385040013050C002324D10007
S31520005EF0EFF09FBB630C4523832741038326810054
S31520005F00B387D700232AF102834704006380072240
S31520005F101304140023200102232601022322410315
S31520005F2023240102A3010106232C01068345040034
S31520005F301306500013850900EF10903783270102BE
S31520005F4093061400631E050413F707016306070072
S31520005F5013070002A301E10613F787006306070073
S31520005F601307B002A301E106034604001307A002AB
S31520005F706304E6048327C1029306000013069000FB
S31520005F8003470400130707FD637EE60863840604BF
S31520005F902326F1026F000004130414006FF09FF211
S31520005FA0330535413315AB003365F5002320A102B7
S31520005FB0138406006FF09FF70327C10113064700DD
S31520005FC003270700232EC100634407042326E1028A
S31520005FD013840600034704009307E002631EF706B6
S31520005FE0034714009307A0026318F7048327C1010F
S31520005FF0130424001387470083A70700232EE100FC
S3152000600063D407009307F0FF2322F1026F00C00438
S315200060103307E04093E727002326E1022320F102FD
S315200060206FF01FFBB3875703130414009306100069
S31520006030B387E7006FF0DFF4130414002322010274
S31520006040930700009306900003470400130707FDFB
S3152000605063F8E608E39A0BFA83450400B78B002021
S315200060601306300013858B59EF1090246302050226
S3152000607083270102938B8B5933057541130700043F
S315200060803317A700B3E7E700130414002320F10217
S315200060908345040037850020130660001305C55983
S315200060A0230CB102EF10D020630C050893070000E3
S315200060B0639A0704032701028327C1011377071078
S315200060C0630A070293874700232EF10083274103A3
S315200060D013061400B3872701232AF1026FF05FDE2F
S315200060E0B387570313041400930B1000B387E700FC
S315200060F06FF09FF59387770093F787FF9387870045
S315200061006FF09FFCB76600201307C101938686AA0D
S31520006110138604009305010213050C009700000066
S31520006120E700000013090500E31245FB83D7C400EE
S3152000613093F70704E39207D2032541036FF01FD29A
S31520006140B76600201307C101938686AA138604002A
S315200061509305010213050C00EF00C0636FF09FFC4E
S31520006160832786009387F7FF2324F60063DC070046
S315200061700327860163C6E700938765FF63940700BC
S315200061806F104070832706001385050013871700BC
S315200061902320E6002380B70067800000130101FE5C
S315200061A0232C8100232A9100232821012326310133
S315200061B023244101232E110093090500138A05008B
S315200061C013040600B304D6001309F0FF63169400E7
S315200061D0130500006F00C0018345040013060A0062
S315200061E013850900EFF0DFF713041400E31025FFF1
S315200061F08320C10103248101832441010329010154
S315200062008329C100032A810013010102678000004F
S3152000621083278600130101FF2324810023261100F2
S315200062201304060063800702EF00106C2324040089
S315200062308320C100232204000324810013010101CD
S3152000624067800000130500006FF09FFE130101F523
S315200062502324810A2322910A232E3109232C410942
S315200062602326110A2320210B232A510923286109D9
S3152000627023267109232481092322910993090500E4
S315200062809384050013040600138A0600630805009C
S315200062908327050263940700EF00505783D7C40075
S315200062A093F78700638A071083A704016386071084
S315200062B093070002A30CF102232E4101930700034A
S315200062C0378A0020232A0102230DF102930AF0FFC8
S315200062D0130A0A59930B1000130BA000130C040089
S315200062E083470C00B33CF0009387B7FDB337F0002B
S315200062F0B3FCFC0063960C10B3068C4063068C023C
S315200063001306040093850400138509002326D10073
S31520006310EFF0DFE863005529832741038326C10078
S31520006320B387D700232AF10283470C00638407260C
S3152000633013041C00232001022326010223225103D9
S3152000634023240102A3010106232C01068345040010
S315200063501306500013050A00EF10807583270102EB
S31520006360930614006312050A13F707016306070054
S3152000637013070002A301E10613F78700630607004F
S315200063801307B002A301E106034604001307A00287
S315200063906308E6088327C1029306000013069000CF
S315200063A003470400130707FD6372E60E6388060899
S315200063B02326F1026F0080089385040013850900C7
S315200063C0EF10405DE30605EE1305F0FF8320C10ABA
S315200063D00324810A8324410A0329010A8329C10946
S315200063E0032A8109832A4109032B0109832BC1082A
S315200063F0032C8108832C41081301010B67800000C0
S31520006400130C1C006FF0DFED330545413395AB00CF
S315200064103365F5002320A102138406006FF01FF3D5
S315200064200327C1011306470003270700232EC100B7
S31520006430634407042326E10213840600034704006D
S315200064409307E002631EF706034714009307A00292
S315200064506318F7048327C101130424001387470018
S3152000646083A70700232EE10063D407009307F0FFDC
S315200064702322F1026F00C0043307E04093E7270090
S315200064802326E1022320F1026FF01FFBB387670367
S315200064901304140093061000B387E7006FF05FF033
S315200064A01304140023220102930700009306900090
S315200064B003470400130707FD63F8E608E39A0CFA7E
S315200064C083450400378C00201306300013058C59B1
S315200064D0EF10005E6302050283270102130C8C591C
S315200064E033058541130700043317A700B3E7E700F8
S315200064F0130414002320F10283450400378500206D
S31520006500130660001305C559230CB102EF10405A3B
S31520006510630C050893070000639A0704032701020A
S315200065208327C10113770710630A07029387470061
S31520006530232EF1008327410313041400B387270178
S31520006540232AF1026FF09FD9B3876703130414003F
S31520006550930C1000B387E7006FF09FF593877700C1
S3152000656093F787FF938787006FF09FFCB76600201D
S315200065701307C1019386C6191386040093050102E9
S315200065801385090097000000E700000013090500A5
S31520006590E31255FB83D7C40093F70704E39607E27B
S315200065A0032541036FF09FE2B76600201307C10160
S315200065B09386C619138604009305010213850900E4
S315200065C0EF00401D6FF09FFCB78700209306060062
S315200065D0138605009305050003A5C76C6FF01FC73A
S315200065E0130101FD232E310183A70501930907001D
S315200065F003A7850023248102232021032328610168
S31520006600232671012326110223229102232C4101E4
S31520006610232A5101130B05001384050013090600D4
S31520006620938B060063D4E700930707002320F90025
S315200066300347340463060700938717002320F900D5
S315200066408327040093F7070263880700832709003E
S31520006650938727002320F9008324040093F4640001
S31520006660639E0400130A9401930AF0FF8327C40053
S3152000667003270900B387E74063C4F408832704008F
S315200066808346340493F70702B336D0006392070C8F
S315200066901306340493850B0013050B00E7800900CD
S315200066A09307F0FF630AF5068327040013074000CB
S315200066B09304000093F76700639EE7008327090091
S315200066C08324C400B384F44093C7F4FF93D7F741DF
S315200066D0B3F4F40083278400032704016356F700EC
S315200066E0B387E740B384F400130900001304A40120
S315200066F0130AF0FF63902409130500006F000002BF
S315200067009306100013060A0093850B0013050B0051
S31520006710E7800900631A55031305F0FF8320C102A1
S315200067200324810283244102032901028329C10112
S31520006730032A8101832A4101032B0101832BC100F6
S315200067401301010367800000938414006FF01FF289
S315200067503307D40013060003A301C70403475404D8
S3152000676093871600B307F40093862600A381E704D7
S315200067706FF01FF2930610001306040093850B009A
S3152000678013050B00E7800900E30845F913091900F2
S315200067906FF05FF6130101FC232C8102232A91025C
S315200067A02324410323225103232E110223282103CC
S315200067B02326310383C78501938406009306800729
S315200067C0130A050013840500930A060063EEF600FB
S315200067D0930620061386350463ECF60063820728A9
S315200067E093068005638ED720130924046F000004C6
S315200067F09386D7F993F6F60F93055001E3E6D5FE77
S31520006800B7850020939626009385C55CB386B6008F
S3152000681083A6060067800600832707001309240441
S315200068209386470083A707002320D7002301F4047B
S31520006830930710006F008026832704000325070096
S3152000684093F607089305450063860602832705000D
S315200068502320B700B786002063D807001307D0028D
S31520006860B307F040A301E4049386465A1307A00019
S315200068706F00800693F60704832705002320B700C0
S31520006880E38A06FC9397070193D707416FF09FFC95
S31520006890832504008326070013F5050883A7060031
S315200068A093864600631A050093F505046386050062
S315200068B09397070193D707012320D70083458401A7
S315200068C0B78600201307F0069386465A6398E51488
S315200068D013078000A3010404832544002324B40065
S315200068E063CE050003250400B3E5B70013090600AF
S315200068F01375B5FF2320A40063840502130906003F
S31520006900B3F5E7021309F9FFB385B60083C5050081
S315200069102300B90093850700B3D7E702E3F2E5FE2B
S31520006920930780006314F7028327040093F7170068
S31520006930638E0700032744008327040163C8E7000A
S3152000694093070003A30FF9FE1309F9FF3306264127
S315200069502328C4001387040093860A001306C10166
S315200069609305040013050A00EFF09FC79309F0FF73
S31520006970631C35131305F0FF8320C1030324810311
S3152000698083244103032901038329C102032A8102A7
S31520006990832A410213010104678000008327040033
S315200069A093E707022320F400B78600209307800789
S315200069B09386865BA302F40483250400032507003F
S315200069C013F805088327050013054500631A0800F8
S315200069D013F80504630608009397070193D7070168
S315200069E02320A70013F715006306070093E5050289
S315200069F02320B400638C0700130700016FF09FED7E
S31520006A00B78600209386465A6FF0DFFA03270400E4
S31520006A101377F7FD2320E4006FF01FFE1307A00075
S31520006A206FF05FEB8326040083270700832544014C
S31520006A3013F8060813854700630A08002320A700D9
S31520006A4083A7070023A0B7006F0080012320A7009B
S31520006A5093F6060483A70700E38606FE2390B70075
S31520006A6023280400130906006FF0DFEE83270700B2
S31520006A700326440093050000938647002320D70071
S31520006A8003A9070013050900EF108002630605001D
S31520006A90330525412322A400832744002328F4001C
S31520006AA0A30104046FF01FEB8326040113060900DB
S31520006AB093850A0013050A00E7800400E30C35EBF2
S31520006AC08327040093F72700639607048327C101D1
S31520006AD00325C400E352F5EA138507006FF0DFE9CA
S31520006AE09306100093850A0013050A002326C10089
S31520006AF0E7800400E30035E90326C10013091900E5
S31520006B008327C4000327C101B387E740E34AF9FC82
S31520006B106FF0DFFB13090000130694016FF05FFE90
S31520006B208397C500130101FE232C8100232A91009F
S31520006B30232E11002328210113F787009304050033
S31520006B40138405006312071203A745006346E0007D
S31520006B5003A705046356E0100327C4026302071047
S31520006B6003A904009396370123A0040063DC060AD8
S31520006B70032644058357C40093F74700638E070016
S31520006B80832744003306F6408327440363860700A1
S31520006B90832704043306F6408327C4028325040290
S31520006BA09306000013850400E78007001307F0FF13
S31520006BB08317C4006312E50283A604001307D001DD
S31520006BC0636CD70E37074020130717003357D700BB
S31520006BD0137717006302070E0327040123220400FC
S31520006BE02320E40013973701635C07009307F0FF27
S31520006BF06316F50083A7040063940700232AA404E0
S31520006C008325440323A02401638C050493074404AD
S31520006C106386F50013850400EFE05FB2232A0402A1
S31520006C206F0000048325040213060000930610005B
S31520006C3013850400E70007009307F0FF13060500FD
S31520006C40E31AF5F283A70400E38607F2138737FEDB
S31520006C50630607009387A7FE639E070423A02401EB
S31520006C60130500006F00000603A60501E30A06FED1
S31520006C7083A6050093F7370023A0C5003389C640B5
S31520006C80130700006394070003A745012324E400AB
S31520006C90E35820FD832784028325040293060900F6
S31520006CA0138504002326C100E78007000326C100C0
S31520006CB06346A0028357C40093E707042316F40013
S31520006CC01305F0FF8320C1010324810183244101A0
S31520006CD00329010113010102678000003306A60083
S31520006CE03309A9406FF0DFFA83A70501638E0704F5
S31520006CF0130101FE232C8100232E1100130405000D
S31520006D00630C050083270502639807002326B1003C
S31520006D10EF00C02F8325C1008397C500638C070031
S31520006D2013050400032481018320C10113010102FC
S31520006D306FF01FDF8320C1010324810113050000AA
S31520006D401301010267800000130500006780000020
S31520006D50930505006310050237860020B7750020CD
S31520006D60378500201306C66B938585CE13050567E8
S31520006D706F00807DB787002003A5C76C6FF0DFF614
S31520006D801305000067800000130101FF2324810002
S31520006D9023261100130405002316B5002317C5006A
S31520006DA0232005002322050023240500232205068F
S31520006DB023280500232A0500232C0500130680001E
S31520006DC0930500001305C505EF10400FB777002087
S31520006DD0938787742322F402B77700209387077A54
S31520006DE02324F402B7870020938747822326F402C0
S31520006DF0B78700209387C7878320C100232084027A
S31520006E002328F40203248100130101016780000076
S31520006E1037860020B7750020378500201306C66BFD
S31520006E20938585CE130505676F000072832545007F
S31520006E30130101FFB7870020232481002326110098
S31520006E409387C772130405006384F500EFF0DFE92A
S31520006E5083258400B7870020938747796386F500CA
S31520006E6013050400EFF05FE88325C400B7870020F0
S31520006E709387C77F638CF5001305040003248100E4
S31520006E808320C100130101016FF01FE68320C1009A
S31520006E90032481001301010167800000B7770020D9
S31520006EA037850020130101FF37970020938707E1DC
S31520006EB013060000930540001305C5722326110012
S31520006EC02326F786EFF05FEC3785002013061000A7
S31520006ED09305900013054579EFF01FEB8320C10041
S31520006EE03785002013062000930520011305C57F52
S31520006EF0130101016FF05FE91305000067800000B0
S31520006F00B797002083A7C786130101FF23202101FD
S31520006F102326110023248100232291001309050032
S31520006F2063940700EFF09FF7B78400209384C46B27
S31520006F3003A4840083A744009387F7FF63D807023E
S31520006F4003A404006310040C9305C01A130509005A
S31520006F50EFE01F99130405006314050823A004001D
S31520006F609307C0002320F9006F0040050317C400D3
S31520006F7063140706B707FFFF93871700232204062B
S31520006F802320040023220400232404002326F400C3
S31520006F9023280400232A0400232C0400130680003F
S31520006FA0930500001305C405EF005071232A04023F
S31520006FB0232C040223240404232604048320C10052
S31520006FC013050400032481008324410003290100C2
S31520006FD01301010167800000130484066FF0DFF5BA
S31520006FE093074000232005002322F5001305C50042
S31520006FF02324A4001306001A93050000EF00106C4A
S3152000700023A08400930404006FF09FF283270502D7
S3152000701063900702B77700209387C7E22320F50203
S31520007020B797002083A7C786639407006FF01FE7F2
S315200070306780000067800000678000003786002098
S31520007040B77500201306C66B938505D81305000077
S315200070506F00804F37860020B77500201306C66B59
S31520007060938585EF130500006F00004E130101FC88
S315200070702326D1029306C102232E11002328E102E2
S31520007080232AF102232C0103232E11032326D100C8
S31520007090EFF0CF9B8320C10113010104678000001C
S315200070A0130101FC232AF102B78700202324C10201
S315200070B0138605009305050003A5C76C2326D10278
S315200070C093068102232E11002328E102232C01039B
S315200070D0232E11032326D100EFF04F978320C101E1
S315200070E01301010467800000832786006396070446
S315200070F01305000067800000130500008320C103EC
S315200071000324810383244103032901038329C10224
S31520007110032A8102832A4102032B0102832BC10108
S31520007120032C8101832C4101032D0101832DC100F4
S31520007130130101046780000083D7C500130101FCF9
S31520007140232C81022326310323225103232E1102CD
S31520007150232A910223282103232441032320610388
S31520007160232E7101232C8101232A91012328A10199
S315200071702326B10193F78700930A0600138405009E
S31520007180930905006382070E83A70501638E070C0A
S315200071908317C40003AA0A0013F72700631C0712EB
S315200071A093F71700638C071C930B00001305000050
S315200071B0130B00001309000063060932631205024F
S315200071C0130609009305A00013050B00EF00500ECF
S315200071D0930B19006306050013051500B30B6541D3
S315200071E0138C0B0063747901130C09008326440168
S315200071F0832484000325040083270401B384960096
S3152000720063FCA72E63DA842F93050B0013860400F4
S31520007210EF00104783270400930504001385090017
S31520007220B38797002320F400EFF01FAC63100514FA
S31520007230B38B9B4013051000639A0B009305040043
S3152000724013850900EFF05FAA6312051283A78A004F
S31520007250B387974023A4FA00E38007EA330B9B0009
S31520007260330999406FF05FF59305040013850900F3
S31520007270EF004072E30E05F01305F0FF6FF01FE8F4
S3152000728003290A0083244A00130A8A00E38A04FE9B
S315200072909386040063769B00B7060080938606C01B
S315200072A08327840283250402130609001385090017
S315200072B0E7800700635CA00A83A78A00B387A740FC
S315200072C023A4FA00E38A07E23309A900B384A44081
S315200072D06FF0DFFB370B00801309000093040000DA
S315200072E0130B0BC06FF09FFA032B0A0083244A006E
S315200072F0130A8A00E38A04FE8317C400032D840040
S315200073000325040013F7072063080714930D0D00C7
S3152000731063ECA41313F70748630C071203294401EF
S315200073208325040133098903B30DB54013871D0056
S315200073303307970033499903130609006376E9005A
S31520007340130907001306070093F707406388070C05
S315200073509305060013850900EFE08FD8130D05006D
S31520007360631C05029307C00023A0F9008357C400BD
S3152000737093E707042316F4006FF01FF0B70B008085
S31520007380130B000093040000938BFBFF130C3000BB
S31520007390930C20006FF01FF68325040113860D0041
S315200073A0EF0090338357C40093F7F7B793E70708A6
S315200073B02316F4002328A401232A2401330DBD011A
S315200073C03309B9412320A40123242401138D040069
S315200073D013890400938D04000325040013860D00F1
S315200073E093050B00EF00D02983278400B387A7419C
S315200073F02324F40083270400B387B7012320F40055
S3152000740083A78A00B387274123A4FA00E38607CE01
S31520007410330B2B01B38424416FF0DFED1385090074
S31520007420EF00502F130D0500E31605F88325040100
S3152000743013850900EFE08FB08357C40093F7F7F761
S315200074402316F4006FF01FF2138D04006FF05FF81F
S31520007450138904006FF05FF88327040163E6A70011
S315200074608326440163F6D40413090D0063F4A401B2
S31520007470138904001306090093050B00EF00502022
S315200074808327840003270400B38727413307270176
S315200074902324F4002320E400E39407F69305040054
S315200074A013850900EFF05F84E30C05F46FF01FEC01
S315200074B09387040063F49B0093870B00B3C7D7021E
S315200074C0032784028325040213060B001385090073
S315200074D0B386D702E700070013090500E342A0F2AE
S315200074E06FF0DFE8032B0A0003294A00130500008A
S315200074F0130A8A006FF05FCC6342DC028327840282
S315200075008325040213060B0013850900E780070074
S3152000751093040500E34EA0D06FF05FE513060C0040
S3152000752093050B00EF00D0158327840093040C00ED
S31520007530B38787412324F40083270400B387870178
S315200075402320F4006FF0DFCE130101FD23248102F6
S3152000755023202103232E3101232C4101232A5101EB
S315200075602326110223229102130A0500938A05007D
S3152000757013040000130910009309F0FF83258600E9
S31520007580832446009384F4FF63DA0402032606006C
S31520007590E31606FE8320C10213050400032481029C
S315200075A083244102032901028329C101032A81017F
S315200075B0832A4101130101036780000083D7C50098
S315200075C06374F9028397E5006380370313050A0085
S315200075D02326C1002324B100E7800A000326C10028
S315200075E0832581003364A400938585066FF09FF977
S315200075F0130101F8232C8106138405008395E500E9
S31520007600232A9106232E11069304060063DA050227
S315200076108357C40093F70708639C070413070040A9
S315200076208320C1070324810723A0F60023A0E400BA
S315200076301305000083244107130101086780000019
S31520007640130681012326D100EF0040658326C10061
S31520007650E34005FC8327C10137F70000B3F7E700B5
S3152000766037E7FFFFB387E70093B717006FF01FFBDD
S3152000767093070000130700046FF09FFA03D7C50095
S31520007680130101FD232481022326110223229102C4
S3152000769013772700138405006306070293077404F3
S315200076A02320F4002328F40093071000232AF40053
S315200076B08320C10203248102832441021301010392
S315200076C0678000009306C10113068101930405001B
S315200076D0EFF01FF283258101138504002326B100D4
S315200076E0EFE00FA08317C4008325C100631E0500A9
S315200076F013F70720E31E07FA93F7C7FF93E7270040
S315200077002316F4006FF09FF993E707082316F40079
S315200077108327C1012320A4002328A400232AB40000
S31520007720E38807F88315E40013850400EF00005C66
S31520007730E30005F88357C40093F7C7FF93E71700C4
S315200077402316F4006FF0DFF6130101FF23248100D6
S31520007750138405008395E50023261100EF000063BE
S315200077606340050283274405B387A700232AF40430
S315200077708320C100032481001301010167800000DA
S315200077808357C40037F7FFFF1307F7FFB3F7E70068
S315200077902316F4006FF0DFFD13050000678000005C
S315200077A083D7C500130101FE232C8100232A9100D3
S315200077B02328210123263101232E110093F70710B8
S315200077C09304050013840500130906009389060017
S315200077D0638A07008395E5009306200013060000C0
S315200077E0EF0080558357C40037F7FFFF1307F7FFD5
S315200077F0B3F7E7008315E4002316F4000324810180
S315200078008320C10193860900130609008329C1003C
S315200078100329010113850400832441011301010278
S315200078206F00C060130101FF23248100138405002B
S315200078308395E50023261100EF0000501307F0FF83
S315200078408317C4006312E502130705801307078018
S31520007850B3F7E7002316F4008320C1000324810038
S31520007860130101016780000037170000B3E7E70026
S315200078702316F400232AA4046FF01FFE8395E50047
S315200078806F004025130101FE232C8100232A91003D
S3152000789023263101232E11002328210193040500DC
S315200078A09389050013040600630805008327050253
S315200078B063940700EFF08FF5832784012324F400D7
S315200078C08357C40093F78700638607008327040144
S315200078D0639C07029305040013850400EF00800BC8
S315200078E0630405021309F0FF8320C10103248101EB
S315200078F0832441018329C1001305090003290101BD
S315200079001301010267800000832704010325040078
S315200079103305F54083274401634AF50093050400A7
S3152000792013850400EFF04FBCE31E05FA832784007D
S315200079301305150013F9F90F9387F7FF2324F40095
S3152000794083270400138717002320E40023803701B0
S3152000795083274401638CA7008357C40093F717003D
S31520007960E38407F8930769FFE39007F8930504007B
S3152000797013850400EFF04FB7E30805F66FF09FF686
S31520007980B7870020138605009305050003A5C76C5D
S315200079906FF05FEF130101FFB787002023229100CC
S315200079A09304050003A5C76C232481002326110018
S315200079B013840500630805008327050263940700E6
S315200079C0EFF0CFE48317C40013F78700631207068E
S315200079D013F70701631E07001307900023A0E40096
S315200079E093E707042316F4001305F0FF6F008009C0
S315200079F013F74700630A070283254403638C0500B7
S31520007A00930744046386F50013850400EFD01FD343
S31520007A10232A04028357C4000327040123220400D7
S31520007A2093F7B7FD2320E40093E787002316F4009D
S31520007A3083270401639007028327C40013070020CD
S31520007A4093F707286388E70093050400138504004D
S31520007A50EFF0DFC28317C40013F71700630E070287
S31520007A6003274401232404003307E040232CE400A9
S31520007A7003270401130500006316070013F7070800
S31520007A80E31007F68320C1000324810083244100EC
S31520007A90130101016780000013F7270093060000F9
S31520007AA063140700832644012324D4006FF05FFC6F
S31520007AB093F5F50F3306C5006316C50013050000C0
S31520007AC06780000083470500E38CB7FE1305150089
S31520007AD06FF09FFE130101FF2324810023229100D2
S31520007AE037940020930405001385050023261100F2
S31520007AF023280486EFA08FA29307F0FF6318F500D2
S31520007B00832704876384070023A0F4008320C10011
S31520007B1003248100832441001301010167800000B2
S31520007B20B787002083A7C76C6388A7168327C5015C
S31520007B30130101FE232C8100232E1100232A9100FC
S31520007B402328210123263101130405006384070815
S31520007B5083A7C700638C070293040000130900085B
S31520007B608327C40183A7C700B387970083A507008F
S31520007B706398050493844400E39424FF8327C40177
S31520007B801305040083A5C700EFD05FBB8327C4017C
S31520007B9083A507006386050013050400EFD01FBAEE
S31520007BA08327C40183A48700638604029385040087
S31520007BB01305040083A40400EFD05FB86FF0DFFE46
S31520007BC083A9050013050400EFD05FB7938509004C
S31520007BD06FF01FFA83254401638605001305040010
S31520007BE0EFD0DFB58325C4016386050013050400A5
S31520007BF0EFD0DFB483250403638605001305040054
S31520007C00EFD0DFB383254403638605001305040004
S31520007C10EFD0DFB2832584036386050013050400B5
S31520007C20EFD0DFB1832584046386050013050400A5
S31520007C30EFD0DFB0832544046386050013050400D6
S31520007C40EFD0DFAF8325C402638605001305040049
S31520007C50EFD0DFAE832704026382070213050400F8
S31520007C60032481018320C1018324410103290101C9
S31520007C708329C10013010102678007008320C10107
S31520007C800324810183244101032901018329C100A1
S31520007C90130101026780000067800000130101FFC5
S31520007CA02324810023229100379400209304050089
S31520007CB01385050093050600232611002328048634
S31520007CC0EFA0CF8B9307F0FF6318F5008327048777
S31520007CD06384070023A0F4008320C10003248100CD
S31520007CE0832441001301010167800000130101FF75
S31520007CF02324810023229100379400209304050039
S31520007D00138505002326110023280486EFA00F8E55
S31520007D109307F0FF6318F500832704876384070021
S31520007D2023A0F4008320C100032481008324410082
S31520007D301301010167800000130101FF2324810044
S31520007D402322910037940020930405001385050013
S31520007D509305060013860600232611002328048691
S31520007D60EFA08F859307F0FF6318F500832704871C
S31520007D706384070023A0F4008320C100032481002C
S31520007D80832441001301010167800000130101FFD4
S31520007D902324810023229100379400209304050098
S31520007DA01385050093050600138606002326110079
S31520007DB023280486EFA0CF8C9307F0FF6318F500E5
S31520007DC0832704876384070023A0F4008320C1004F
S31520007DD003248100832441001301010167800000F0
S31520007DE0130101FF232481002322910037940020D0
S31520007DF093040500138505002326110023280486F5
S31520007E00EF90DFBC9307F0FF6318F5008327048704
S31520007E106384070023A0F4008320C100032481008B
S31520007E20832441001301010167800000130101FF33
S31520007E3023248100232291003794002093040500F7
S31520007E4013850500930506001386060023261100D8
S31520007E5023280486EF905FFC9307F0FF6318F50054
S31520007E60832704876384070023A0F4008320C100AE
S31520007E70032481008324410013010101678000004F
S31520007E80630C06021303050093061000636AB5000F
S31520007E909306F0FF1307F6FF3303E300B385E500EF
S31520007EA083830500230073001306F6FF3303D300F4
S31520007EB0B385D500E31606FE678000001303050090
S31520007EC0630A06002300B3001306F6FF130313000C
S31520007ED0E31A06FE6780000013030500630E060002
S31520007EE083830500230073001306F6FF1303130094
S31520007EF093851500E31606FE67800000130101FF37
S31520007F001305600023261100EF00802E13051000B4
S31520007F10EF909FDC63960500930506006FD05F9C6B
S31520007F20130101FE232C810023244101232E11005D
S31520007F30232A910023282101232631011304060038
S31520007F40130A050063180602EFD04FFF93040000C2
S31520007F508320C10103248101032901018329C10052
S31520007F60032A8100138504008324410113010102A1
S31520007F706780000093840500EF00C03013090500D8
S31520007F806366850093571500E3E487FC9305040098
S31520007F9013050A00EFD0DF94930905006316050048
S31520007FA0938409006FF0DFFA1306040063748900D6
S31520007FB0130609009385040013850900EFF0DFF10D
S31520007FC09385040013050A00EFD04FF76FF05FFD8D
S31520007FD00327C50363160704130101FE9305000852
S31520007FE0232E11002326A100EFD09F8F8327C100C7
S31520007FF023AEA7029307F0FF630C0500930705083D
S315200080002320050013054500E31CF5FE9307000019
S315200080108320C10113850700130101026780000038
S315200080209307000013850700678000001307F001FF
S31520008030637AB700130760012320E5001305F0FFDC
S31520008040678000000327C503630E07028327C50345
S3152000805093952500B387B70003A5070023A0C70083
S315200080606780000083A7C70393952500B387B700D1
S3152000807003A5070023A0C7008320C1011301010225
S3152000808067800000130101FE2326C1002324B100CE
S31520008090232E11002322A100EFF09FF38327410016
S315200080A0832581000326C100E30E05FA1305F0FFA0
S315200080B06FF09FFC9307F00163FAB7009307600106
S315200080C02320F5001305F0FF678000008327C503F2
S315200080D0130101FE232C8100232E11001386050097
S315200080E013040500638A070013972500B387E7006A
S315200080F003A7070063160702130504002326C10001
S31520008100EF000018930505001305040003248101E0
S315200081100326C1008320C101130101026F00401113
S31520008120130510006308A7029306F0FF631ED7000D
S31520008130930760012320F4008320C10103248101D9
S31520008140130101026780000023A0070013850500A4
S31520008150E7000700130500006FF01FFE9307F001EC
S3152000816063F6B7001305F0FF678000008327C50379
S31520008170130101FF232481002322910023261100CD
S3152000818093040500138405006384070403A7C4032E
S3152000819093172400130510003307F70083270700E1
S315200081A0638E07029306F0FF130520006388D7022B
S315200081B093061000130530006382D70213050400CE
S315200081C023200700E7800700130500006F00000149
S315200081D0EFF01FE0E30C05FA1305F0FF8320C10042
S315200081E003248100832441001301010167800000DC
S315200081F0B78700209305050003A5C76C6FF09FEB9A
S31520008200B7870020138605009305050003A5C76CD4
S315200082106FF0DFE1B787002003A5C76C6FF05FDB47
S31520008220B78700209305050003A5C76C6FF01FF3E1
S31520008230130101FF2324810023229100379400207B
S3152000824093040500138505009305060023261100D7
S3152000825023280486EF90DFCC9307F0FF6318F50000
S31520008260832704876384070023A0F4008320C100AA
S31520008270032481008324410013010101678000004B
S315200082806F909FC783A7C5FF1385C7FF63D80700D5
S31520008290B385A50083A705003305F5006780000098
S315200082A0EC0500009705000047050000FB040000D0
S315200082B0B30400007004000030040000F403000042
S315200082C0BB030000850300005303000023030000C6
S315200082D0F6020000CB020000A30200007D0200008F
S315200082E03E5149453E00427F400042615149462168
S315200082F041454B311814127F1027454545393C4AD4
S315200083004949300171090503364949493606494923
S31520008310291E00007E1111117E7F494949363E41B2
S315200083204141227F4141221C7F494949417F090918
S3152000833009013E4149497A7F0808087F00417F416B
S31520008340002040413F017F081422417F40404040A9
S315200083507F020C027F7F0408107F3E4141413E7F11
S31520008360090909063E4151215E7F091929464649D8
S3152000837049493101017F01013F4040403F1F2040D4
S31520008380201F3F4038403F631408146307087008D5
S3152000839007615149454300004C4556454C3A2575E1
S315200083A00000000047414D45204F56455200000031
S315200083B0505245535320414E59204B4559000000F9
S315200083C053494D4F4E205341595300000A50726F66
S315200083D06772616D20657869746564207769746851
S315200083E020636F64652025640A0000000000803E3B
S315200083F00000003F000102020303030304040404F7
S3152000840004040404050505050505050505050505FA
S3152000841005050505060606060606060606060606DA
S3152000842006060606060606060606060606060606C6
S3152000843006060606070707070707070707070707AA
S315200084400707070707070707070707070707070796
S315200084500707070707070707070707070707070786
S315200084600707070707070707070707070707070776
S31520008470070707070808080808080808080808085A
S315200084800808080808080808080808080808080846
S315200084900808080808080808080808080808080836
S315200084A00808080808080808080808080808080826
S315200084B00808080808080808080808080808080816
S315200084C00808080808080808080808080808080806
S315200084D008080808080808080808080808080808F6
S315200084E008080808080808080808080808080808E6
S315200084F0080808085245454E54206D616C6C6F6320
S31520008500207375636365656465640000443A2F676C
S315200085106D762F73642F6763632F72697363762D6D
S31520008520676E752D746F6F6C636861696E2F6E65EB
S31520008530776C69622F6E65776C69622F6C696263EE
S315200085402F7374646C69622F72616E642E630000EF
S315200085502C2066756E6374696F6E3A2000000000E9
S31520008560617373657274696F6E202225732220668B
S3152000857061696C65643A2066696C652022257322E0
S315200085802C206C696E65202564257325730A0000EE
S31520008590232D302B20000000686C4C006566674553
S315200085A04647000030313233343536373839414288
S315200085B043444546000000003031323334353637E7
S315200085C0383961626364656600000000186800201F
S315200085D038680020E8670020E8670020E867002068
S315200085E0E867002038680020E8670020E867002058
S315200085F0E8670020E8670020246A002090680020B1
S315200086009C690020E8670020E86700206C6A00204B
S31520008610E867002090680020E8670020E8670020CF
S30920008620A8690020FF
S3122000862400000000000000000036360000B7
S315200086341000000000000000037A5200017C0101B2
S315200086441B0C0200100000001800000084C3FFFF6A
S31520008654EC03000000000000100000002C000000C5
S311200086645CC7FFFF1C04000000000000A3
S31520008670000000002C87002094870020FC87002023
S3152000868000000000000000000000000000000000C4
S3152000869000000000000000000000000000000000B4
S315200086A000000000000000000000000000000000A4
S315200086B00000000000000000000000000000000094
S315200086C0030000002C870020FF0000007086002099
S70520000000DA
