
build/spel.elf:     file format elf32-littleriscv


Disassembly of section .text:

20000000 <_start>:
20000000:	2001c137          	lui	sp,0x2001c
20000004:	269010ef          	jal	20001a6c <_crt_init>
20000008:	00001297          	auipc	t0,0x1
2000000c:	18828293          	addi	t0,t0,392 # 20001190 <main>
20000010:	00000097          	auipc	ra,0x0
20000014:	01c08093          	addi	ra,ra,28 # 2000002c <exit>
20000018:	34129073          	csrw	mepc,t0
2000001c:	00004337          	lui	t1,0x4
20000020:	88030313          	addi	t1,t1,-1920 # 3880 <_start-0x1fffc780>
20000024:	30031073          	csrw	mstatus,t1
20000028:	30200073          	mret

2000002c <exit>:
2000002c:	489010ef          	jal	20001cb4 <_crt_deinit>
20000030:	0000006f          	j	20000030 <exit+0x4>

20000034 <init_gpio>:
#include "gpio.h"

void init_gpio(void) {
20000034:	ff010113          	addi	sp,sp,-16 # 2001bff0 <__stack_top+0x12b7c>
20000038:	00112623          	sw	ra,12(sp)
2000003c:	00812423          	sw	s0,8(sp)
20000040:	01010413          	addi	s0,sp,16
  *RCC_APB2PCENR |= RCC_AFIOEN | RCC_IOPDEN | RCC_IOPEEN;
20000044:	400217b7          	lui	a5,0x40021
20000048:	01878793          	addi	a5,a5,24 # 40021018 <__stack_top+0x20017ba4>
2000004c:	0007a703          	lw	a4,0(a5)
20000050:	400217b7          	lui	a5,0x40021
20000054:	01878793          	addi	a5,a5,24 # 40021018 <__stack_top+0x20017ba4>
20000058:	06176713          	ori	a4,a4,97
2000005c:	00e7a023          	sw	a4,0(a5)

  // Keypad on GPIOD[0:7]:
  // columns D0-D3 = input pull-up, rows D4-D7 = output open-drain.
  GPIOD->CFGLR = 0x66668888;
20000060:	400117b7          	lui	a5,0x40011
20000064:	40078793          	addi	a5,a5,1024 # 40011400 <__stack_top+0x20007f8c>
20000068:	66669737          	lui	a4,0x66669
2000006c:	88870713          	addi	a4,a4,-1912 # 66668888 <__stack_top+0x4665f414>
20000070:	00e7a023          	sw	a4,0(a5)
  GPIOD->BSR = KEYPAD_COL_MASK;
20000074:	400117b7          	lui	a5,0x40011
20000078:	40078793          	addi	a5,a5,1024 # 40011400 <__stack_top+0x20007f8c>
2000007c:	00f00713          	li	a4,15
20000080:	00e79823          	sh	a4,16(a5)
  GPIOD->BCR = KEYPAD_ROW_MASK;
20000084:	400117b7          	lui	a5,0x40011
20000088:	40078793          	addi	a5,a5,1024 # 40011400 <__stack_top+0x20007f8c>
2000008c:	0f000713          	li	a4,240
20000090:	00e79a23          	sh	a4,20(a5)

  // Buzzer on GPIOE[0].
  GPIOE->CFGLR &= ~(0xF << 0);
20000094:	400127b7          	lui	a5,0x40012
20000098:	80078793          	addi	a5,a5,-2048 # 40011800 <__stack_top+0x2000838c>
2000009c:	0007a703          	lw	a4,0(a5)
200000a0:	400127b7          	lui	a5,0x40012
200000a4:	80078793          	addi	a5,a5,-2048 # 40011800 <__stack_top+0x2000838c>
200000a8:	ff077713          	andi	a4,a4,-16
200000ac:	00e7a023          	sw	a4,0(a5)
  GPIOE->CFGLR |= (0x2 << 0);
200000b0:	400127b7          	lui	a5,0x40012
200000b4:	80078793          	addi	a5,a5,-2048 # 40011800 <__stack_top+0x2000838c>
200000b8:	0007a703          	lw	a4,0(a5)
200000bc:	400127b7          	lui	a5,0x40012
200000c0:	80078793          	addi	a5,a5,-2048 # 40011800 <__stack_top+0x2000838c>
200000c4:	00276713          	ori	a4,a4,2
200000c8:	00e7a023          	sw	a4,0(a5)
  GPIOE->BCR = BUZZER_MASK;
200000cc:	400127b7          	lui	a5,0x40012
200000d0:	80078793          	addi	a5,a5,-2048 # 40011800 <__stack_top+0x2000838c>
200000d4:	00100713          	li	a4,1
200000d8:	00e79a23          	sh	a4,20(a5)

  // LED bar on GPIOD[8:15].
  GPIOD->CFGHR = 0x22222222;
200000dc:	400117b7          	lui	a5,0x40011
200000e0:	40078793          	addi	a5,a5,1024 # 40011400 <__stack_top+0x20007f8c>
200000e4:	22222737          	lui	a4,0x22222
200000e8:	22270713          	addi	a4,a4,546 # 22222222 <__stack_top+0x2218dae>
200000ec:	00e7a223          	sw	a4,4(a5)
  GPIOD->BCR = LED_MASK;
200000f0:	400117b7          	lui	a5,0x40011
200000f4:	40078793          	addi	a5,a5,1024 # 40011400 <__stack_top+0x20007f8c>
200000f8:	f0000713          	li	a4,-256
200000fc:	00e79a23          	sh	a4,20(a5)
}
20000100:	00000013          	nop
20000104:	00c12083          	lw	ra,12(sp)
20000108:	00812403          	lw	s0,8(sp)
2000010c:	01010113          	addi	sp,sp,16
20000110:	00008067          	ret

20000114 <init_interrupts>:
#include "afio.h"
#include "exti.h"
#include "pfic.h"

void init_interrupts(void) {
20000114:	ff010113          	addi	sp,sp,-16
20000118:	00112623          	sw	ra,12(sp)
2000011c:	00812423          	sw	s0,8(sp)
20000120:	01010413          	addi	s0,sp,16
  IENR_SET(12);
20000124:	e000e7b7          	lui	a5,0xe000e
20000128:	10078793          	addi	a5,a5,256 # e000e100 <__stack_top+0xc0004c8c>
2000012c:	0007a683          	lw	a3,0(a5)
20000130:	e000e7b7          	lui	a5,0xe000e
20000134:	10078793          	addi	a5,a5,256 # e000e100 <__stack_top+0xc0004c8c>
20000138:	00001737          	lui	a4,0x1
2000013c:	00e6e733          	or	a4,a3,a4
20000140:	00e7a023          	sw	a4,0(a5)

  IENR_SET(22);
20000144:	e000e7b7          	lui	a5,0xe000e
20000148:	10078793          	addi	a5,a5,256 # e000e100 <__stack_top+0xc0004c8c>
2000014c:	0007a683          	lw	a3,0(a5)
20000150:	e000e7b7          	lui	a5,0xe000e
20000154:	10078793          	addi	a5,a5,256 # e000e100 <__stack_top+0xc0004c8c>
20000158:	00400737          	lui	a4,0x400
2000015c:	00e6e733          	or	a4,a3,a4
20000160:	00e7a023          	sw	a4,0(a5)
  IENR_SET(23);
20000164:	e000e7b7          	lui	a5,0xe000e
20000168:	10078793          	addi	a5,a5,256 # e000e100 <__stack_top+0xc0004c8c>
2000016c:	0007a683          	lw	a3,0(a5)
20000170:	e000e7b7          	lui	a5,0xe000e
20000174:	10078793          	addi	a5,a5,256 # e000e100 <__stack_top+0xc0004c8c>
20000178:	00800737          	lui	a4,0x800
2000017c:	00e6e733          	or	a4,a3,a4
20000180:	00e7a023          	sw	a4,0(a5)
  IENR_SET(24);
20000184:	e000e7b7          	lui	a5,0xe000e
20000188:	10078793          	addi	a5,a5,256 # e000e100 <__stack_top+0xc0004c8c>
2000018c:	0007a683          	lw	a3,0(a5)
20000190:	e000e7b7          	lui	a5,0xe000e
20000194:	10078793          	addi	a5,a5,256 # e000e100 <__stack_top+0xc0004c8c>
20000198:	01000737          	lui	a4,0x1000
2000019c:	00e6e733          	or	a4,a3,a4
200001a0:	00e7a023          	sw	a4,0(a5)
  IENR_SET(25);
200001a4:	e000e7b7          	lui	a5,0xe000e
200001a8:	10078793          	addi	a5,a5,256 # e000e100 <__stack_top+0xc0004c8c>
200001ac:	0007a683          	lw	a3,0(a5)
200001b0:	e000e7b7          	lui	a5,0xe000e
200001b4:	10078793          	addi	a5,a5,256 # e000e100 <__stack_top+0xc0004c8c>
200001b8:	02000737          	lui	a4,0x2000
200001bc:	00e6e733          	or	a4,a3,a4
200001c0:	00e7a023          	sw	a4,0(a5)

  AFIO->EXTICR1 = 0x3333;
200001c4:	400107b7          	lui	a5,0x40010
200001c8:	00003737          	lui	a4,0x3
200001cc:	33370713          	addi	a4,a4,819 # 3333 <_start-0x1fffcccd>
200001d0:	00e79423          	sh	a4,8(a5) # 40010008 <__stack_top+0x20006b94>

  EXTI->INTENR &= ~0xFU;
200001d4:	400107b7          	lui	a5,0x40010
200001d8:	40078793          	addi	a5,a5,1024 # 40010400 <__stack_top+0x20006f8c>
200001dc:	0007a703          	lw	a4,0(a5)
200001e0:	400107b7          	lui	a5,0x40010
200001e4:	40078793          	addi	a5,a5,1024 # 40010400 <__stack_top+0x20006f8c>
200001e8:	ff077713          	andi	a4,a4,-16
200001ec:	00e7a023          	sw	a4,0(a5)
  EXTI->RTENR &= ~0xFU;
200001f0:	400107b7          	lui	a5,0x40010
200001f4:	40078793          	addi	a5,a5,1024 # 40010400 <__stack_top+0x20006f8c>
200001f8:	0087a703          	lw	a4,8(a5)
200001fc:	400107b7          	lui	a5,0x40010
20000200:	40078793          	addi	a5,a5,1024 # 40010400 <__stack_top+0x20006f8c>
20000204:	ff077713          	andi	a4,a4,-16
20000208:	00e7a423          	sw	a4,8(a5)
  EXTI->FTENR &= ~0xFU;
2000020c:	400107b7          	lui	a5,0x40010
20000210:	40078793          	addi	a5,a5,1024 # 40010400 <__stack_top+0x20006f8c>
20000214:	00c7a703          	lw	a4,12(a5)
20000218:	400107b7          	lui	a5,0x40010
2000021c:	40078793          	addi	a5,a5,1024 # 40010400 <__stack_top+0x20006f8c>
20000220:	ff077713          	andi	a4,a4,-16
20000224:	00e7a623          	sw	a4,12(a5)
  EXTI->INTFR = 0xFU;
20000228:	400107b7          	lui	a5,0x40010
2000022c:	40078793          	addi	a5,a5,1024 # 40010400 <__stack_top+0x20006f8c>
20000230:	00f00713          	li	a4,15
20000234:	00e7aa23          	sw	a4,20(a5)

  EXTI->RTENR |= 0xFU;
20000238:	400107b7          	lui	a5,0x40010
2000023c:	40078793          	addi	a5,a5,1024 # 40010400 <__stack_top+0x20006f8c>
20000240:	0087a703          	lw	a4,8(a5)
20000244:	400107b7          	lui	a5,0x40010
20000248:	40078793          	addi	a5,a5,1024 # 40010400 <__stack_top+0x20006f8c>
2000024c:	00f76713          	ori	a4,a4,15
20000250:	00e7a423          	sw	a4,8(a5)
  EXTI->FTENR |= 0xFU;
20000254:	400107b7          	lui	a5,0x40010
20000258:	40078793          	addi	a5,a5,1024 # 40010400 <__stack_top+0x20006f8c>
2000025c:	00c7a703          	lw	a4,12(a5)
20000260:	400107b7          	lui	a5,0x40010
20000264:	40078793          	addi	a5,a5,1024 # 40010400 <__stack_top+0x20006f8c>
20000268:	00f76713          	ori	a4,a4,15
2000026c:	00e7a623          	sw	a4,12(a5)
  EXTI->INTENR |= 0xFU;
20000270:	400107b7          	lui	a5,0x40010
20000274:	40078793          	addi	a5,a5,1024 # 40010400 <__stack_top+0x20006f8c>
20000278:	0007a703          	lw	a4,0(a5)
2000027c:	400107b7          	lui	a5,0x40010
20000280:	40078793          	addi	a5,a5,1024 # 40010400 <__stack_top+0x20006f8c>
20000284:	00f76713          	ori	a4,a4,15
20000288:	00e7a023          	sw	a4,0(a5)
}
2000028c:	00000013          	nop
20000290:	00c12083          	lw	ra,12(sp)
20000294:	00812403          	lw	s0,8(sp)
20000298:	01010113          	addi	sp,sp,16
2000029c:	00008067          	ret

200002a0 <keypad>:
#include "gpio.h"
#include "keypad.h"

uint8_t keypad(void) {
200002a0:	fe010113          	addi	sp,sp,-32
200002a4:	00112e23          	sw	ra,28(sp)
200002a8:	00812c23          	sw	s0,24(sp)
200002ac:	02010413          	addi	s0,sp,32
  int row;
  int col;
  uint16_t idr;

  GPIOD->BSR = KEYPAD_ROW_MASK;
200002b0:	400117b7          	lui	a5,0x40011
200002b4:	40078793          	addi	a5,a5,1024 # 40011400 <__stack_top+0x20007f8c>
200002b8:	0f000713          	li	a4,240
200002bc:	00e79823          	sh	a4,16(a5)

  for (row = 0; row < 4; row++) {
200002c0:	fe042623          	sw	zero,-20(s0)
200002c4:	0cc0006f          	j	20000390 <keypad+0xf0>
    GPIOD->BCR = 1U << (row + 4);
200002c8:	fec42783          	lw	a5,-20(s0)
200002cc:	00478793          	addi	a5,a5,4
200002d0:	00100713          	li	a4,1
200002d4:	00f71733          	sll	a4,a4,a5
200002d8:	400117b7          	lui	a5,0x40011
200002dc:	40078793          	addi	a5,a5,1024 # 40011400 <__stack_top+0x20007f8c>
200002e0:	01071713          	slli	a4,a4,0x10
200002e4:	01075713          	srli	a4,a4,0x10
200002e8:	00e79a23          	sh	a4,20(a5)

    for (volatile int i = 0; i < 100; i++) {
200002ec:	fe042023          	sw	zero,-32(s0)
200002f0:	0100006f          	j	20000300 <keypad+0x60>
200002f4:	fe042783          	lw	a5,-32(s0)
200002f8:	00178793          	addi	a5,a5,1
200002fc:	fef42023          	sw	a5,-32(s0)
20000300:	fe042703          	lw	a4,-32(s0)
20000304:	06300793          	li	a5,99
20000308:	fee7d6e3          	bge	a5,a4,200002f4 <keypad+0x54>
    }

    idr = GPIOD->IDR;
2000030c:	400117b7          	lui	a5,0x40011
20000310:	40078793          	addi	a5,a5,1024 # 40011400 <__stack_top+0x20007f8c>
20000314:	0087d783          	lhu	a5,8(a5)
20000318:	fef41323          	sh	a5,-26(s0)

    for (col = 0; col < 4; col++) {
2000031c:	fe042423          	sw	zero,-24(s0)
20000320:	0580006f          	j	20000378 <keypad+0xd8>
      if ((idr & (1U << col)) == 0) {
20000324:	fe645703          	lhu	a4,-26(s0)
20000328:	fe842783          	lw	a5,-24(s0)
2000032c:	00f757b3          	srl	a5,a4,a5
20000330:	0017f793          	andi	a5,a5,1
20000334:	02079c63          	bnez	a5,2000036c <keypad+0xcc>
        GPIOD->BCR = KEYPAD_ROW_MASK;
20000338:	400117b7          	lui	a5,0x40011
2000033c:	40078793          	addi	a5,a5,1024 # 40011400 <__stack_top+0x20007f8c>
20000340:	0f000713          	li	a4,240
20000344:	00e79a23          	sh	a4,20(a5)
        return (uint8_t)(4 * row + col);
20000348:	fec42783          	lw	a5,-20(s0)
2000034c:	0ff7f793          	zext.b	a5,a5
20000350:	00279793          	slli	a5,a5,0x2
20000354:	0ff7f713          	zext.b	a4,a5
20000358:	fe842783          	lw	a5,-24(s0)
2000035c:	0ff7f793          	zext.b	a5,a5
20000360:	00f707b3          	add	a5,a4,a5
20000364:	0ff7f793          	zext.b	a5,a5
20000368:	0480006f          	j	200003b0 <keypad+0x110>
    for (col = 0; col < 4; col++) {
2000036c:	fe842783          	lw	a5,-24(s0)
20000370:	00178793          	addi	a5,a5,1
20000374:	fef42423          	sw	a5,-24(s0)
20000378:	fe842703          	lw	a4,-24(s0)
2000037c:	00300793          	li	a5,3
20000380:	fae7d2e3          	bge	a5,a4,20000324 <keypad+0x84>
  for (row = 0; row < 4; row++) {
20000384:	fec42783          	lw	a5,-20(s0)
20000388:	00178793          	addi	a5,a5,1
2000038c:	fef42623          	sw	a5,-20(s0)
20000390:	fec42703          	lw	a4,-20(s0)
20000394:	00300793          	li	a5,3
20000398:	f2e7d8e3          	bge	a5,a4,200002c8 <keypad+0x28>
      }
    }
  }

  GPIOD->BCR = KEYPAD_ROW_MASK;
2000039c:	400117b7          	lui	a5,0x40011
200003a0:	40078793          	addi	a5,a5,1024 # 40011400 <__stack_top+0x20007f8c>
200003a4:	0f000713          	li	a4,240
200003a8:	00e79a23          	sh	a4,20(a5)
  return 0xFF;
200003ac:	0ff00793          	li	a5,255
}
200003b0:	00078513          	mv	a0,a5
200003b4:	01c12083          	lw	ra,28(sp)
200003b8:	01812403          	lw	s0,24(sp)
200003bc:	02010113          	addi	sp,sp,32
200003c0:	00008067          	ret

200003c4 <systick_handler>:
static void play_sequence(void);
static uint8_t get_player_sequence(void);
static void display_game_over_screen(uint8_t final_level);

__attribute__((interrupt("machine")))
void systick_handler(void) {
200003c4:	fd010113          	addi	sp,sp,-48
200003c8:	02112623          	sw	ra,44(sp)
200003cc:	02512423          	sw	t0,40(sp)
200003d0:	02812223          	sw	s0,36(sp)
200003d4:	02e12023          	sw	a4,32(sp)
200003d8:	00f12e23          	sw	a5,28(sp)
200003dc:	03010413          	addi	s0,sp,48
  *STK_SR &= ~1U;
200003e0:	e000f7b7          	lui	a5,0xe000f
200003e4:	00478793          	addi	a5,a5,4 # e000f004 <__stack_top+0xc0005b90>
200003e8:	0007a703          	lw	a4,0(a5)
200003ec:	e000f7b7          	lui	a5,0xe000f
200003f0:	00478793          	addi	a5,a5,4 # e000f004 <__stack_top+0xc0005b90>
200003f4:	ffe77713          	andi	a4,a4,-2
200003f8:	00e7a023          	sw	a4,0(a5)

  if (buzzer_enabled != 0) {
200003fc:	200087b7          	lui	a5,0x20008
20000400:	6fc7c783          	lbu	a5,1788(a5) # 200086fc <buzzer_enabled>
20000404:	0ff7f793          	zext.b	a5,a5
20000408:	02078863          	beqz	a5,20000438 <systick_handler+0x74>
    *GPIOE_ODR ^= BUZZER_MASK;
2000040c:	400127b7          	lui	a5,0x40012
20000410:	80c78793          	addi	a5,a5,-2036 # 4001180c <__stack_top+0x20008398>
20000414:	0007d783          	lhu	a5,0(a5)
20000418:	01079713          	slli	a4,a5,0x10
2000041c:	01075713          	srli	a4,a4,0x10
20000420:	400127b7          	lui	a5,0x40012
20000424:	80c78793          	addi	a5,a5,-2036 # 4001180c <__stack_top+0x20008398>
20000428:	00174713          	xori	a4,a4,1
2000042c:	01071713          	slli	a4,a4,0x10
20000430:	01075713          	srli	a4,a4,0x10
20000434:	00e79023          	sh	a4,0(a5)
  }

  if (remaining_duration > 0) {
20000438:	200087b7          	lui	a5,0x20008
2000043c:	6f47a783          	lw	a5,1780(a5) # 200086f4 <remaining_duration>
20000440:	04078663          	beqz	a5,2000048c <systick_handler+0xc8>
    uint32_t step = current_period;
20000444:	200087b7          	lui	a5,0x20008
20000448:	6f87a783          	lw	a5,1784(a5) # 200086f8 <current_period>
2000044c:	fcf42e23          	sw	a5,-36(s0)
    if ((step == 0) || (remaining_duration <= step)) {
20000450:	fdc42783          	lw	a5,-36(s0)
20000454:	00078a63          	beqz	a5,20000468 <systick_handler+0xa4>
20000458:	200087b7          	lui	a5,0x20008
2000045c:	6f47a783          	lw	a5,1780(a5) # 200086f4 <remaining_duration>
20000460:	fdc42703          	lw	a4,-36(s0)
20000464:	00f76863          	bltu	a4,a5,20000474 <systick_handler+0xb0>
      remaining_duration = 0;
20000468:	200087b7          	lui	a5,0x20008
2000046c:	6e07aa23          	sw	zero,1780(a5) # 200086f4 <remaining_duration>
    } else {
      remaining_duration -= step;
    }
  }
}
20000470:	01c0006f          	j	2000048c <systick_handler+0xc8>
      remaining_duration -= step;
20000474:	200087b7          	lui	a5,0x20008
20000478:	6f47a703          	lw	a4,1780(a5) # 200086f4 <remaining_duration>
2000047c:	fdc42783          	lw	a5,-36(s0)
20000480:	40f70733          	sub	a4,a4,a5
20000484:	200087b7          	lui	a5,0x20008
20000488:	6ee7aa23          	sw	a4,1780(a5) # 200086f4 <remaining_duration>
}
2000048c:	00000013          	nop
20000490:	02c12083          	lw	ra,44(sp)
20000494:	02812283          	lw	t0,40(sp)
20000498:	02412403          	lw	s0,36(sp)
2000049c:	02012703          	lw	a4,32(sp)
200004a0:	01c12783          	lw	a5,28(sp)
200004a4:	03010113          	addi	sp,sp,48
200004a8:	30200073          	mret

200004ac <exti_handler>:

__attribute__((interrupt("machine")))
void exti_handler(void) {
200004ac:	f4010113          	addi	sp,sp,-192
200004b0:	0a112e23          	sw	ra,188(sp)
200004b4:	0a512c23          	sw	t0,184(sp)
200004b8:	003022f3          	frcsr	t0
200004bc:	0a512a23          	sw	t0,180(sp)
200004c0:	0a612823          	sw	t1,176(sp)
200004c4:	0a712623          	sw	t2,172(sp)
200004c8:	0a812423          	sw	s0,168(sp)
200004cc:	0aa12223          	sw	a0,164(sp)
200004d0:	0ab12023          	sw	a1,160(sp)
200004d4:	08c12e23          	sw	a2,156(sp)
200004d8:	08d12c23          	sw	a3,152(sp)
200004dc:	08e12a23          	sw	a4,148(sp)
200004e0:	08f12823          	sw	a5,144(sp)
200004e4:	09012623          	sw	a6,140(sp)
200004e8:	09112423          	sw	a7,136(sp)
200004ec:	09c12223          	sw	t3,132(sp)
200004f0:	09d12023          	sw	t4,128(sp)
200004f4:	07e12e23          	sw	t5,124(sp)
200004f8:	07f12c23          	sw	t6,120(sp)
200004fc:	04012e27          	fsw	ft0,92(sp)
20000500:	04112c27          	fsw	ft1,88(sp)
20000504:	04212a27          	fsw	ft2,84(sp)
20000508:	04312827          	fsw	ft3,80(sp)
2000050c:	04412627          	fsw	ft4,76(sp)
20000510:	04512427          	fsw	ft5,72(sp)
20000514:	04612227          	fsw	ft6,68(sp)
20000518:	04712027          	fsw	ft7,64(sp)
2000051c:	02a12e27          	fsw	fa0,60(sp)
20000520:	02b12c27          	fsw	fa1,56(sp)
20000524:	02c12a27          	fsw	fa2,52(sp)
20000528:	02d12827          	fsw	fa3,48(sp)
2000052c:	02e12627          	fsw	fa4,44(sp)
20000530:	02f12427          	fsw	fa5,40(sp)
20000534:	03012227          	fsw	fa6,36(sp)
20000538:	03112027          	fsw	fa7,32(sp)
2000053c:	01c12e27          	fsw	ft8,28(sp)
20000540:	01d12c27          	fsw	ft9,24(sp)
20000544:	01e12a27          	fsw	ft10,20(sp)
20000548:	01f12827          	fsw	ft11,16(sp)
2000054c:	0c010413          	addi	s0,sp,192
  *EXTI_INTFR = 0xFU;
20000550:	400107b7          	lui	a5,0x40010
20000554:	41478793          	addi	a5,a5,1044 # 40010414 <__stack_top+0x20006fa0>
20000558:	00f00713          	li	a4,15
2000055c:	00e7a023          	sw	a4,0(a5)

  uint8_t key = keypad();
20000560:	d41ff0ef          	jal	200002a0 <keypad>
20000564:	00050793          	mv	a5,a0
20000568:	f4f407a3          	sb	a5,-177(s0)
  if (key != NO_KEY) {
2000056c:	f4f44703          	lbu	a4,-177(s0)
20000570:	0ff00793          	li	a5,255
20000574:	02f70063          	beq	a4,a5,20000594 <exti_handler+0xe8>
    last_key_pressed = key;
20000578:	200087b7          	lui	a5,0x20008
2000057c:	f4f44703          	lbu	a4,-177(s0)
20000580:	6ce78423          	sb	a4,1736(a5) # 200086c8 <last_key_pressed>
    display_binary_led(key);
20000584:	f4f44783          	lbu	a5,-177(s0)
20000588:	00078513          	mv	a0,a5
2000058c:	6c8000ef          	jal	20000c54 <display_binary_led>
  } else {
    display_binary_led(0);
  }
}
20000590:	00c0006f          	j	2000059c <exti_handler+0xf0>
    display_binary_led(0);
20000594:	00000513          	li	a0,0
20000598:	6bc000ef          	jal	20000c54 <display_binary_led>
}
2000059c:	00000013          	nop
200005a0:	0bc12083          	lw	ra,188(sp)
200005a4:	0b412283          	lw	t0,180(sp)
200005a8:	00329073          	fscsr	t0
200005ac:	0b812283          	lw	t0,184(sp)
200005b0:	0b012303          	lw	t1,176(sp)
200005b4:	0ac12383          	lw	t2,172(sp)
200005b8:	0a812403          	lw	s0,168(sp)
200005bc:	0a412503          	lw	a0,164(sp)
200005c0:	0a012583          	lw	a1,160(sp)
200005c4:	09c12603          	lw	a2,156(sp)
200005c8:	09812683          	lw	a3,152(sp)
200005cc:	09412703          	lw	a4,148(sp)
200005d0:	09012783          	lw	a5,144(sp)
200005d4:	08c12803          	lw	a6,140(sp)
200005d8:	08812883          	lw	a7,136(sp)
200005dc:	08412e03          	lw	t3,132(sp)
200005e0:	08012e83          	lw	t4,128(sp)
200005e4:	07c12f03          	lw	t5,124(sp)
200005e8:	07812f83          	lw	t6,120(sp)
200005ec:	05c12007          	flw	ft0,92(sp)
200005f0:	05812087          	flw	ft1,88(sp)
200005f4:	05412107          	flw	ft2,84(sp)
200005f8:	05012187          	flw	ft3,80(sp)
200005fc:	04c12207          	flw	ft4,76(sp)
20000600:	04812287          	flw	ft5,72(sp)
20000604:	04412307          	flw	ft6,68(sp)
20000608:	04012387          	flw	ft7,64(sp)
2000060c:	03c12507          	flw	fa0,60(sp)
20000610:	03812587          	flw	fa1,56(sp)
20000614:	03412607          	flw	fa2,52(sp)
20000618:	03012687          	flw	fa3,48(sp)
2000061c:	02c12707          	flw	fa4,44(sp)
20000620:	02812787          	flw	fa5,40(sp)
20000624:	02412807          	flw	fa6,36(sp)
20000628:	02012887          	flw	fa7,32(sp)
2000062c:	01c12e07          	flw	ft8,28(sp)
20000630:	01812e87          	flw	ft9,24(sp)
20000634:	01412f07          	flw	ft10,20(sp)
20000638:	01012f87          	flw	ft11,16(sp)
2000063c:	0c010113          	addi	sp,sp,192
20000640:	30200073          	mret

20000644 <init_display>:

static void init_display(void) {
20000644:	ff010113          	addi	sp,sp,-16
20000648:	00112623          	sw	ra,12(sp)
2000064c:	00812423          	sw	s0,8(sp)
20000650:	01010413          	addi	s0,sp,16
  if (!tft_init(TFT_INIT_ILI9488)) {
20000654:	00100513          	li	a0,1
20000658:	391010ef          	jal	200021e8 <tft_init>
2000065c:	00050793          	mv	a5,a0
20000660:	00079663          	bnez	a5,2000066c <init_display+0x28>
    (void)tft_init(TFT_INIT_ST7796S);
20000664:	00200513          	li	a0,2
20000668:	381010ef          	jal	200021e8 <tft_init>
  }
}
2000066c:	00000013          	nop
20000670:	00c12083          	lw	ra,12(sp)
20000674:	00812403          	lw	s0,8(sp)
20000678:	01010113          	addi	sp,sp,16
2000067c:	00008067          	ret

20000680 <glyph_for>:

static const uint8_t *glyph_for(char ch) {
20000680:	fe010113          	addi	sp,sp,-32
20000684:	00112e23          	sw	ra,28(sp)
20000688:	00812c23          	sw	s0,24(sp)
2000068c:	02010413          	addi	s0,sp,32
20000690:	00050793          	mv	a5,a0
20000694:	fef407a3          	sb	a5,-17(s0)
  if ((ch >= 'a') && (ch <= 'z')) {
20000698:	fef44703          	lbu	a4,-17(s0)
2000069c:	06000793          	li	a5,96
200006a0:	00e7fe63          	bgeu	a5,a4,200006bc <glyph_for+0x3c>
200006a4:	fef44703          	lbu	a4,-17(s0)
200006a8:	07a00793          	li	a5,122
200006ac:	00e7e863          	bltu	a5,a4,200006bc <glyph_for+0x3c>
    ch = (char)(ch - ('a' - 'A'));
200006b0:	fef44783          	lbu	a5,-17(s0)
200006b4:	fe078793          	addi	a5,a5,-32
200006b8:	fef407a3          	sb	a5,-17(s0)
  }

  if ((ch >= 'A') && (ch <= 'Z')) {
200006bc:	fef44703          	lbu	a4,-17(s0)
200006c0:	04000793          	li	a5,64
200006c4:	02e7fa63          	bgeu	a5,a4,200006f8 <glyph_for+0x78>
200006c8:	fef44703          	lbu	a4,-17(s0)
200006cc:	05a00793          	li	a5,90
200006d0:	02e7e463          	bltu	a5,a4,200006f8 <glyph_for+0x78>
    return letter_glyphs[ch - 'A'];
200006d4:	fef44783          	lbu	a5,-17(s0)
200006d8:	fbf78713          	addi	a4,a5,-65
200006dc:	00070793          	mv	a5,a4
200006e0:	00279793          	slli	a5,a5,0x2
200006e4:	00e787b3          	add	a5,a5,a4
200006e8:	20008737          	lui	a4,0x20008
200006ec:	31470713          	addi	a4,a4,788 # 20008314 <letter_glyphs>
200006f0:	00e787b3          	add	a5,a5,a4
200006f4:	0600006f          	j	20000754 <glyph_for+0xd4>
  }

  if ((ch >= '0') && (ch <= '9')) {
200006f8:	fef44703          	lbu	a4,-17(s0)
200006fc:	02f00793          	li	a5,47
20000700:	02e7fa63          	bgeu	a5,a4,20000734 <glyph_for+0xb4>
20000704:	fef44703          	lbu	a4,-17(s0)
20000708:	03900793          	li	a5,57
2000070c:	02e7e463          	bltu	a5,a4,20000734 <glyph_for+0xb4>
    return digit_glyphs[ch - '0'];
20000710:	fef44783          	lbu	a5,-17(s0)
20000714:	fd078713          	addi	a4,a5,-48
20000718:	00070793          	mv	a5,a4
2000071c:	00279793          	slli	a5,a5,0x2
20000720:	00e787b3          	add	a5,a5,a4
20000724:	20008737          	lui	a4,0x20008
20000728:	2e070713          	addi	a4,a4,736 # 200082e0 <digit_glyphs>
2000072c:	00e787b3          	add	a5,a5,a4
20000730:	0240006f          	j	20000754 <glyph_for+0xd4>
  }

  if (ch == ':') {
20000734:	fef44703          	lbu	a4,-17(s0)
20000738:	03a00793          	li	a5,58
2000073c:	00f71863          	bne	a4,a5,2000074c <glyph_for+0xcc>
    return colon_glyph;
20000740:	200087b7          	lui	a5,0x20008
20000744:	62c78793          	addi	a5,a5,1580 # 2000862c <colon_glyph>
20000748:	00c0006f          	j	20000754 <glyph_for+0xd4>
  }

  return blank_glyph;
2000074c:	200087b7          	lui	a5,0x20008
20000750:	62478793          	addi	a5,a5,1572 # 20008624 <blank_glyph>
}
20000754:	00078513          	mv	a0,a5
20000758:	01c12083          	lw	ra,28(sp)
2000075c:	01812403          	lw	s0,24(sp)
20000760:	02010113          	addi	sp,sp,32
20000764:	00008067          	ret

20000768 <lcd_draw_char>:

static void lcd_draw_char(int x, int y, char ch, uint16_t color, uint16_t bgcolor, int scale) {
20000768:	fb010113          	addi	sp,sp,-80
2000076c:	04112623          	sw	ra,76(sp)
20000770:	04812423          	sw	s0,72(sp)
20000774:	05010413          	addi	s0,sp,80
20000778:	fca42623          	sw	a0,-52(s0)
2000077c:	fcb42423          	sw	a1,-56(s0)
20000780:	faf42e23          	sw	a5,-68(s0)
20000784:	00060793          	mv	a5,a2
20000788:	fcf403a3          	sb	a5,-57(s0)
2000078c:	00068793          	mv	a5,a3
20000790:	fcf41223          	sh	a5,-60(s0)
20000794:	00070793          	mv	a5,a4
20000798:	fcf41123          	sh	a5,-62(s0)
  const uint8_t *glyph = glyph_for(ch);
2000079c:	fc744783          	lbu	a5,-57(s0)
200007a0:	00078513          	mv	a0,a5
200007a4:	eddff0ef          	jal	20000680 <glyph_for>
200007a8:	fca42823          	sw	a0,-48(s0)

  for (int col = 0; col < FONT_WIDTH; col++) {
200007ac:	fe042623          	sw	zero,-20(s0)
200007b0:	0f40006f          	j	200008a4 <lcd_draw_char+0x13c>
    for (int row = 0; row < FONT_HEIGHT; row++) {
200007b4:	fe042423          	sw	zero,-24(s0)
200007b8:	0d40006f          	j	2000088c <lcd_draw_char+0x124>
      uint16_t pixel_color = ((glyph[col] & (1U << row)) != 0) ? color : bgcolor;
200007bc:	fec42783          	lw	a5,-20(s0)
200007c0:	fd042703          	lw	a4,-48(s0)
200007c4:	00f707b3          	add	a5,a4,a5
200007c8:	0007c783          	lbu	a5,0(a5)
200007cc:	00078713          	mv	a4,a5
200007d0:	fe842783          	lw	a5,-24(s0)
200007d4:	00f757b3          	srl	a5,a4,a5
200007d8:	0017f793          	andi	a5,a5,1
200007dc:	00078863          	beqz	a5,200007ec <lcd_draw_char+0x84>
200007e0:	fc445783          	lhu	a5,-60(s0)
200007e4:	fef41323          	sh	a5,-26(s0)
200007e8:	00c0006f          	j	200007f4 <lcd_draw_char+0x8c>
200007ec:	fc245783          	lhu	a5,-62(s0)
200007f0:	fef41323          	sh	a5,-26(s0)
      for (int dx = 0; dx < scale; dx++) {
200007f4:	fe042023          	sw	zero,-32(s0)
200007f8:	07c0006f          	j	20000874 <lcd_draw_char+0x10c>
        for (int dy = 0; dy < scale; dy++) {
200007fc:	fc042e23          	sw	zero,-36(s0)
20000800:	05c0006f          	j	2000085c <lcd_draw_char+0xf4>
          tft_lcd_pixel(x + col * scale + dx, y + row * scale + dy, pixel_color);
20000804:	fec42703          	lw	a4,-20(s0)
20000808:	fbc42783          	lw	a5,-68(s0)
2000080c:	02f70733          	mul	a4,a4,a5
20000810:	fcc42783          	lw	a5,-52(s0)
20000814:	00f70733          	add	a4,a4,a5
20000818:	fe042783          	lw	a5,-32(s0)
2000081c:	00f706b3          	add	a3,a4,a5
20000820:	fe842703          	lw	a4,-24(s0)
20000824:	fbc42783          	lw	a5,-68(s0)
20000828:	02f70733          	mul	a4,a4,a5
2000082c:	fc842783          	lw	a5,-56(s0)
20000830:	00f70733          	add	a4,a4,a5
20000834:	fdc42783          	lw	a5,-36(s0)
20000838:	00f707b3          	add	a5,a4,a5
2000083c:	fe645703          	lhu	a4,-26(s0)
20000840:	00070613          	mv	a2,a4
20000844:	00078593          	mv	a1,a5
20000848:	00068513          	mv	a0,a3
2000084c:	3a5010ef          	jal	200023f0 <tft_lcd_pixel>
        for (int dy = 0; dy < scale; dy++) {
20000850:	fdc42783          	lw	a5,-36(s0)
20000854:	00178793          	addi	a5,a5,1
20000858:	fcf42e23          	sw	a5,-36(s0)
2000085c:	fdc42703          	lw	a4,-36(s0)
20000860:	fbc42783          	lw	a5,-68(s0)
20000864:	faf740e3          	blt	a4,a5,20000804 <lcd_draw_char+0x9c>
      for (int dx = 0; dx < scale; dx++) {
20000868:	fe042783          	lw	a5,-32(s0)
2000086c:	00178793          	addi	a5,a5,1
20000870:	fef42023          	sw	a5,-32(s0)
20000874:	fe042703          	lw	a4,-32(s0)
20000878:	fbc42783          	lw	a5,-68(s0)
2000087c:	f8f740e3          	blt	a4,a5,200007fc <lcd_draw_char+0x94>
    for (int row = 0; row < FONT_HEIGHT; row++) {
20000880:	fe842783          	lw	a5,-24(s0)
20000884:	00178793          	addi	a5,a5,1
20000888:	fef42423          	sw	a5,-24(s0)
2000088c:	fe842703          	lw	a4,-24(s0)
20000890:	00600793          	li	a5,6
20000894:	f2e7d4e3          	bge	a5,a4,200007bc <lcd_draw_char+0x54>
  for (int col = 0; col < FONT_WIDTH; col++) {
20000898:	fec42783          	lw	a5,-20(s0)
2000089c:	00178793          	addi	a5,a5,1
200008a0:	fef42623          	sw	a5,-20(s0)
200008a4:	fec42703          	lw	a4,-20(s0)
200008a8:	00400793          	li	a5,4
200008ac:	f0e7d4e3          	bge	a5,a4,200007b4 <lcd_draw_char+0x4c>
        }
      }
    }
  }

  for (int row = 0; row < FONT_HEIGHT * scale; row++) {
200008b0:	fc042c23          	sw	zero,-40(s0)
200008b4:	0700006f          	j	20000924 <lcd_draw_char+0x1bc>
    for (int dx = 0; dx < scale; dx++) {
200008b8:	fc042a23          	sw	zero,-44(s0)
200008bc:	0500006f          	j	2000090c <lcd_draw_char+0x1a4>
      tft_lcd_pixel(x + FONT_WIDTH * scale + dx, y + row, bgcolor);
200008c0:	fbc42703          	lw	a4,-68(s0)
200008c4:	00070793          	mv	a5,a4
200008c8:	00279793          	slli	a5,a5,0x2
200008cc:	00e78733          	add	a4,a5,a4
200008d0:	fcc42783          	lw	a5,-52(s0)
200008d4:	00f70733          	add	a4,a4,a5
200008d8:	fd442783          	lw	a5,-44(s0)
200008dc:	00f706b3          	add	a3,a4,a5
200008e0:	fc842703          	lw	a4,-56(s0)
200008e4:	fd842783          	lw	a5,-40(s0)
200008e8:	00f707b3          	add	a5,a4,a5
200008ec:	fc245703          	lhu	a4,-62(s0)
200008f0:	00070613          	mv	a2,a4
200008f4:	00078593          	mv	a1,a5
200008f8:	00068513          	mv	a0,a3
200008fc:	2f5010ef          	jal	200023f0 <tft_lcd_pixel>
    for (int dx = 0; dx < scale; dx++) {
20000900:	fd442783          	lw	a5,-44(s0)
20000904:	00178793          	addi	a5,a5,1
20000908:	fcf42a23          	sw	a5,-44(s0)
2000090c:	fd442703          	lw	a4,-44(s0)
20000910:	fbc42783          	lw	a5,-68(s0)
20000914:	faf746e3          	blt	a4,a5,200008c0 <lcd_draw_char+0x158>
  for (int row = 0; row < FONT_HEIGHT * scale; row++) {
20000918:	fd842783          	lw	a5,-40(s0)
2000091c:	00178793          	addi	a5,a5,1
20000920:	fcf42c23          	sw	a5,-40(s0)
20000924:	fbc42703          	lw	a4,-68(s0)
20000928:	00070793          	mv	a5,a4
2000092c:	00379793          	slli	a5,a5,0x3
20000930:	40e787b3          	sub	a5,a5,a4
20000934:	fd842703          	lw	a4,-40(s0)
20000938:	f8f740e3          	blt	a4,a5,200008b8 <lcd_draw_char+0x150>
    }
  }
}
2000093c:	00000013          	nop
20000940:	00000013          	nop
20000944:	04c12083          	lw	ra,76(sp)
20000948:	04812403          	lw	s0,72(sp)
2000094c:	05010113          	addi	sp,sp,80
20000950:	00008067          	ret

20000954 <lcd_puts>:

static void lcd_puts(int x, int y, const char *text, uint16_t color, uint16_t bgcolor, int scale) {
20000954:	fd010113          	addi	sp,sp,-48
20000958:	02112623          	sw	ra,44(sp)
2000095c:	02812423          	sw	s0,40(sp)
20000960:	03010413          	addi	s0,sp,48
20000964:	fea42623          	sw	a0,-20(s0)
20000968:	feb42423          	sw	a1,-24(s0)
2000096c:	fec42223          	sw	a2,-28(s0)
20000970:	fcf42e23          	sw	a5,-36(s0)
20000974:	00068793          	mv	a5,a3
20000978:	fef41123          	sh	a5,-30(s0)
2000097c:	00070793          	mv	a5,a4
20000980:	fef41023          	sh	a5,-32(s0)
  while (*text != '\0') {
20000984:	0540006f          	j	200009d8 <lcd_puts+0x84>
    lcd_draw_char(x, y, *text, color, bgcolor, scale);
20000988:	fe442783          	lw	a5,-28(s0)
2000098c:	0007c603          	lbu	a2,0(a5)
20000990:	fe045703          	lhu	a4,-32(s0)
20000994:	fe245683          	lhu	a3,-30(s0)
20000998:	fdc42783          	lw	a5,-36(s0)
2000099c:	fe842583          	lw	a1,-24(s0)
200009a0:	fec42503          	lw	a0,-20(s0)
200009a4:	dc5ff0ef          	jal	20000768 <lcd_draw_char>
    x += (FONT_WIDTH + 1) * scale;
200009a8:	fdc42703          	lw	a4,-36(s0)
200009ac:	00070793          	mv	a5,a4
200009b0:	00179793          	slli	a5,a5,0x1
200009b4:	00e787b3          	add	a5,a5,a4
200009b8:	00179793          	slli	a5,a5,0x1
200009bc:	00078713          	mv	a4,a5
200009c0:	fec42783          	lw	a5,-20(s0)
200009c4:	00e787b3          	add	a5,a5,a4
200009c8:	fef42623          	sw	a5,-20(s0)
    text++;
200009cc:	fe442783          	lw	a5,-28(s0)
200009d0:	00178793          	addi	a5,a5,1
200009d4:	fef42223          	sw	a5,-28(s0)
  while (*text != '\0') {
200009d8:	fe442783          	lw	a5,-28(s0)
200009dc:	0007c783          	lbu	a5,0(a5)
200009e0:	fa0794e3          	bnez	a5,20000988 <lcd_puts+0x34>
  }
}
200009e4:	00000013          	nop
200009e8:	00000013          	nop
200009ec:	02c12083          	lw	ra,44(sp)
200009f0:	02812403          	lw	s0,40(sp)
200009f4:	03010113          	addi	sp,sp,48
200009f8:	00008067          	ret

200009fc <draw_button>:

static void draw_button(uint8_t button_id, uint16_t color, int filled) {
200009fc:	fc010113          	addi	sp,sp,-64
20000a00:	02112e23          	sw	ra,60(sp)
20000a04:	02812c23          	sw	s0,56(sp)
20000a08:	04010413          	addi	s0,sp,64
20000a0c:	00050793          	mv	a5,a0
20000a10:	00058713          	mv	a4,a1
20000a14:	fcc42423          	sw	a2,-56(s0)
20000a18:	fcf407a3          	sb	a5,-49(s0)
20000a1c:	00070793          	mv	a5,a4
20000a20:	fcf41623          	sh	a5,-52(s0)
  if (button_id >= 16) {
20000a24:	fcf44703          	lbu	a4,-49(s0)
20000a28:	00f00793          	li	a5,15
20000a2c:	08e7e463          	bltu	a5,a4,20000ab4 <draw_button+0xb8>
    return;
  }

  uint8_t row = button_id / 4;
20000a30:	fcf44783          	lbu	a5,-49(s0)
20000a34:	0027d793          	srli	a5,a5,0x2
20000a38:	fef407a3          	sb	a5,-17(s0)
  uint8_t col = button_id % 4;
20000a3c:	fcf44783          	lbu	a5,-49(s0)
20000a40:	0037f793          	andi	a5,a5,3
20000a44:	fef40723          	sb	a5,-18(s0)

  int x1 = GRID_START_X + col * (BUTTON_WIDTH + BUTTON_SPACING);
20000a48:	fee44703          	lbu	a4,-18(s0)
20000a4c:	06400793          	li	a5,100
20000a50:	02f707b3          	mul	a5,a4,a5
20000a54:	02d78793          	addi	a5,a5,45
20000a58:	fef42423          	sw	a5,-24(s0)
  int y1 = GRID_START_Y + row * (BUTTON_HEIGHT + BUTTON_SPACING);
20000a5c:	fef44703          	lbu	a4,-17(s0)
20000a60:	00070793          	mv	a5,a4
20000a64:	00379793          	slli	a5,a5,0x3
20000a68:	40e787b3          	sub	a5,a5,a4
20000a6c:	00379793          	slli	a5,a5,0x3
20000a70:	40e787b3          	sub	a5,a5,a4
20000a74:	05c78793          	addi	a5,a5,92
20000a78:	fef42223          	sw	a5,-28(s0)
  int x2 = x1 + BUTTON_WIDTH - 1;
20000a7c:	fe842783          	lw	a5,-24(s0)
20000a80:	05978793          	addi	a5,a5,89
20000a84:	fef42023          	sw	a5,-32(s0)
  int y2 = y1 + BUTTON_HEIGHT - 1;
20000a88:	fe442783          	lw	a5,-28(s0)
20000a8c:	02c78793          	addi	a5,a5,44
20000a90:	fcf42e23          	sw	a5,-36(s0)

  tft_lcd_rect(x1, y1, x2, y2, color, filled);
20000a94:	fcc45703          	lhu	a4,-52(s0)
20000a98:	fc842783          	lw	a5,-56(s0)
20000a9c:	fdc42683          	lw	a3,-36(s0)
20000aa0:	fe042603          	lw	a2,-32(s0)
20000aa4:	fe442583          	lw	a1,-28(s0)
20000aa8:	fe842503          	lw	a0,-24(s0)
20000aac:	007010ef          	jal	200022b2 <tft_lcd_rect>
20000ab0:	0080006f          	j	20000ab8 <draw_button+0xbc>
    return;
20000ab4:	00000013          	nop
}
20000ab8:	03c12083          	lw	ra,60(sp)
20000abc:	03812403          	lw	s0,56(sp)
20000ac0:	04010113          	addi	sp,sp,64
20000ac4:	00008067          	ret

20000ac8 <get_button_color>:

static uint16_t get_button_color(uint8_t button_id) {
20000ac8:	fe010113          	addi	sp,sp,-32
20000acc:	00112e23          	sw	ra,28(sp)
20000ad0:	00812c23          	sw	s0,24(sp)
20000ad4:	02010413          	addi	s0,sp,32
20000ad8:	00050793          	mv	a5,a0
20000adc:	fef407a3          	sb	a5,-17(s0)
  switch (button_id / 4) {
20000ae0:	fef44783          	lbu	a5,-17(s0)
20000ae4:	0027d793          	srli	a5,a5,0x2
20000ae8:	0ff7f793          	zext.b	a5,a5
20000aec:	00300713          	li	a4,3
20000af0:	04e78463          	beq	a5,a4,20000b38 <get_button_color+0x70>
20000af4:	00300713          	li	a4,3
20000af8:	04f74663          	blt	a4,a5,20000b44 <get_button_color+0x7c>
20000afc:	00200713          	li	a4,2
20000b00:	02e78863          	beq	a5,a4,20000b30 <get_button_color+0x68>
20000b04:	00200713          	li	a4,2
20000b08:	02f74e63          	blt	a4,a5,20000b44 <get_button_color+0x7c>
20000b0c:	00078863          	beqz	a5,20000b1c <get_button_color+0x54>
20000b10:	00100713          	li	a4,1
20000b14:	00e78a63          	beq	a5,a4,20000b28 <get_button_color+0x60>
20000b18:	02c0006f          	j	20000b44 <get_button_color+0x7c>
    case 0:
      return TFT_RED;
20000b1c:	000107b7          	lui	a5,0x10
20000b20:	80078793          	addi	a5,a5,-2048 # f800 <_start-0x1fff0800>
20000b24:	0280006f          	j	20000b4c <get_button_color+0x84>
    case 1:
      return TFT_GREEN;
20000b28:	7e000793          	li	a5,2016
20000b2c:	0200006f          	j	20000b4c <get_button_color+0x84>
    case 2:
      return TFT_BLUE;
20000b30:	01f00793          	li	a5,31
20000b34:	0180006f          	j	20000b4c <get_button_color+0x84>
    case 3:
      return TFT_YELLOW;
20000b38:	000107b7          	lui	a5,0x10
20000b3c:	fe078793          	addi	a5,a5,-32 # ffe0 <_start-0x1fff0020>
20000b40:	00c0006f          	j	20000b4c <get_button_color+0x84>
    default:
      return TFT_WHITE;
20000b44:	000107b7          	lui	a5,0x10
20000b48:	fff78793          	addi	a5,a5,-1 # ffff <_start-0x1fff0001>
  }
}
20000b4c:	00078513          	mv	a0,a5
20000b50:	01c12083          	lw	ra,28(sp)
20000b54:	01812403          	lw	s0,24(sp)
20000b58:	02010113          	addi	sp,sp,32
20000b5c:	00008067          	ret

20000b60 <draw_button_grid>:

static void draw_button_grid(void) {
20000b60:	fe010113          	addi	sp,sp,-32
20000b64:	00112e23          	sw	ra,28(sp)
20000b68:	00812c23          	sw	s0,24(sp)
20000b6c:	02010413          	addi	s0,sp,32
  for (uint8_t i = 0; i < 16; i++) {
20000b70:	fe0407a3          	sb	zero,-17(s0)
20000b74:	0380006f          	j	20000bac <draw_button_grid+0x4c>
    draw_button(i, get_button_color(i), 1);
20000b78:	fef44783          	lbu	a5,-17(s0)
20000b7c:	00078513          	mv	a0,a5
20000b80:	f49ff0ef          	jal	20000ac8 <get_button_color>
20000b84:	00050793          	mv	a5,a0
20000b88:	00078713          	mv	a4,a5
20000b8c:	fef44783          	lbu	a5,-17(s0)
20000b90:	00100613          	li	a2,1
20000b94:	00070593          	mv	a1,a4
20000b98:	00078513          	mv	a0,a5
20000b9c:	e61ff0ef          	jal	200009fc <draw_button>
  for (uint8_t i = 0; i < 16; i++) {
20000ba0:	fef44783          	lbu	a5,-17(s0)
20000ba4:	00178793          	addi	a5,a5,1
20000ba8:	fef407a3          	sb	a5,-17(s0)
20000bac:	fef44703          	lbu	a4,-17(s0)
20000bb0:	00f00793          	li	a5,15
20000bb4:	fce7f2e3          	bgeu	a5,a4,20000b78 <draw_button_grid+0x18>
  }
}
20000bb8:	00000013          	nop
20000bbc:	00000013          	nop
20000bc0:	01c12083          	lw	ra,28(sp)
20000bc4:	01812403          	lw	s0,24(sp)
20000bc8:	02010113          	addi	sp,sp,32
20000bcc:	00008067          	ret

20000bd0 <draw_score>:

static void draw_score(uint8_t level) {
20000bd0:	fd010113          	addi	sp,sp,-48
20000bd4:	02112623          	sw	ra,44(sp)
20000bd8:	02812423          	sw	s0,40(sp)
20000bdc:	03010413          	addi	s0,sp,48
20000be0:	00050793          	mv	a5,a0
20000be4:	fcf40fa3          	sb	a5,-33(s0)
  char buffer[16];
  tft_lcd_rect(0, 0, 130, 35, TFT_BLACK, 1);
20000be8:	00100793          	li	a5,1
20000bec:	00000713          	li	a4,0
20000bf0:	02300693          	li	a3,35
20000bf4:	08200613          	li	a2,130
20000bf8:	00000593          	li	a1,0
20000bfc:	00000513          	li	a0,0
20000c00:	6b2010ef          	jal	200022b2 <tft_lcd_rect>
  sprintf(buffer, "LEVEL:%u", level);
20000c04:	fdf44783          	lbu	a5,-33(s0)
20000c08:	fe040713          	addi	a4,s0,-32
20000c0c:	00078613          	mv	a2,a5
20000c10:	200087b7          	lui	a5,0x20008
20000c14:	39878593          	addi	a1,a5,920 # 20008398 <letter_glyphs+0x84>
20000c18:	00070513          	mv	a0,a4
20000c1c:	235040ef          	jal	20005650 <siprintf>
  lcd_puts(10, 10, buffer, TFT_WHITE, TFT_BLACK, 2);
20000c20:	fe040613          	addi	a2,s0,-32
20000c24:	00200793          	li	a5,2
20000c28:	00000713          	li	a4,0
20000c2c:	000106b7          	lui	a3,0x10
20000c30:	fff68693          	addi	a3,a3,-1 # ffff <_start-0x1fff0001>
20000c34:	00a00593          	li	a1,10
20000c38:	00a00513          	li	a0,10
20000c3c:	d19ff0ef          	jal	20000954 <lcd_puts>
}
20000c40:	00000013          	nop
20000c44:	02c12083          	lw	ra,44(sp)
20000c48:	02812403          	lw	s0,40(sp)
20000c4c:	03010113          	addi	sp,sp,48
20000c50:	00008067          	ret

20000c54 <display_binary_led>:

static void display_binary_led(uint8_t value) {
20000c54:	fe010113          	addi	sp,sp,-32
20000c58:	00112e23          	sw	ra,28(sp)
20000c5c:	00812c23          	sw	s0,24(sp)
20000c60:	02010413          	addi	s0,sp,32
20000c64:	00050793          	mv	a5,a0
20000c68:	fef407a3          	sb	a5,-17(s0)
  *GPIOD_BCR = LED_MASK;
20000c6c:	400117b7          	lui	a5,0x40011
20000c70:	41478793          	addi	a5,a5,1044 # 40011414 <__stack_top+0x20007fa0>
20000c74:	f0000713          	li	a4,-256
20000c78:	00e79023          	sh	a4,0(a5)
  *GPIOD_BSR = ((uint16_t)value << 8) & LED_MASK;
20000c7c:	fef44783          	lbu	a5,-17(s0)
20000c80:	01079713          	slli	a4,a5,0x10
20000c84:	01075713          	srli	a4,a4,0x10
20000c88:	400117b7          	lui	a5,0x40011
20000c8c:	41078793          	addi	a5,a5,1040 # 40011410 <__stack_top+0x20007f9c>
20000c90:	00871713          	slli	a4,a4,0x8
20000c94:	01071713          	slli	a4,a4,0x10
20000c98:	01075713          	srli	a4,a4,0x10
20000c9c:	00e79023          	sh	a4,0(a5)
}
20000ca0:	00000013          	nop
20000ca4:	01c12083          	lw	ra,28(sp)
20000ca8:	01812403          	lw	s0,24(sp)
20000cac:	02010113          	addi	sp,sp,32
20000cb0:	00008067          	ret

20000cb4 <start_countdown>:

static void start_countdown(uint32_t duration_us, uint32_t tick_us, uint8_t sound) {
20000cb4:	fe010113          	addi	sp,sp,-32
20000cb8:	00112e23          	sw	ra,28(sp)
20000cbc:	00812c23          	sw	s0,24(sp)
20000cc0:	02010413          	addi	s0,sp,32
20000cc4:	fea42623          	sw	a0,-20(s0)
20000cc8:	feb42423          	sw	a1,-24(s0)
20000ccc:	00060793          	mv	a5,a2
20000cd0:	fef403a3          	sb	a5,-25(s0)
  if (tick_us == 0) {
20000cd4:	fe842783          	lw	a5,-24(s0)
20000cd8:	00079663          	bnez	a5,20000ce4 <start_countdown+0x30>
    tick_us = 1;
20000cdc:	00100793          	li	a5,1
20000ce0:	fef42423          	sw	a5,-24(s0)
  }

  current_period = tick_us;
20000ce4:	200087b7          	lui	a5,0x20008
20000ce8:	fe842703          	lw	a4,-24(s0)
20000cec:	6ee7ac23          	sw	a4,1784(a5) # 200086f8 <current_period>
  remaining_duration = duration_us;
20000cf0:	200087b7          	lui	a5,0x20008
20000cf4:	fec42703          	lw	a4,-20(s0)
20000cf8:	6ee7aa23          	sw	a4,1780(a5) # 200086f4 <remaining_duration>
  buzzer_enabled = sound;
20000cfc:	200087b7          	lui	a5,0x20008
20000d00:	fe744703          	lbu	a4,-25(s0)
20000d04:	6ee78e23          	sb	a4,1788(a5) # 200086fc <buzzer_enabled>
  systick_periodic_micro(tick_us);
20000d08:	fe842503          	lw	a0,-24(s0)
20000d0c:	5dc000ef          	jal	200012e8 <systick_periodic_micro>
}
20000d10:	00000013          	nop
20000d14:	01c12083          	lw	ra,28(sp)
20000d18:	01812403          	lw	s0,24(sp)
20000d1c:	02010113          	addi	sp,sp,32
20000d20:	00008067          	ret

20000d24 <wait_countdown_done>:

static void wait_countdown_done(void) {
20000d24:	ff010113          	addi	sp,sp,-16
20000d28:	00112623          	sw	ra,12(sp)
20000d2c:	00812423          	sw	s0,8(sp)
20000d30:	01010413          	addi	s0,sp,16
  while (remaining_duration > 0) {
20000d34:	00000013          	nop
20000d38:	200087b7          	lui	a5,0x20008
20000d3c:	6f47a783          	lw	a5,1780(a5) # 200086f4 <remaining_duration>
20000d40:	fe079ce3          	bnez	a5,20000d38 <wait_countdown_done+0x14>
  }

  systick_stop();
20000d44:	610000ef          	jal	20001354 <systick_stop>
  buzzer_enabled = 0;
20000d48:	200087b7          	lui	a5,0x20008
20000d4c:	6e078e23          	sb	zero,1788(a5) # 200086fc <buzzer_enabled>
  *GPIOE_BCR = BUZZER_MASK;
20000d50:	400127b7          	lui	a5,0x40012
20000d54:	81478793          	addi	a5,a5,-2028 # 40011814 <__stack_top+0x200083a0>
20000d58:	00100713          	li	a4,1
20000d5c:	00e79023          	sh	a4,0(a5)
}
20000d60:	00000013          	nop
20000d64:	00c12083          	lw	ra,12(sp)
20000d68:	00812403          	lw	s0,8(sp)
20000d6c:	01010113          	addi	sp,sp,16
20000d70:	00008067          	ret

20000d74 <delay_game_ms>:

static void delay_game_ms(uint32_t duration_ms) {
20000d74:	fe010113          	addi	sp,sp,-32
20000d78:	00112e23          	sw	ra,28(sp)
20000d7c:	00812c23          	sw	s0,24(sp)
20000d80:	02010413          	addi	s0,sp,32
20000d84:	fea42623          	sw	a0,-20(s0)
  start_countdown(duration_ms * 1000U, 1000U, 0);
20000d88:	fec42703          	lw	a4,-20(s0)
20000d8c:	3e800793          	li	a5,1000
20000d90:	02f707b3          	mul	a5,a4,a5
20000d94:	00000613          	li	a2,0
20000d98:	3e800593          	li	a1,1000
20000d9c:	00078513          	mv	a0,a5
20000da0:	f15ff0ef          	jal	20000cb4 <start_countdown>
  wait_countdown_done();
20000da4:	f81ff0ef          	jal	20000d24 <wait_countdown_done>
}
20000da8:	00000013          	nop
20000dac:	01c12083          	lw	ra,28(sp)
20000db0:	01812403          	lw	s0,24(sp)
20000db4:	02010113          	addi	sp,sp,32
20000db8:	00008067          	ret

20000dbc <play_tone>:

static void play_tone(uint8_t button, uint32_t duration_ms) {
20000dbc:	fe010113          	addi	sp,sp,-32
20000dc0:	00112e23          	sw	ra,28(sp)
20000dc4:	00812c23          	sw	s0,24(sp)
20000dc8:	02010413          	addi	s0,sp,32
20000dcc:	00050793          	mv	a5,a0
20000dd0:	feb42423          	sw	a1,-24(s0)
20000dd4:	fef407a3          	sb	a5,-17(s0)
  if (button >= 16) {
20000dd8:	fef44703          	lbu	a4,-17(s0)
20000ddc:	00f00793          	li	a5,15
20000de0:	04e7ea63          	bltu	a5,a4,20000e34 <play_tone+0x78>
    return;
  }

  display_binary_led(button);
20000de4:	fef44783          	lbu	a5,-17(s0)
20000de8:	00078513          	mv	a0,a5
20000dec:	e69ff0ef          	jal	20000c54 <display_binary_led>
  start_countdown(duration_ms * 1000U, periods[button], 1);
20000df0:	fe842703          	lw	a4,-24(s0)
20000df4:	3e800793          	li	a5,1000
20000df8:	02f706b3          	mul	a3,a4,a5
20000dfc:	fef44783          	lbu	a5,-17(s0)
20000e00:	20008737          	lui	a4,0x20008
20000e04:	2a070713          	addi	a4,a4,672 # 200082a0 <periods>
20000e08:	00279793          	slli	a5,a5,0x2
20000e0c:	00f707b3          	add	a5,a4,a5
20000e10:	0007a783          	lw	a5,0(a5)
20000e14:	00100613          	li	a2,1
20000e18:	00078593          	mv	a1,a5
20000e1c:	00068513          	mv	a0,a3
20000e20:	e95ff0ef          	jal	20000cb4 <start_countdown>
  wait_countdown_done();
20000e24:	f01ff0ef          	jal	20000d24 <wait_countdown_done>
  display_binary_led(0);
20000e28:	00000513          	li	a0,0
20000e2c:	e29ff0ef          	jal	20000c54 <display_binary_led>
20000e30:	0080006f          	j	20000e38 <play_tone+0x7c>
    return;
20000e34:	00000013          	nop
}
20000e38:	01c12083          	lw	ra,28(sp)
20000e3c:	01812403          	lw	s0,24(sp)
20000e40:	02010113          	addi	sp,sp,32
20000e44:	00008067          	ret

20000e48 <wait_for_player_input>:

static uint8_t wait_for_player_input(uint32_t timeout_ms) {
20000e48:	fd010113          	addi	sp,sp,-48
20000e4c:	02112623          	sw	ra,44(sp)
20000e50:	02812423          	sw	s0,40(sp)
20000e54:	03010413          	addi	s0,sp,48
20000e58:	fca42e23          	sw	a0,-36(s0)
  last_key_pressed = NO_KEY;
20000e5c:	200087b7          	lui	a5,0x20008
20000e60:	fff00713          	li	a4,-1
20000e64:	6ce78423          	sb	a4,1736(a5) # 200086c8 <last_key_pressed>
  start_countdown(timeout_ms * 1000U, 1000U, 0);
20000e68:	fdc42703          	lw	a4,-36(s0)
20000e6c:	3e800793          	li	a5,1000
20000e70:	02f707b3          	mul	a5,a4,a5
20000e74:	00000613          	li	a2,0
20000e78:	3e800593          	li	a1,1000
20000e7c:	00078513          	mv	a0,a5
20000e80:	e35ff0ef          	jal	20000cb4 <start_countdown>

  while ((remaining_duration > 0) && (last_key_pressed == NO_KEY)) {
20000e84:	0340006f          	j	20000eb8 <wait_for_player_input+0x70>
    uint8_t key = keypad();
20000e88:	c18ff0ef          	jal	200002a0 <keypad>
20000e8c:	00050793          	mv	a5,a0
20000e90:	fef407a3          	sb	a5,-17(s0)
    if (key != NO_KEY) {
20000e94:	fef44703          	lbu	a4,-17(s0)
20000e98:	0ff00793          	li	a5,255
20000e9c:	00f70e63          	beq	a4,a5,20000eb8 <wait_for_player_input+0x70>
      last_key_pressed = key;
20000ea0:	200087b7          	lui	a5,0x20008
20000ea4:	fef44703          	lbu	a4,-17(s0)
20000ea8:	6ce78423          	sb	a4,1736(a5) # 200086c8 <last_key_pressed>
      display_binary_led(key);
20000eac:	fef44783          	lbu	a5,-17(s0)
20000eb0:	00078513          	mv	a0,a5
20000eb4:	da1ff0ef          	jal	20000c54 <display_binary_led>
  while ((remaining_duration > 0) && (last_key_pressed == NO_KEY)) {
20000eb8:	200087b7          	lui	a5,0x20008
20000ebc:	6f47a783          	lw	a5,1780(a5) # 200086f4 <remaining_duration>
20000ec0:	00078c63          	beqz	a5,20000ed8 <wait_for_player_input+0x90>
20000ec4:	200087b7          	lui	a5,0x20008
20000ec8:	6c87c783          	lbu	a5,1736(a5) # 200086c8 <last_key_pressed>
20000ecc:	0ff7f713          	zext.b	a4,a5
20000ed0:	0ff00793          	li	a5,255
20000ed4:	faf70ae3          	beq	a4,a5,20000e88 <wait_for_player_input+0x40>
    }
  }

  systick_stop();
20000ed8:	47c000ef          	jal	20001354 <systick_stop>
  buzzer_enabled = 0;
20000edc:	200087b7          	lui	a5,0x20008
20000ee0:	6e078e23          	sb	zero,1788(a5) # 200086fc <buzzer_enabled>
  *GPIOE_BCR = BUZZER_MASK;
20000ee4:	400127b7          	lui	a5,0x40012
20000ee8:	81478793          	addi	a5,a5,-2028 # 40011814 <__stack_top+0x200083a0>
20000eec:	00100713          	li	a4,1
20000ef0:	00e79023          	sh	a4,0(a5)
  return last_key_pressed;
20000ef4:	200087b7          	lui	a5,0x20008
20000ef8:	6c87c783          	lbu	a5,1736(a5) # 200086c8 <last_key_pressed>
20000efc:	0ff7f793          	zext.b	a5,a5
}
20000f00:	00078513          	mv	a0,a5
20000f04:	02c12083          	lw	ra,44(sp)
20000f08:	02812403          	lw	s0,40(sp)
20000f0c:	03010113          	addi	sp,sp,48
20000f10:	00008067          	ret

20000f14 <add_to_sequence>:

static void add_to_sequence(void) {
20000f14:	ff010113          	addi	sp,sp,-16
20000f18:	00112623          	sw	ra,12(sp)
20000f1c:	00812423          	sw	s0,8(sp)
20000f20:	01010413          	addi	s0,sp,16
  if (sequence_length < MAX_SEQUENCE_LENGTH) {
20000f24:	200087b7          	lui	a5,0x20008
20000f28:	6f07c703          	lbu	a4,1776(a5) # 200086f0 <sequence_length>
20000f2c:	01f00793          	li	a5,31
20000f30:	04e7ee63          	bltu	a5,a4,20000f8c <add_to_sequence+0x78>
    game_sequence[sequence_length] = (uint8_t)(rand() % 16);
20000f34:	350040ef          	jal	20005284 <rand>
20000f38:	00050713          	mv	a4,a0
20000f3c:	41f75793          	srai	a5,a4,0x1f
20000f40:	01c7d793          	srli	a5,a5,0x1c
20000f44:	00f70733          	add	a4,a4,a5
20000f48:	00f77713          	andi	a4,a4,15
20000f4c:	40f707b3          	sub	a5,a4,a5
20000f50:	00078713          	mv	a4,a5
20000f54:	200087b7          	lui	a5,0x20008
20000f58:	6f07c783          	lbu	a5,1776(a5) # 200086f0 <sequence_length>
20000f5c:	00078693          	mv	a3,a5
20000f60:	0ff77713          	zext.b	a4,a4
20000f64:	200087b7          	lui	a5,0x20008
20000f68:	6d078793          	addi	a5,a5,1744 # 200086d0 <game_sequence>
20000f6c:	00d787b3          	add	a5,a5,a3
20000f70:	00e78023          	sb	a4,0(a5)
    sequence_length++;
20000f74:	200087b7          	lui	a5,0x20008
20000f78:	6f07c783          	lbu	a5,1776(a5) # 200086f0 <sequence_length>
20000f7c:	00178793          	addi	a5,a5,1
20000f80:	0ff7f713          	zext.b	a4,a5
20000f84:	200087b7          	lui	a5,0x20008
20000f88:	6ee78823          	sb	a4,1776(a5) # 200086f0 <sequence_length>
  }
}
20000f8c:	00000013          	nop
20000f90:	00c12083          	lw	ra,12(sp)
20000f94:	00812403          	lw	s0,8(sp)
20000f98:	01010113          	addi	sp,sp,16
20000f9c:	00008067          	ret

20000fa0 <play_sequence>:

static void play_sequence(void) {
20000fa0:	fe010113          	addi	sp,sp,-32
20000fa4:	00112e23          	sw	ra,28(sp)
20000fa8:	00812c23          	sw	s0,24(sp)
20000fac:	02010413          	addi	s0,sp,32
  for (uint8_t i = 0; i < sequence_length; i++) {
20000fb0:	fe0407a3          	sb	zero,-17(s0)
20000fb4:	0380006f          	j	20000fec <play_sequence+0x4c>
    play_tone(game_sequence[i], TONE_DURATION_MS);
20000fb8:	fef44783          	lbu	a5,-17(s0)
20000fbc:	20008737          	lui	a4,0x20008
20000fc0:	6d070713          	addi	a4,a4,1744 # 200086d0 <game_sequence>
20000fc4:	00f707b3          	add	a5,a4,a5
20000fc8:	0007c783          	lbu	a5,0(a5)
20000fcc:	12c00593          	li	a1,300
20000fd0:	00078513          	mv	a0,a5
20000fd4:	de9ff0ef          	jal	20000dbc <play_tone>
    delay_game_ms(PAUSE_BETWEEN_TONES_MS);
20000fd8:	06400513          	li	a0,100
20000fdc:	d99ff0ef          	jal	20000d74 <delay_game_ms>
  for (uint8_t i = 0; i < sequence_length; i++) {
20000fe0:	fef44783          	lbu	a5,-17(s0)
20000fe4:	00178793          	addi	a5,a5,1
20000fe8:	fef407a3          	sb	a5,-17(s0)
20000fec:	200087b7          	lui	a5,0x20008
20000ff0:	6f07c783          	lbu	a5,1776(a5) # 200086f0 <sequence_length>
20000ff4:	fef44703          	lbu	a4,-17(s0)
20000ff8:	fcf760e3          	bltu	a4,a5,20000fb8 <play_sequence+0x18>
  }
}
20000ffc:	00000013          	nop
20001000:	00000013          	nop
20001004:	01c12083          	lw	ra,28(sp)
20001008:	01812403          	lw	s0,24(sp)
2000100c:	02010113          	addi	sp,sp,32
20001010:	00008067          	ret

20001014 <get_player_sequence>:

static uint8_t get_player_sequence(void) {
20001014:	fe010113          	addi	sp,sp,-32
20001018:	00112e23          	sw	ra,28(sp)
2000101c:	00812c23          	sw	s0,24(sp)
20001020:	02010413          	addi	s0,sp,32
  for (uint8_t player_pos = 0; player_pos < sequence_length; player_pos++) {
20001024:	fe0407a3          	sb	zero,-17(s0)
20001028:	0740006f          	j	2000109c <get_player_sequence+0x88>
    uint8_t key = wait_for_player_input(PLAYER_INPUT_TIMEOUT_MS);
2000102c:	000017b7          	lui	a5,0x1
20001030:	bb878513          	addi	a0,a5,-1096 # bb8 <_start-0x1ffff448>
20001034:	e15ff0ef          	jal	20000e48 <wait_for_player_input>
20001038:	00050793          	mv	a5,a0
2000103c:	fef40723          	sb	a5,-18(s0)

    if (key == NO_KEY) {
20001040:	fee44703          	lbu	a4,-18(s0)
20001044:	0ff00793          	li	a5,255
20001048:	00f71663          	bne	a4,a5,20001054 <get_player_sequence+0x40>
      return 0;
2000104c:	00000793          	li	a5,0
20001050:	0600006f          	j	200010b0 <get_player_sequence+0x9c>
    }

    if (key != game_sequence[player_pos]) {
20001054:	fef44783          	lbu	a5,-17(s0)
20001058:	20008737          	lui	a4,0x20008
2000105c:	6d070713          	addi	a4,a4,1744 # 200086d0 <game_sequence>
20001060:	00f707b3          	add	a5,a4,a5
20001064:	0007c783          	lbu	a5,0(a5)
20001068:	fee44703          	lbu	a4,-18(s0)
2000106c:	00f70663          	beq	a4,a5,20001078 <get_player_sequence+0x64>
      return 0;
20001070:	00000793          	li	a5,0
20001074:	03c0006f          	j	200010b0 <get_player_sequence+0x9c>
    }

    play_tone(key, TONE_DURATION_MS / 2U);
20001078:	fee44783          	lbu	a5,-18(s0)
2000107c:	09600593          	li	a1,150
20001080:	00078513          	mv	a0,a5
20001084:	d39ff0ef          	jal	20000dbc <play_tone>
    delay_game_ms(200U);
20001088:	0c800513          	li	a0,200
2000108c:	ce9ff0ef          	jal	20000d74 <delay_game_ms>
  for (uint8_t player_pos = 0; player_pos < sequence_length; player_pos++) {
20001090:	fef44783          	lbu	a5,-17(s0)
20001094:	00178793          	addi	a5,a5,1
20001098:	fef407a3          	sb	a5,-17(s0)
2000109c:	200087b7          	lui	a5,0x20008
200010a0:	6f07c783          	lbu	a5,1776(a5) # 200086f0 <sequence_length>
200010a4:	fef44703          	lbu	a4,-17(s0)
200010a8:	f8f762e3          	bltu	a4,a5,2000102c <get_player_sequence+0x18>
  }

  return 1;
200010ac:	00100793          	li	a5,1
}
200010b0:	00078513          	mv	a0,a5
200010b4:	01c12083          	lw	ra,28(sp)
200010b8:	01812403          	lw	s0,24(sp)
200010bc:	02010113          	addi	sp,sp,32
200010c0:	00008067          	ret

200010c4 <display_game_over_screen>:

static void display_game_over_screen(uint8_t final_level) {
200010c4:	fc010113          	addi	sp,sp,-64
200010c8:	02112e23          	sw	ra,60(sp)
200010cc:	02812c23          	sw	s0,56(sp)
200010d0:	04010413          	addi	s0,sp,64
200010d4:	00050793          	mv	a5,a0
200010d8:	fcf407a3          	sb	a5,-49(s0)
  char buffer[24];
  tft_lcd_rect(0, 0, LCD_W - 1, LCD_H - 1, TFT_BLACK, 1);
200010dc:	00100793          	li	a5,1
200010e0:	00000713          	li	a4,0
200010e4:	13f00693          	li	a3,319
200010e8:	1df00613          	li	a2,479
200010ec:	00000593          	li	a1,0
200010f0:	00000513          	li	a0,0
200010f4:	1be010ef          	jal	200022b2 <tft_lcd_rect>
  lcd_puts(160, 80, "GAME OVER", TFT_RED, TFT_BLACK, 3);
200010f8:	00300793          	li	a5,3
200010fc:	00000713          	li	a4,0
20001100:	000106b7          	lui	a3,0x10
20001104:	80068693          	addi	a3,a3,-2048 # f800 <_start-0x1fff0800>
20001108:	20008637          	lui	a2,0x20008
2000110c:	3a460613          	addi	a2,a2,932 # 200083a4 <letter_glyphs+0x90>
20001110:	05000593          	li	a1,80
20001114:	0a000513          	li	a0,160
20001118:	83dff0ef          	jal	20000954 <lcd_puts>
  sprintf(buffer, "LEVEL:%u", final_level);
2000111c:	fcf44783          	lbu	a5,-49(s0)
20001120:	fd840713          	addi	a4,s0,-40
20001124:	00078613          	mv	a2,a5
20001128:	200087b7          	lui	a5,0x20008
2000112c:	39878593          	addi	a1,a5,920 # 20008398 <letter_glyphs+0x84>
20001130:	00070513          	mv	a0,a4
20001134:	51c040ef          	jal	20005650 <siprintf>
  lcd_puts(170, 150, buffer, TFT_WHITE, TFT_BLACK, 2);
20001138:	fd840613          	addi	a2,s0,-40
2000113c:	00200793          	li	a5,2
20001140:	00000713          	li	a4,0
20001144:	000106b7          	lui	a3,0x10
20001148:	fff68693          	addi	a3,a3,-1 # ffff <_start-0x1fff0001>
2000114c:	09600593          	li	a1,150
20001150:	0aa00513          	li	a0,170
20001154:	801ff0ef          	jal	20000954 <lcd_puts>
  lcd_puts(150, 220, "PRESS ANY KEY", TFT_CYAN, TFT_BLACK, 2);
20001158:	00200793          	li	a5,2
2000115c:	00000713          	li	a4,0
20001160:	000086b7          	lui	a3,0x8
20001164:	fff68693          	addi	a3,a3,-1 # 7fff <_start-0x1fff8001>
20001168:	20008637          	lui	a2,0x20008
2000116c:	3b060613          	addi	a2,a2,944 # 200083b0 <letter_glyphs+0x9c>
20001170:	0dc00593          	li	a1,220
20001174:	09600513          	li	a0,150
20001178:	fdcff0ef          	jal	20000954 <lcd_puts>
}
2000117c:	00000013          	nop
20001180:	03c12083          	lw	ra,60(sp)
20001184:	03812403          	lw	s0,56(sp)
20001188:	04010113          	addi	sp,sp,64
2000118c:	00008067          	ret

20001190 <main>:

int main(void) {
20001190:	fe010113          	addi	sp,sp,-32
20001194:	00112e23          	sw	ra,28(sp)
20001198:	00812c23          	sw	s0,24(sp)
2000119c:	02010413          	addi	s0,sp,32
  init_display();
200011a0:	ca4ff0ef          	jal	20000644 <init_display>
  tft_lcd_rect(0, 0, LCD_W - 1, LCD_H - 1, TFT_BLACK, 1);
200011a4:	00100793          	li	a5,1
200011a8:	00000713          	li	a4,0
200011ac:	13f00693          	li	a3,319
200011b0:	1df00613          	li	a2,479
200011b4:	00000593          	li	a1,0
200011b8:	00000513          	li	a0,0
200011bc:	0f6010ef          	jal	200022b2 <tft_lcd_rect>

  init_gpio();
200011c0:	e75fe0ef          	jal	20000034 <init_gpio>
  init_vector_table();
200011c4:	22c000ef          	jal	200013f0 <init_vector_table>
  init_interrupts();
200011c8:	f4dfe0ef          	jal	20000114 <init_interrupts>

  while (1) {
    sequence_length = 0;
200011cc:	200087b7          	lui	a5,0x20008
200011d0:	6e078823          	sb	zero,1776(a5) # 200086f0 <sequence_length>
    game_over = 0;
200011d4:	200087b7          	lui	a5,0x20008
200011d8:	6e0788a3          	sb	zero,1777(a5) # 200086f1 <game_over>

    tft_lcd_rect(0, 0, LCD_W - 1, LCD_H - 1, TFT_BLACK, 1);
200011dc:	00100793          	li	a5,1
200011e0:	00000713          	li	a4,0
200011e4:	13f00693          	li	a3,319
200011e8:	1df00613          	li	a2,479
200011ec:	00000593          	li	a1,0
200011f0:	00000513          	li	a0,0
200011f4:	0be010ef          	jal	200022b2 <tft_lcd_rect>
    lcd_puts(180, 10, "SIMON SAYS", TFT_WHITE, TFT_BLACK, 2);
200011f8:	00200793          	li	a5,2
200011fc:	00000713          	li	a4,0
20001200:	000106b7          	lui	a3,0x10
20001204:	fff68693          	addi	a3,a3,-1 # ffff <_start-0x1fff0001>
20001208:	20008637          	lui	a2,0x20008
2000120c:	3c060613          	addi	a2,a2,960 # 200083c0 <letter_glyphs+0xac>
20001210:	00a00593          	li	a1,10
20001214:	0b400513          	li	a0,180
20001218:	f3cff0ef          	jal	20000954 <lcd_puts>
    draw_button_grid();
2000121c:	945ff0ef          	jal	20000b60 <draw_button_grid>

    while ((!game_over) && (sequence_length < MAX_SEQUENCE_LENGTH)) {
20001220:	0480006f          	j	20001268 <main+0xd8>
      add_to_sequence();
20001224:	cf1ff0ef          	jal	20000f14 <add_to_sequence>
      draw_score(sequence_length);
20001228:	200087b7          	lui	a5,0x20008
2000122c:	6f07c783          	lbu	a5,1776(a5) # 200086f0 <sequence_length>
20001230:	00078513          	mv	a0,a5
20001234:	99dff0ef          	jal	20000bd0 <draw_score>
      delay_game_ms(300U);
20001238:	12c00513          	li	a0,300
2000123c:	b39ff0ef          	jal	20000d74 <delay_game_ms>
      play_sequence();
20001240:	d61ff0ef          	jal	20000fa0 <play_sequence>

      if (!get_player_sequence()) {
20001244:	dd1ff0ef          	jal	20001014 <get_player_sequence>
20001248:	00050793          	mv	a5,a0
2000124c:	00079a63          	bnez	a5,20001260 <main+0xd0>
        game_over = 1;
20001250:	200087b7          	lui	a5,0x20008
20001254:	00100713          	li	a4,1
20001258:	6ee788a3          	sb	a4,1777(a5) # 200086f1 <game_over>
2000125c:	00c0006f          	j	20001268 <main+0xd8>
      } else {
        delay_game_ms(1000U);
20001260:	3e800513          	li	a0,1000
20001264:	b11ff0ef          	jal	20000d74 <delay_game_ms>
    while ((!game_over) && (sequence_length < MAX_SEQUENCE_LENGTH)) {
20001268:	200087b7          	lui	a5,0x20008
2000126c:	6f17c783          	lbu	a5,1777(a5) # 200086f1 <game_over>
20001270:	00079a63          	bnez	a5,20001284 <main+0xf4>
20001274:	200087b7          	lui	a5,0x20008
20001278:	6f07c703          	lbu	a4,1776(a5) # 200086f0 <sequence_length>
2000127c:	01f00793          	li	a5,31
20001280:	fae7f2e3          	bgeu	a5,a4,20001224 <main+0x94>
      }
    }

    display_game_over_screen(sequence_length);
20001284:	200087b7          	lui	a5,0x20008
20001288:	6f07c783          	lbu	a5,1776(a5) # 200086f0 <sequence_length>
2000128c:	00078513          	mv	a0,a5
20001290:	e35ff0ef          	jal	200010c4 <display_game_over_screen>

    last_key_pressed = NO_KEY;
20001294:	200087b7          	lui	a5,0x20008
20001298:	fff00713          	li	a4,-1
2000129c:	6ce78423          	sb	a4,1736(a5) # 200086c8 <last_key_pressed>
    while (last_key_pressed == NO_KEY) {
200012a0:	0300006f          	j	200012d0 <main+0x140>
      uint8_t key = keypad();
200012a4:	ffdfe0ef          	jal	200002a0 <keypad>
200012a8:	00050793          	mv	a5,a0
200012ac:	fef407a3          	sb	a5,-17(s0)
      if (key != NO_KEY) {
200012b0:	fef44703          	lbu	a4,-17(s0)
200012b4:	0ff00793          	li	a5,255
200012b8:	00f70c63          	beq	a4,a5,200012d0 <main+0x140>
        last_key_pressed = key;
200012bc:	200087b7          	lui	a5,0x20008
200012c0:	fef44703          	lbu	a4,-17(s0)
200012c4:	6ce78423          	sb	a4,1736(a5) # 200086c8 <last_key_pressed>
        delay_ms(50);
200012c8:	03200513          	li	a0,50
200012cc:	20e010ef          	jal	200024da <delay_ms>
    while (last_key_pressed == NO_KEY) {
200012d0:	200087b7          	lui	a5,0x20008
200012d4:	6c87c783          	lbu	a5,1736(a5) # 200086c8 <last_key_pressed>
200012d8:	0ff7f713          	zext.b	a4,a5
200012dc:	0ff00793          	li	a5,255
200012e0:	fcf702e3          	beq	a4,a5,200012a4 <main+0x114>
    sequence_length = 0;
200012e4:	ee9ff06f          	j	200011cc <main+0x3c>

200012e8 <systick_periodic_micro>:
#include "systick.h"
#include <stdint.h>

void systick_periodic_micro(uint32_t us) {
200012e8:	fe010113          	addi	sp,sp,-32
200012ec:	00112e23          	sw	ra,28(sp)
200012f0:	00812c23          	sw	s0,24(sp)
200012f4:	02010413          	addi	s0,sp,32
200012f8:	fea42623          	sw	a0,-20(s0)
  if (us == 0) {
200012fc:	fec42783          	lw	a5,-20(s0)
20001300:	00079663          	bnez	a5,2000130c <systick_periodic_micro+0x24>
    systick_stop();
20001304:	050000ef          	jal	20001354 <systick_stop>
    return;
20001308:	03c0006f          	j	20001344 <systick_periodic_micro+0x5c>
  }

  STK->CTLR = 0;
2000130c:	e000f7b7          	lui	a5,0xe000f
20001310:	0007a023          	sw	zero,0(a5) # e000f000 <__stack_top+0xc0005b8c>
  STK->CMPLR = 144 * us - 1;
20001314:	fec42703          	lw	a4,-20(s0)
20001318:	00070793          	mv	a5,a4
2000131c:	00379793          	slli	a5,a5,0x3
20001320:	00e787b3          	add	a5,a5,a4
20001324:	00479793          	slli	a5,a5,0x4
20001328:	00078713          	mv	a4,a5
2000132c:	e000f7b7          	lui	a5,0xe000f
20001330:	fff70713          	addi	a4,a4,-1
20001334:	00e7a823          	sw	a4,16(a5) # e000f010 <__stack_top+0xc0005b9c>
  STK->CTLR = (1 << 5) |
20001338:	e000f7b7          	lui	a5,0xe000f
2000133c:	02f00713          	li	a4,47
20001340:	00e7a023          	sw	a4,0(a5) # e000f000 <__stack_top+0xc0005b8c>
              (1 << 3) |
              (1 << 2) |
              (1 << 1) |
              (1 << 0);
}
20001344:	01c12083          	lw	ra,28(sp)
20001348:	01812403          	lw	s0,24(sp)
2000134c:	02010113          	addi	sp,sp,32
20001350:	00008067          	ret

20001354 <systick_stop>:

void systick_stop(void) {
20001354:	ff010113          	addi	sp,sp,-16
20001358:	00112623          	sw	ra,12(sp)
2000135c:	00812423          	sw	s0,8(sp)
20001360:	01010413          	addi	s0,sp,16
  STK->CTLR = 0;
20001364:	e000f7b7          	lui	a5,0xe000f
20001368:	0007a023          	sw	zero,0(a5) # e000f000 <__stack_top+0xc0005b8c>
}
2000136c:	00000013          	nop
20001370:	00c12083          	lw	ra,12(sp)
20001374:	00812403          	lw	s0,8(sp)
20001378:	01010113          	addi	sp,sp,16
2000137c:	00008067          	ret

20001380 <vector_table>:
	...
# handler för systick (IRQ 12) och EXTI0-3 (IRQ 22-25)
.align 2
vector_table:
  # Plats för systick interrupt (offset 12*4 bytes)
  .org vector_table + 12 * 4
  j systick_handler
200013b0:	814ff06f          	j	200003c4 <systick_handler>
	...
  
  # Plats för EXTI0 interrupt (offset 22*4 bytes)
  .org vector_table + 22 * 4
  j exti_handler
200013d8:	8d4ff06f          	j	200004ac <exti_handler>
  
  # Plats för EXTI1 interrupt (offset 23*4 bytes)
  .org vector_table + 23 * 4
  j exti_handler
200013dc:	8d0ff06f          	j	200004ac <exti_handler>
  
  # Plats för EXTI2 interrupt (offset 24*4 bytes)
  .org vector_table + 24 * 4
  j exti_handler
200013e0:	8ccff06f          	j	200004ac <exti_handler>
  
  # Plats för EXTI3 interrupt (offset 25*4 bytes)
  .org vector_table + 25 * 4
  j exti_handler
200013e4:	8c8ff06f          	j	200004ac <exti_handler>
200013e8:	00000013          	nop
200013ec:	00000013          	nop

200013f0 <init_vector_table>:

# Init vektor table
.align 4
init_vector_table:
  # Ladda vektor table adress
  la t0, vector_table
200013f0:	00000297          	auipc	t0,0x0
200013f4:	f9028293          	addi	t0,t0,-112 # 20001380 <vector_table>
  # Sätt vectored mode (bit 0 = 1)
  ori t0, t0, 1
200013f8:	0012e293          	ori	t0,t0,1
  # Skriv till mtvec register
  csrw mtvec, t0
200013fc:	30529073          	csrw	mtvec,t0
  # Returnera
  ret
20001400:	00008067          	ret
20001404:	00000013          	nop
20001408:	00000013          	nop

2000140c <_pll_init_144>:
2000140c:	fe010113          	addi	sp,sp,-32
20001410:	00112e23          	sw	ra,28(sp)
20001414:	00812c23          	sw	s0,24(sp)
20001418:	02010413          	addi	s0,sp,32
2000141c:	fe042623          	sw	zero,-20(s0)
20001420:	fe042423          	sw	zero,-24(s0)
20001424:	400217b7          	lui	a5,0x40021
20001428:	0007a703          	lw	a4,0(a5) # 40021000 <__stack_top+0x20017b8c>
2000142c:	400217b7          	lui	a5,0x40021
20001430:	00176713          	ori	a4,a4,1
20001434:	00e7a023          	sw	a4,0(a5) # 40021000 <__stack_top+0x20017b8c>
20001438:	400217b7          	lui	a5,0x40021
2000143c:	00478793          	addi	a5,a5,4 # 40021004 <__stack_top+0x20017b90>
20001440:	0007a683          	lw	a3,0(a5)
20001444:	400217b7          	lui	a5,0x40021
20001448:	00478793          	addi	a5,a5,4 # 40021004 <__stack_top+0x20017b90>
2000144c:	f8ff0737          	lui	a4,0xf8ff0
20001450:	00e6f733          	and	a4,a3,a4
20001454:	00e7a023          	sw	a4,0(a5)
20001458:	400217b7          	lui	a5,0x40021
2000145c:	0007a683          	lw	a3,0(a5) # 40021000 <__stack_top+0x20017b8c>
20001460:	400217b7          	lui	a5,0x40021
20001464:	fef70737          	lui	a4,0xfef70
20001468:	fff70713          	addi	a4,a4,-1 # fef6ffff <__stack_top+0xdef66b8b>
2000146c:	00e6f733          	and	a4,a3,a4
20001470:	00e7a023          	sw	a4,0(a5) # 40021000 <__stack_top+0x20017b8c>
20001474:	400217b7          	lui	a5,0x40021
20001478:	0007a683          	lw	a3,0(a5) # 40021000 <__stack_top+0x20017b8c>
2000147c:	400217b7          	lui	a5,0x40021
20001480:	fffc0737          	lui	a4,0xfffc0
20001484:	fff70713          	addi	a4,a4,-1 # fffbffff <__stack_top+0xdffb6b8b>
20001488:	00e6f733          	and	a4,a3,a4
2000148c:	00e7a023          	sw	a4,0(a5) # 40021000 <__stack_top+0x20017b8c>
20001490:	400217b7          	lui	a5,0x40021
20001494:	00478793          	addi	a5,a5,4 # 40021004 <__stack_top+0x20017b90>
20001498:	0007a683          	lw	a3,0(a5)
2000149c:	400217b7          	lui	a5,0x40021
200014a0:	00478793          	addi	a5,a5,4 # 40021004 <__stack_top+0x20017b90>
200014a4:	ff810737          	lui	a4,0xff810
200014a8:	fff70713          	addi	a4,a4,-1 # ff80ffff <__stack_top+0xdf806b8b>
200014ac:	00e6f733          	and	a4,a3,a4
200014b0:	00e7a023          	sw	a4,0(a5)
200014b4:	400217b7          	lui	a5,0x40021
200014b8:	0007a683          	lw	a3,0(a5) # 40021000 <__stack_top+0x20017b8c>
200014bc:	400217b7          	lui	a5,0x40021
200014c0:	ec000737          	lui	a4,0xec000
200014c4:	fff70713          	addi	a4,a4,-1 # ebffffff <__stack_top+0xcbff6b8b>
200014c8:	00e6f733          	and	a4,a3,a4
200014cc:	00e7a023          	sw	a4,0(a5) # 40021000 <__stack_top+0x20017b8c>
200014d0:	400217b7          	lui	a5,0x40021
200014d4:	00878793          	addi	a5,a5,8 # 40021008 <__stack_top+0x20017b94>
200014d8:	00ff0737          	lui	a4,0xff0
200014dc:	00e7a023          	sw	a4,0(a5)
200014e0:	400217b7          	lui	a5,0x40021
200014e4:	02c78793          	addi	a5,a5,44 # 4002102c <__stack_top+0x20017bb8>
200014e8:	0007a023          	sw	zero,0(a5)
200014ec:	400217b7          	lui	a5,0x40021
200014f0:	0007a683          	lw	a3,0(a5) # 40021000 <__stack_top+0x20017b8c>
200014f4:	400217b7          	lui	a5,0x40021
200014f8:	00010737          	lui	a4,0x10
200014fc:	00e6e733          	or	a4,a3,a4
20001500:	00e7a023          	sw	a4,0(a5) # 40021000 <__stack_top+0x20017b8c>
20001504:	400217b7          	lui	a5,0x40021
20001508:	0007a703          	lw	a4,0(a5) # 40021000 <__stack_top+0x20017b8c>
2000150c:	000207b7          	lui	a5,0x20
20001510:	00f777b3          	and	a5,a4,a5
20001514:	fef42423          	sw	a5,-24(s0)
20001518:	fec42783          	lw	a5,-20(s0)
2000151c:	00178793          	addi	a5,a5,1 # 20001 <_start-0x1ffdffff>
20001520:	fef42623          	sw	a5,-20(s0)
20001524:	fe842783          	lw	a5,-24(s0)
20001528:	00079863          	bnez	a5,20001538 <_pll_init_144+0x12c>
2000152c:	fec42703          	lw	a4,-20(s0)
20001530:	1f400793          	li	a5,500
20001534:	fcf718e3          	bne	a4,a5,20001504 <_pll_init_144+0xf8>
20001538:	400217b7          	lui	a5,0x40021
2000153c:	0007a703          	lw	a4,0(a5) # 40021000 <__stack_top+0x20017b8c>
20001540:	000207b7          	lui	a5,0x20
20001544:	00f777b3          	and	a5,a4,a5
20001548:	00079663          	bnez	a5,20001554 <_pll_init_144+0x148>
2000154c:	00100793          	li	a5,1
20001550:	11c0006f          	j	2000166c <_pll_init_144+0x260>
20001554:	400217b7          	lui	a5,0x40021
20001558:	00478713          	addi	a4,a5,4 # 40021004 <__stack_top+0x20017b90>
2000155c:	400217b7          	lui	a5,0x40021
20001560:	00478793          	addi	a5,a5,4 # 40021004 <__stack_top+0x20017b90>
20001564:	00072703          	lw	a4,0(a4) # 10000 <_start-0x1fff0000>
20001568:	00e7a023          	sw	a4,0(a5)
2000156c:	400217b7          	lui	a5,0x40021
20001570:	00478713          	addi	a4,a5,4 # 40021004 <__stack_top+0x20017b90>
20001574:	400217b7          	lui	a5,0x40021
20001578:	00478793          	addi	a5,a5,4 # 40021004 <__stack_top+0x20017b90>
2000157c:	00072703          	lw	a4,0(a4)
20001580:	00e7a023          	sw	a4,0(a5)
20001584:	400217b7          	lui	a5,0x40021
20001588:	02c78793          	addi	a5,a5,44 # 4002102c <__stack_top+0x20017bb8>
2000158c:	0007a703          	lw	a4,0(a5)
20001590:	400217b7          	lui	a5,0x40021
20001594:	02c78793          	addi	a5,a5,44 # 4002102c <__stack_top+0x20017bb8>
20001598:	40076713          	ori	a4,a4,1024
2000159c:	00e7a023          	sw	a4,0(a5)
200015a0:	400217b7          	lui	a5,0x40021
200015a4:	00478793          	addi	a5,a5,4 # 40021004 <__stack_top+0x20017b90>
200015a8:	0007a683          	lw	a3,0(a5)
200015ac:	400217b7          	lui	a5,0x40021
200015b0:	00478793          	addi	a5,a5,4 # 40021004 <__stack_top+0x20017b90>
200015b4:	ffc10737          	lui	a4,0xffc10
200015b8:	fff70713          	addi	a4,a4,-1 # ffc0ffff <__stack_top+0xdfc06b8b>
200015bc:	00e6f733          	and	a4,a3,a4
200015c0:	00e7a023          	sw	a4,0(a5)
200015c4:	400217b7          	lui	a5,0x40021
200015c8:	00478793          	addi	a5,a5,4 # 40021004 <__stack_top+0x20017b90>
200015cc:	0007a683          	lw	a3,0(a5)
200015d0:	400217b7          	lui	a5,0x40021
200015d4:	00478793          	addi	a5,a5,4 # 40021004 <__stack_top+0x20017b90>
200015d8:	00010737          	lui	a4,0x10
200015dc:	00e6e733          	or	a4,a3,a4
200015e0:	00e7a023          	sw	a4,0(a5)
200015e4:	400217b7          	lui	a5,0x40021
200015e8:	0007a683          	lw	a3,0(a5) # 40021000 <__stack_top+0x20017b8c>
200015ec:	400217b7          	lui	a5,0x40021
200015f0:	01000737          	lui	a4,0x1000
200015f4:	00e6e733          	or	a4,a3,a4
200015f8:	00e7a023          	sw	a4,0(a5) # 40021000 <__stack_top+0x20017b8c>
200015fc:	00000013          	nop
20001600:	400217b7          	lui	a5,0x40021
20001604:	0007a703          	lw	a4,0(a5) # 40021000 <__stack_top+0x20017b8c>
20001608:	020007b7          	lui	a5,0x2000
2000160c:	00f777b3          	and	a5,a4,a5
20001610:	fe0788e3          	beqz	a5,20001600 <_pll_init_144+0x1f4>
20001614:	400217b7          	lui	a5,0x40021
20001618:	00478793          	addi	a5,a5,4 # 40021004 <__stack_top+0x20017b90>
2000161c:	0007a703          	lw	a4,0(a5)
20001620:	400217b7          	lui	a5,0x40021
20001624:	00478793          	addi	a5,a5,4 # 40021004 <__stack_top+0x20017b90>
20001628:	ffc77713          	andi	a4,a4,-4
2000162c:	00e7a023          	sw	a4,0(a5)
20001630:	400217b7          	lui	a5,0x40021
20001634:	00478793          	addi	a5,a5,4 # 40021004 <__stack_top+0x20017b90>
20001638:	0007a703          	lw	a4,0(a5)
2000163c:	400217b7          	lui	a5,0x40021
20001640:	00478793          	addi	a5,a5,4 # 40021004 <__stack_top+0x20017b90>
20001644:	00276713          	ori	a4,a4,2
20001648:	00e7a023          	sw	a4,0(a5)
2000164c:	00000013          	nop
20001650:	400217b7          	lui	a5,0x40021
20001654:	00478793          	addi	a5,a5,4 # 40021004 <__stack_top+0x20017b90>
20001658:	0007a783          	lw	a5,0(a5)
2000165c:	00c7f713          	andi	a4,a5,12
20001660:	00800793          	li	a5,8
20001664:	fef716e3          	bne	a4,a5,20001650 <_pll_init_144+0x244>
20001668:	00000793          	li	a5,0
2000166c:	00078513          	mv	a0,a5
20001670:	01c12083          	lw	ra,28(sp)
20001674:	01812403          	lw	s0,24(sp)
20001678:	02010113          	addi	sp,sp,32
2000167c:	00008067          	ret

20001680 <crt_timer_interrupt>:
20001680:	fd010113          	addi	sp,sp,-48
20001684:	02112623          	sw	ra,44(sp)
20001688:	02512423          	sw	t0,40(sp)
2000168c:	02812223          	sw	s0,36(sp)
20001690:	02a12023          	sw	a0,32(sp)
20001694:	00b12e23          	sw	a1,28(sp)
20001698:	00c12c23          	sw	a2,24(sp)
2000169c:	00d12a23          	sw	a3,20(sp)
200016a0:	00e12823          	sw	a4,16(sp)
200016a4:	00f12623          	sw	a5,12(sp)
200016a8:	01012423          	sw	a6,8(sp)
200016ac:	03010413          	addi	s0,sp,48
200016b0:	400017b7          	lui	a5,0x40001
200016b4:	0107d783          	lhu	a5,16(a5) # 40001010 <__stack_top+0x1fff7b9c>
200016b8:	01079713          	slli	a4,a5,0x10
200016bc:	01075713          	srli	a4,a4,0x10
200016c0:	400017b7          	lui	a5,0x40001
200016c4:	ffe77713          	andi	a4,a4,-2
200016c8:	01071713          	slli	a4,a4,0x10
200016cc:	01075713          	srli	a4,a4,0x10
200016d0:	00e79823          	sh	a4,16(a5) # 40001010 <__stack_top+0x1fff7b9c>
200016d4:	200087b7          	lui	a5,0x20008
200016d8:	7007a703          	lw	a4,1792(a5) # 20008700 <current_time>
200016dc:	7047a783          	lw	a5,1796(a5)
200016e0:	00100513          	li	a0,1
200016e4:	00000593          	li	a1,0
200016e8:	00a70633          	add	a2,a4,a0
200016ec:	00060813          	mv	a6,a2
200016f0:	00e83833          	sltu	a6,a6,a4
200016f4:	00b786b3          	add	a3,a5,a1
200016f8:	00d807b3          	add	a5,a6,a3
200016fc:	00078693          	mv	a3,a5
20001700:	00060713          	mv	a4,a2
20001704:	00068793          	mv	a5,a3
20001708:	200086b7          	lui	a3,0x20008
2000170c:	70e6a023          	sw	a4,1792(a3) # 20008700 <current_time>
20001710:	70f6a223          	sw	a5,1796(a3)
20001714:	00000013          	nop
20001718:	02c12083          	lw	ra,44(sp)
2000171c:	02812283          	lw	t0,40(sp)
20001720:	02412403          	lw	s0,36(sp)
20001724:	02012503          	lw	a0,32(sp)
20001728:	01c12583          	lw	a1,28(sp)
2000172c:	01812603          	lw	a2,24(sp)
20001730:	01412683          	lw	a3,20(sp)
20001734:	01012703          	lw	a4,16(sp)
20001738:	00c12783          	lw	a5,12(sp)
2000173c:	00812803          	lw	a6,8(sp)
20001740:	03010113          	addi	sp,sp,48
20001744:	30200073          	mret

20001748 <_times>:
20001748:	fe010113          	addi	sp,sp,-32
2000174c:	00112e23          	sw	ra,28(sp)
20001750:	00812c23          	sw	s0,24(sp)
20001754:	02010413          	addi	s0,sp,32
20001758:	fea42623          	sw	a0,-20(s0)
2000175c:	200087b7          	lui	a5,0x20008
20001760:	7007a703          	lw	a4,1792(a5) # 20008700 <current_time>
20001764:	7047a783          	lw	a5,1796(a5)
20001768:	fec42783          	lw	a5,-20(s0)
2000176c:	00e7a223          	sw	a4,4(a5)
20001770:	fec42783          	lw	a5,-20(s0)
20001774:	0047a703          	lw	a4,4(a5)
20001778:	fec42783          	lw	a5,-20(s0)
2000177c:	00e7a023          	sw	a4,0(a5)
20001780:	200087b7          	lui	a5,0x20008
20001784:	7007a703          	lw	a4,1792(a5) # 20008700 <current_time>
20001788:	7047a783          	lw	a5,1796(a5)
2000178c:	00070793          	mv	a5,a4
20001790:	00078513          	mv	a0,a5
20001794:	01c12083          	lw	ra,28(sp)
20001798:	01812403          	lw	s0,24(sp)
2000179c:	02010113          	addi	sp,sp,32
200017a0:	00008067          	ret

200017a4 <_gettimeofday>:
200017a4:	fd010113          	addi	sp,sp,-48
200017a8:	02112623          	sw	ra,44(sp)
200017ac:	02812423          	sw	s0,40(sp)
200017b0:	03010413          	addi	s0,sp,48
200017b4:	fca42e23          	sw	a0,-36(s0)
200017b8:	fcb42c23          	sw	a1,-40(s0)
200017bc:	200087b7          	lui	a5,0x20008
200017c0:	7007a703          	lw	a4,1792(a5) # 20008700 <current_time>
200017c4:	7047a783          	lw	a5,1796(a5)
200017c8:	fee42423          	sw	a4,-24(s0)
200017cc:	fef42623          	sw	a5,-20(s0)
200017d0:	fe842703          	lw	a4,-24(s0)
200017d4:	fec42783          	lw	a5,-20(s0)
200017d8:	06400613          	li	a2,100
200017dc:	00000693          	li	a3,0
200017e0:	00070513          	mv	a0,a4
200017e4:	00078593          	mv	a1,a5
200017e8:	1ec030ef          	jal	200049d4 <__udivdi3>
200017ec:	00050713          	mv	a4,a0
200017f0:	00058793          	mv	a5,a1
200017f4:	fdc42683          	lw	a3,-36(s0)
200017f8:	00e6a023          	sw	a4,0(a3)
200017fc:	00f6a223          	sw	a5,4(a3)
20001800:	fe842703          	lw	a4,-24(s0)
20001804:	fec42783          	lw	a5,-20(s0)
20001808:	06400613          	li	a2,100
2000180c:	00000693          	li	a3,0
20001810:	00070513          	mv	a0,a4
20001814:	00078593          	mv	a1,a5
20001818:	5a8030ef          	jal	20004dc0 <__umoddi3>
2000181c:	00050713          	mv	a4,a0
20001820:	00058793          	mv	a5,a1
20001824:	fdc42783          	lw	a5,-36(s0)
20001828:	00e7a423          	sw	a4,8(a5)
2000182c:	00000793          	li	a5,0
20001830:	00078513          	mv	a0,a5
20001834:	02c12083          	lw	ra,44(sp)
20001838:	02812403          	lw	s0,40(sp)
2000183c:	03010113          	addi	sp,sp,48
20001840:	00008067          	ret

20001844 <_settimeofday>:
20001844:	fe010113          	addi	sp,sp,-32
20001848:	00112e23          	sw	ra,28(sp)
2000184c:	00812c23          	sw	s0,24(sp)
20001850:	02010413          	addi	s0,sp,32
20001854:	fea42623          	sw	a0,-20(s0)
20001858:	feb42423          	sw	a1,-24(s0)
2000185c:	fec42783          	lw	a5,-20(s0)
20001860:	0007a703          	lw	a4,0(a5)
20001864:	0047a783          	lw	a5,4(a5)
20001868:	06400593          	li	a1,100
2000186c:	02b78533          	mul	a0,a5,a1
20001870:	00000593          	li	a1,0
20001874:	02b705b3          	mul	a1,a4,a1
20001878:	00b50533          	add	a0,a0,a1
2000187c:	06400593          	li	a1,100
20001880:	02b70333          	mul	t1,a4,a1
20001884:	02b738b3          	mulhu	a7,a4,a1
20001888:	00030813          	mv	a6,t1
2000188c:	011507b3          	add	a5,a0,a7
20001890:	00078893          	mv	a7,a5
20001894:	00080713          	mv	a4,a6
20001898:	00088793          	mv	a5,a7
2000189c:	200085b7          	lui	a1,0x20008
200018a0:	70e5a023          	sw	a4,1792(a1) # 20008700 <current_time>
200018a4:	70f5a223          	sw	a5,1796(a1)
200018a8:	fec42783          	lw	a5,-20(s0)
200018ac:	0087a783          	lw	a5,8(a5)
200018b0:	00078613          	mv	a2,a5
200018b4:	41f7d793          	srai	a5,a5,0x1f
200018b8:	00078693          	mv	a3,a5
200018bc:	200087b7          	lui	a5,0x20008
200018c0:	7007a503          	lw	a0,1792(a5) # 20008700 <current_time>
200018c4:	7047a583          	lw	a1,1796(a5)
200018c8:	00a60733          	add	a4,a2,a0
200018cc:	00070813          	mv	a6,a4
200018d0:	00c83833          	sltu	a6,a6,a2
200018d4:	00b687b3          	add	a5,a3,a1
200018d8:	00f806b3          	add	a3,a6,a5
200018dc:	00068793          	mv	a5,a3
200018e0:	200086b7          	lui	a3,0x20008
200018e4:	70e6a023          	sw	a4,1792(a3) # 20008700 <current_time>
200018e8:	70f6a223          	sw	a5,1796(a3)
200018ec:	00000793          	li	a5,0
200018f0:	00078513          	mv	a0,a5
200018f4:	01c12083          	lw	ra,28(sp)
200018f8:	01812403          	lw	s0,24(sp)
200018fc:	02010113          	addi	sp,sp,32
20001900:	00008067          	ret

20001904 <_tstchar>:
20001904:	ff010113          	addi	sp,sp,-16
20001908:	00112623          	sw	ra,12(sp)
2000190c:	00812423          	sw	s0,8(sp)
20001910:	01010413          	addi	s0,sp,16
20001914:	400147b7          	lui	a5,0x40014
20001918:	80078793          	addi	a5,a5,-2048 # 40013800 <__stack_top+0x2000a38c>
2000191c:	0007d783          	lhu	a5,0(a5)
20001920:	01079793          	slli	a5,a5,0x10
20001924:	0107d793          	srli	a5,a5,0x10
20001928:	0207f793          	andi	a5,a5,32
2000192c:	02078063          	beqz	a5,2000194c <_tstchar+0x48>
20001930:	400147b7          	lui	a5,0x40014
20001934:	80078793          	addi	a5,a5,-2048 # 40013800 <__stack_top+0x2000a38c>
20001938:	0047d783          	lhu	a5,4(a5)
2000193c:	01079793          	slli	a5,a5,0x10
20001940:	0107d793          	srli	a5,a5,0x10
20001944:	0ff7f793          	zext.b	a5,a5
20001948:	0080006f          	j	20001950 <_tstchar+0x4c>
2000194c:	00000793          	li	a5,0
20001950:	00078513          	mv	a0,a5
20001954:	00c12083          	lw	ra,12(sp)
20001958:	00812403          	lw	s0,8(sp)
2000195c:	01010113          	addi	sp,sp,16
20001960:	00008067          	ret

20001964 <_outchar>:
20001964:	fe010113          	addi	sp,sp,-32
20001968:	00112e23          	sw	ra,28(sp)
2000196c:	00812c23          	sw	s0,24(sp)
20001970:	02010413          	addi	s0,sp,32
20001974:	00050793          	mv	a5,a0
20001978:	fef407a3          	sb	a5,-17(s0)
2000197c:	400147b7          	lui	a5,0x40014
20001980:	80078793          	addi	a5,a5,-2048 # 40013800 <__stack_top+0x2000a38c>
20001984:	fef44703          	lbu	a4,-17(s0)
20001988:	01071713          	slli	a4,a4,0x10
2000198c:	01075713          	srli	a4,a4,0x10
20001990:	00e79223          	sh	a4,4(a5)
20001994:	00000013          	nop
20001998:	400147b7          	lui	a5,0x40014
2000199c:	80078793          	addi	a5,a5,-2048 # 40013800 <__stack_top+0x2000a38c>
200019a0:	0007d783          	lhu	a5,0(a5)
200019a4:	01079793          	slli	a5,a5,0x10
200019a8:	0107d793          	srli	a5,a5,0x10
200019ac:	0807f793          	andi	a5,a5,128
200019b0:	fe0784e3          	beqz	a5,20001998 <_outchar+0x34>
200019b4:	00000013          	nop
200019b8:	00000013          	nop
200019bc:	01c12083          	lw	ra,28(sp)
200019c0:	01812403          	lw	s0,24(sp)
200019c4:	02010113          	addi	sp,sp,32
200019c8:	00008067          	ret

200019cc <_sbrk>:
200019cc:	fd010113          	addi	sp,sp,-48
200019d0:	02112623          	sw	ra,44(sp)
200019d4:	02812423          	sw	s0,40(sp)
200019d8:	03010413          	addi	s0,sp,48
200019dc:	fca42e23          	sw	a0,-36(s0)
200019e0:	200087b7          	lui	a5,0x20008
200019e4:	7087a783          	lw	a5,1800(a5) # 20008708 <heap_end>
200019e8:	00079a63          	bnez	a5,200019fc <_sbrk+0x30>
200019ec:	200087b7          	lui	a5,0x20008
200019f0:	20009737          	lui	a4,0x20009
200019f4:	87470713          	addi	a4,a4,-1932 # 20008874 <__bss_end__>
200019f8:	70e7a423          	sw	a4,1800(a5) # 20008708 <heap_end>
200019fc:	200087b7          	lui	a5,0x20008
20001a00:	7087a783          	lw	a5,1800(a5) # 20008708 <heap_end>
20001a04:	fef42623          	sw	a5,-20(s0)
20001a08:	200087b7          	lui	a5,0x20008
20001a0c:	7087a703          	lw	a4,1800(a5) # 20008708 <heap_end>
20001a10:	fdc42783          	lw	a5,-36(s0)
20001a14:	00f70733          	add	a4,a4,a5
20001a18:	200097b7          	lui	a5,0x20009
20001a1c:	07478793          	addi	a5,a5,116 # 20009074 <__heap_top>
20001a20:	00e7fe63          	bgeu	a5,a4,20001a3c <_sbrk+0x70>
20001a24:	4a5030ef          	jal	200056c8 <__errno>
20001a28:	00050713          	mv	a4,a0
20001a2c:	00c00793          	li	a5,12
20001a30:	00f72023          	sw	a5,0(a4)
20001a34:	fff00793          	li	a5,-1
20001a38:	0200006f          	j	20001a58 <_sbrk+0x8c>
20001a3c:	200087b7          	lui	a5,0x20008
20001a40:	7087a703          	lw	a4,1800(a5) # 20008708 <heap_end>
20001a44:	fdc42783          	lw	a5,-36(s0)
20001a48:	00f70733          	add	a4,a4,a5
20001a4c:	200087b7          	lui	a5,0x20008
20001a50:	70e7a423          	sw	a4,1800(a5) # 20008708 <heap_end>
20001a54:	fec42783          	lw	a5,-20(s0)
20001a58:	00078513          	mv	a0,a5
20001a5c:	02c12083          	lw	ra,44(sp)
20001a60:	02812403          	lw	s0,40(sp)
20001a64:	03010113          	addi	sp,sp,48
20001a68:	00008067          	ret

20001a6c <_crt_init>:
20001a6c:	fe010113          	addi	sp,sp,-32
20001a70:	00112e23          	sw	ra,28(sp)
20001a74:	00812c23          	sw	s0,24(sp)
20001a78:	02010413          	addi	s0,sp,32
20001a7c:	00000013          	nop
20001a80:	98dff0ef          	jal	2000140c <_pll_init_144>
20001a84:	00050793          	mv	a5,a0
20001a88:	fe079ce3          	bnez	a5,20001a80 <_crt_init+0x14>
20001a8c:	400217b7          	lui	a5,0x40021
20001a90:	0187a683          	lw	a3,24(a5) # 40021018 <__stack_top+0x20017ba4>
20001a94:	400217b7          	lui	a5,0x40021
20001a98:	00004737          	lui	a4,0x4
20001a9c:	00e6e733          	or	a4,a3,a4
20001aa0:	00e7ac23          	sw	a4,24(a5) # 40021018 <__stack_top+0x20017ba4>
20001aa4:	400217b7          	lui	a5,0x40021
20001aa8:	0187a703          	lw	a4,24(a5) # 40021018 <__stack_top+0x20017ba4>
20001aac:	400217b7          	lui	a5,0x40021
20001ab0:	00476713          	ori	a4,a4,4
20001ab4:	00e7ac23          	sw	a4,24(a5) # 40021018 <__stack_top+0x20017ba4>
20001ab8:	400217b7          	lui	a5,0x40021
20001abc:	0187a703          	lw	a4,24(a5) # 40021018 <__stack_top+0x20017ba4>
20001ac0:	400217b7          	lui	a5,0x40021
20001ac4:	00176713          	ori	a4,a4,1
20001ac8:	00e7ac23          	sw	a4,24(a5) # 40021018 <__stack_top+0x20017ba4>
20001acc:	400217b7          	lui	a5,0x40021
20001ad0:	0187a703          	lw	a4,24(a5) # 40021018 <__stack_top+0x20017ba4>
20001ad4:	400217b7          	lui	a5,0x40021
20001ad8:	02076713          	ori	a4,a4,32
20001adc:	00e7ac23          	sw	a4,24(a5) # 40021018 <__stack_top+0x20017ba4>
20001ae0:	400217b7          	lui	a5,0x40021
20001ae4:	0187a703          	lw	a4,24(a5) # 40021018 <__stack_top+0x20017ba4>
20001ae8:	400217b7          	lui	a5,0x40021
20001aec:	04076713          	ori	a4,a4,64
20001af0:	00e7ac23          	sw	a4,24(a5) # 40021018 <__stack_top+0x20017ba4>
20001af4:	400217b7          	lui	a5,0x40021
20001af8:	00c7a683          	lw	a3,12(a5) # 4002100c <__stack_top+0x20017b98>
20001afc:	400217b7          	lui	a5,0x40021
20001b00:	00004737          	lui	a4,0x4
20001b04:	06070713          	addi	a4,a4,96 # 4060 <_start-0x1fffbfa0>
20001b08:	00e6e733          	or	a4,a3,a4
20001b0c:	00e7a623          	sw	a4,12(a5) # 4002100c <__stack_top+0x20017b98>
20001b10:	400217b7          	lui	a5,0x40021
20001b14:	00c7a683          	lw	a3,12(a5) # 4002100c <__stack_top+0x20017b98>
20001b18:	400217b7          	lui	a5,0x40021
20001b1c:	ffffc737          	lui	a4,0xffffc
20001b20:	f9f70713          	addi	a4,a4,-97 # ffffbf9f <__stack_top+0xdfff2b2b>
20001b24:	00e6f733          	and	a4,a3,a4
20001b28:	00e7a623          	sw	a4,12(a5) # 4002100c <__stack_top+0x20017b98>
20001b2c:	400117b7          	lui	a5,0x40011
20001b30:	80478793          	addi	a5,a5,-2044 # 40010804 <__stack_top+0x20007390>
20001b34:	0007a703          	lw	a4,0(a5)
20001b38:	400117b7          	lui	a5,0x40011
20001b3c:	80478793          	addi	a5,a5,-2044 # 40010804 <__stack_top+0x20007390>
20001b40:	0b076713          	ori	a4,a4,176
20001b44:	00e7a023          	sw	a4,0(a5)
20001b48:	400117b7          	lui	a5,0x40011
20001b4c:	80478793          	addi	a5,a5,-2044 # 40010804 <__stack_top+0x20007390>
20001b50:	0007a703          	lw	a4,0(a5)
20001b54:	400117b7          	lui	a5,0x40011
20001b58:	80478793          	addi	a5,a5,-2044 # 40010804 <__stack_top+0x20007390>
20001b5c:	40076713          	ori	a4,a4,1024
20001b60:	00e7a023          	sw	a4,0(a5)
20001b64:	400147b7          	lui	a5,0x40014
20001b68:	80078793          	addi	a5,a5,-2048 # 40013800 <__stack_top+0x2000a38c>
20001b6c:	4e200713          	li	a4,1250
20001b70:	00e79423          	sh	a4,8(a5)
20001b74:	400147b7          	lui	a5,0x40014
20001b78:	80078793          	addi	a5,a5,-2048 # 40013800 <__stack_top+0x2000a38c>
20001b7c:	00002737          	lui	a4,0x2
20001b80:	00c70713          	addi	a4,a4,12 # 200c <_start-0x1fffdff4>
20001b84:	00e79623          	sh	a4,12(a5)
20001b88:	400217b7          	lui	a5,0x40021
20001b8c:	01c7a703          	lw	a4,28(a5) # 4002101c <__stack_top+0x20017ba8>
20001b90:	400217b7          	lui	a5,0x40021
20001b94:	01076713          	ori	a4,a4,16
20001b98:	00e7ae23          	sw	a4,28(a5) # 4002101c <__stack_top+0x20017ba8>
20001b9c:	400217b7          	lui	a5,0x40021
20001ba0:	0107a703          	lw	a4,16(a5) # 40021010 <__stack_top+0x20017b9c>
20001ba4:	400217b7          	lui	a5,0x40021
20001ba8:	01076713          	ori	a4,a4,16
20001bac:	00e7a823          	sw	a4,16(a5) # 40021010 <__stack_top+0x20017b9c>
20001bb0:	400217b7          	lui	a5,0x40021
20001bb4:	0107a703          	lw	a4,16(a5) # 40021010 <__stack_top+0x20017b9c>
20001bb8:	400217b7          	lui	a5,0x40021
20001bbc:	fef77713          	andi	a4,a4,-17
20001bc0:	00e7a823          	sw	a4,16(a5) # 40021010 <__stack_top+0x20017b9c>
20001bc4:	400217b7          	lui	a5,0x40021
20001bc8:	01c7a703          	lw	a4,28(a5) # 4002101c <__stack_top+0x20017ba8>
20001bcc:	400217b7          	lui	a5,0x40021
20001bd0:	02076713          	ori	a4,a4,32
20001bd4:	00e7ae23          	sw	a4,28(a5) # 4002101c <__stack_top+0x20017ba8>
20001bd8:	400217b7          	lui	a5,0x40021
20001bdc:	0107a703          	lw	a4,16(a5) # 40021010 <__stack_top+0x20017b9c>
20001be0:	400217b7          	lui	a5,0x40021
20001be4:	02076713          	ori	a4,a4,32
20001be8:	00e7a823          	sw	a4,16(a5) # 40021010 <__stack_top+0x20017b9c>
20001bec:	400217b7          	lui	a5,0x40021
20001bf0:	0107a703          	lw	a4,16(a5) # 40021010 <__stack_top+0x20017b9c>
20001bf4:	400217b7          	lui	a5,0x40021
20001bf8:	fdf77713          	andi	a4,a4,-33
20001bfc:	00e7a823          	sw	a4,16(a5) # 40021010 <__stack_top+0x20017b9c>
20001c00:	200087b7          	lui	a5,0x20008
20001c04:	7007a423          	sw	zero,1800(a5) # 20008708 <heap_end>
20001c08:	200087b7          	lui	a5,0x20008
20001c0c:	6d078793          	addi	a5,a5,1744 # 200086d0 <game_sequence>
20001c10:	fef42623          	sw	a5,-20(s0)
20001c14:	200097b7          	lui	a5,0x20009
20001c18:	87478793          	addi	a5,a5,-1932 # 20008874 <__bss_end__>
20001c1c:	fef42423          	sw	a5,-24(s0)
20001c20:	0140006f          	j	20001c34 <_crt_init+0x1c8>
20001c24:	fec42783          	lw	a5,-20(s0)
20001c28:	00178713          	addi	a4,a5,1
20001c2c:	fee42623          	sw	a4,-20(s0)
20001c30:	00078023          	sb	zero,0(a5)
20001c34:	fec42703          	lw	a4,-20(s0)
20001c38:	fe842783          	lw	a5,-24(s0)
20001c3c:	fef764e3          	bltu	a4,a5,20001c24 <_crt_init+0x1b8>
20001c40:	200087b7          	lui	a5,0x20008
20001c44:	6cc7a783          	lw	a5,1740(a5) # 200086cc <_impure_ptr>
20001c48:	0047a783          	lw	a5,4(a5)
20001c4c:	00000693          	li	a3,0
20001c50:	00200613          	li	a2,2
20001c54:	00000593          	li	a1,0
20001c58:	00078513          	mv	a0,a5
20001c5c:	798030ef          	jal	200053f4 <setvbuf>
20001c60:	200087b7          	lui	a5,0x20008
20001c64:	6cc7a783          	lw	a5,1740(a5) # 200086cc <_impure_ptr>
20001c68:	0087a783          	lw	a5,8(a5)
20001c6c:	00000693          	li	a3,0
20001c70:	00200613          	li	a2,2
20001c74:	00000593          	li	a1,0
20001c78:	00078513          	mv	a0,a5
20001c7c:	778030ef          	jal	200053f4 <setvbuf>
20001c80:	200087b7          	lui	a5,0x20008
20001c84:	6cc7a783          	lw	a5,1740(a5) # 200086cc <_impure_ptr>
20001c88:	00c7a783          	lw	a5,12(a5)
20001c8c:	00000693          	li	a3,0
20001c90:	00200613          	li	a2,2
20001c94:	00000593          	li	a1,0
20001c98:	00078513          	mv	a0,a5
20001c9c:	758030ef          	jal	200053f4 <setvbuf>
20001ca0:	00000013          	nop
20001ca4:	01c12083          	lw	ra,28(sp)
20001ca8:	01812403          	lw	s0,24(sp)
20001cac:	02010113          	addi	sp,sp,32
20001cb0:	00008067          	ret

20001cb4 <_crt_deinit>:
20001cb4:	ff010113          	addi	sp,sp,-16
20001cb8:	00112623          	sw	ra,12(sp)
20001cbc:	00812423          	sw	s0,8(sp)
20001cc0:	01010413          	addi	s0,sp,16
20001cc4:	00000013          	nop
20001cc8:	00c12083          	lw	ra,12(sp)
20001ccc:	00812403          	lw	s0,8(sp)
20001cd0:	01010113          	addi	sp,sp,16
20001cd4:	00008067          	ret

20001cd8 <_exit>:
20001cd8:	fe010113          	addi	sp,sp,-32
20001cdc:	00112e23          	sw	ra,28(sp)
20001ce0:	00812c23          	sw	s0,24(sp)
20001ce4:	02010413          	addi	s0,sp,32
20001ce8:	fea42623          	sw	a0,-20(s0)
20001cec:	fec42783          	lw	a5,-20(s0)
20001cf0:	00078a63          	beqz	a5,20001d04 <_exit+0x2c>
20001cf4:	fec42583          	lw	a1,-20(s0)
20001cf8:	200087b7          	lui	a5,0x20008
20001cfc:	3cc78513          	addi	a0,a5,972 # 200083cc <letter_glyphs+0xb8>
20001d00:	6a4030ef          	jal	200053a4 <iprintf>
20001d04:	fb1ff0ef          	jal	20001cb4 <_crt_deinit>
20001d08:	00000013          	nop
20001d0c:	01c12083          	lw	ra,28(sp)
20001d10:	01812403          	lw	s0,24(sp)
20001d14:	02010113          	addi	sp,sp,32
20001d18:	00008067          	ret

20001d1c <_close>:
20001d1c:	fe010113          	addi	sp,sp,-32
20001d20:	00112e23          	sw	ra,28(sp)
20001d24:	00812c23          	sw	s0,24(sp)
20001d28:	02010413          	addi	s0,sp,32
20001d2c:	fea42623          	sw	a0,-20(s0)
20001d30:	fff00793          	li	a5,-1
20001d34:	00078513          	mv	a0,a5
20001d38:	01c12083          	lw	ra,28(sp)
20001d3c:	01812403          	lw	s0,24(sp)
20001d40:	02010113          	addi	sp,sp,32
20001d44:	00008067          	ret

20001d48 <_open>:
20001d48:	fe010113          	addi	sp,sp,-32
20001d4c:	00112e23          	sw	ra,28(sp)
20001d50:	00812c23          	sw	s0,24(sp)
20001d54:	02010413          	addi	s0,sp,32
20001d58:	fea42623          	sw	a0,-20(s0)
20001d5c:	feb42423          	sw	a1,-24(s0)
20001d60:	fec42223          	sw	a2,-28(s0)
20001d64:	fff00793          	li	a5,-1
20001d68:	00078513          	mv	a0,a5
20001d6c:	01c12083          	lw	ra,28(sp)
20001d70:	01812403          	lw	s0,24(sp)
20001d74:	02010113          	addi	sp,sp,32
20001d78:	00008067          	ret

20001d7c <_fstat>:
20001d7c:	fe010113          	addi	sp,sp,-32
20001d80:	00112e23          	sw	ra,28(sp)
20001d84:	00812c23          	sw	s0,24(sp)
20001d88:	02010413          	addi	s0,sp,32
20001d8c:	fea42623          	sw	a0,-20(s0)
20001d90:	feb42423          	sw	a1,-24(s0)
20001d94:	fe842783          	lw	a5,-24(s0)
20001d98:	00002737          	lui	a4,0x2
20001d9c:	00e7a223          	sw	a4,4(a5)
20001da0:	00000793          	li	a5,0
20001da4:	00078513          	mv	a0,a5
20001da8:	01c12083          	lw	ra,28(sp)
20001dac:	01812403          	lw	s0,24(sp)
20001db0:	02010113          	addi	sp,sp,32
20001db4:	00008067          	ret

20001db8 <_lseek>:
20001db8:	fe010113          	addi	sp,sp,-32
20001dbc:	00112e23          	sw	ra,28(sp)
20001dc0:	00812c23          	sw	s0,24(sp)
20001dc4:	02010413          	addi	s0,sp,32
20001dc8:	fea42623          	sw	a0,-20(s0)
20001dcc:	feb42423          	sw	a1,-24(s0)
20001dd0:	fec42223          	sw	a2,-28(s0)
20001dd4:	00000793          	li	a5,0
20001dd8:	00078513          	mv	a0,a5
20001ddc:	01c12083          	lw	ra,28(sp)
20001de0:	01812403          	lw	s0,24(sp)
20001de4:	02010113          	addi	sp,sp,32
20001de8:	00008067          	ret

20001dec <_isatty>:
20001dec:	fe010113          	addi	sp,sp,-32
20001df0:	00112e23          	sw	ra,28(sp)
20001df4:	00812c23          	sw	s0,24(sp)
20001df8:	02010413          	addi	s0,sp,32
20001dfc:	fea42623          	sw	a0,-20(s0)
20001e00:	00000793          	li	a5,0
20001e04:	00078513          	mv	a0,a5
20001e08:	01c12083          	lw	ra,28(sp)
20001e0c:	01812403          	lw	s0,24(sp)
20001e10:	02010113          	addi	sp,sp,32
20001e14:	00008067          	ret

20001e18 <_write>:
20001e18:	fd010113          	addi	sp,sp,-48
20001e1c:	02112623          	sw	ra,44(sp)
20001e20:	02812423          	sw	s0,40(sp)
20001e24:	03010413          	addi	s0,sp,48
20001e28:	fca42e23          	sw	a0,-36(s0)
20001e2c:	fcb42c23          	sw	a1,-40(s0)
20001e30:	fcc42a23          	sw	a2,-44(s0)
20001e34:	fd442783          	lw	a5,-44(s0)
20001e38:	fef42623          	sw	a5,-20(s0)
20001e3c:	01c0006f          	j	20001e58 <_write+0x40>
20001e40:	fd842783          	lw	a5,-40(s0)
20001e44:	00178713          	addi	a4,a5,1
20001e48:	fce42c23          	sw	a4,-40(s0)
20001e4c:	0007c783          	lbu	a5,0(a5)
20001e50:	00078513          	mv	a0,a5
20001e54:	b11ff0ef          	jal	20001964 <_outchar>
20001e58:	fd442783          	lw	a5,-44(s0)
20001e5c:	fff78713          	addi	a4,a5,-1
20001e60:	fce42a23          	sw	a4,-44(s0)
20001e64:	fc079ee3          	bnez	a5,20001e40 <_write+0x28>
20001e68:	fec42783          	lw	a5,-20(s0)
20001e6c:	00078513          	mv	a0,a5
20001e70:	02c12083          	lw	ra,44(sp)
20001e74:	02812403          	lw	s0,40(sp)
20001e78:	03010113          	addi	sp,sp,48
20001e7c:	00008067          	ret

20001e80 <_read>:
20001e80:	fd010113          	addi	sp,sp,-48
20001e84:	02112623          	sw	ra,44(sp)
20001e88:	02812423          	sw	s0,40(sp)
20001e8c:	03010413          	addi	s0,sp,48
20001e90:	fca42e23          	sw	a0,-36(s0)
20001e94:	fcb42c23          	sw	a1,-40(s0)
20001e98:	fcc42a23          	sw	a2,-44(s0)
20001e9c:	fe042623          	sw	zero,-20(s0)
20001ea0:	a65ff0ef          	jal	20001904 <_tstchar>
20001ea4:	00050793          	mv	a5,a0
20001ea8:	fef405a3          	sb	a5,-21(s0)
20001eac:	feb44783          	lbu	a5,-21(s0)
20001eb0:	02078263          	beqz	a5,20001ed4 <_read+0x54>
20001eb4:	fd842783          	lw	a5,-40(s0)
20001eb8:	00178713          	addi	a4,a5,1
20001ebc:	fce42c23          	sw	a4,-40(s0)
20001ec0:	feb44703          	lbu	a4,-21(s0)
20001ec4:	00e78023          	sb	a4,0(a5)
20001ec8:	fec42783          	lw	a5,-20(s0)
20001ecc:	00178793          	addi	a5,a5,1
20001ed0:	fef42623          	sw	a5,-20(s0)
20001ed4:	fd442703          	lw	a4,-44(s0)
20001ed8:	fec42783          	lw	a5,-20(s0)
20001edc:	fcf712e3          	bne	a4,a5,20001ea0 <_read+0x20>
20001ee0:	fec42783          	lw	a5,-20(s0)
20001ee4:	00078513          	mv	a0,a5
20001ee8:	02c12083          	lw	ra,44(sp)
20001eec:	02812403          	lw	s0,40(sp)
20001ef0:	03010113          	addi	sp,sp,48
20001ef4:	00008067          	ret

20001ef8 <_getpid>:
20001ef8:	ff010113          	addi	sp,sp,-16
20001efc:	00112623          	sw	ra,12(sp)
20001f00:	00812423          	sw	s0,8(sp)
20001f04:	01010413          	addi	s0,sp,16
20001f08:	00000793          	li	a5,0
20001f0c:	00078513          	mv	a0,a5
20001f10:	00c12083          	lw	ra,12(sp)
20001f14:	00812403          	lw	s0,8(sp)
20001f18:	01010113          	addi	sp,sp,16
20001f1c:	00008067          	ret

20001f20 <_kill>:
20001f20:	fe010113          	addi	sp,sp,-32
20001f24:	00112e23          	sw	ra,28(sp)
20001f28:	00812c23          	sw	s0,24(sp)
20001f2c:	02010413          	addi	s0,sp,32
20001f30:	fea42623          	sw	a0,-20(s0)
20001f34:	feb42423          	sw	a1,-24(s0)
20001f38:	00000793          	li	a5,0
20001f3c:	00078513          	mv	a0,a5
20001f40:	01c12083          	lw	ra,28(sp)
20001f44:	01812403          	lw	s0,24(sp)
20001f48:	02010113          	addi	sp,sp,32
20001f4c:	00008067          	ret

20001f50 <ecall>:
20001f50:	7131                	addi	sp,sp,-192
20001f52:	df06                	sw	ra,188(sp)
20001f54:	dd16                	sw	t0,184(sp)
20001f56:	003022f3          	frcsr	t0
20001f5a:	db16                	sw	t0,180(sp)
20001f5c:	d91a                	sw	t1,176(sp)
20001f5e:	d71e                	sw	t2,172(sp)
20001f60:	d522                	sw	s0,168(sp)
20001f62:	d32a                	sw	a0,164(sp)
20001f64:	d12e                	sw	a1,160(sp)
20001f66:	cf32                	sw	a2,156(sp)
20001f68:	cd36                	sw	a3,152(sp)
20001f6a:	cb3a                	sw	a4,148(sp)
20001f6c:	c93e                	sw	a5,144(sp)
20001f6e:	c742                	sw	a6,140(sp)
20001f70:	c546                	sw	a7,136(sp)
20001f72:	c372                	sw	t3,132(sp)
20001f74:	c176                	sw	t4,128(sp)
20001f76:	defa                	sw	t5,124(sp)
20001f78:	dcfe                	sw	t6,120(sp)
20001f7a:	ee82                	fsw	ft0,92(sp)
20001f7c:	ec86                	fsw	ft1,88(sp)
20001f7e:	ea8a                	fsw	ft2,84(sp)
20001f80:	e88e                	fsw	ft3,80(sp)
20001f82:	e692                	fsw	ft4,76(sp)
20001f84:	e496                	fsw	ft5,72(sp)
20001f86:	e29a                	fsw	ft6,68(sp)
20001f88:	e09e                	fsw	ft7,64(sp)
20001f8a:	fe2a                	fsw	fa0,60(sp)
20001f8c:	fc2e                	fsw	fa1,56(sp)
20001f8e:	fa32                	fsw	fa2,52(sp)
20001f90:	f836                	fsw	fa3,48(sp)
20001f92:	f63a                	fsw	fa4,44(sp)
20001f94:	f43e                	fsw	fa5,40(sp)
20001f96:	f242                	fsw	fa6,36(sp)
20001f98:	f046                	fsw	fa7,32(sp)
20001f9a:	ee72                	fsw	ft8,28(sp)
20001f9c:	ec76                	fsw	ft9,24(sp)
20001f9e:	ea7a                	fsw	ft10,20(sp)
20001fa0:	e87e                	fsw	ft11,16(sp)
20001fa2:	0180                	addi	s0,sp,192
20001fa4:	87c6                	mv	a5,a7
20001fa6:	f4f42423          	sw	a5,-184(s0)
20001faa:	f4842783          	lw	a5,-184(s0)
20001fae:	43dc                	lw	a5,4(a5)
20001fb0:	f4f42623          	sw	a5,-180(s0)
20001fb4:	f4842783          	lw	a5,-184(s0)
20001fb8:	439c                	lw	a5,0(a5)
20001fba:	04700713          	li	a4,71
20001fbe:	1ae78263          	beq	a5,a4,20002162 <ecall+0x212>
20001fc2:	04700713          	li	a4,71
20001fc6:	1cf74063          	blt	a4,a5,20002186 <ecall+0x236>
20001fca:	04600713          	li	a4,70
20001fce:	16e78e63          	beq	a5,a4,2000214a <ecall+0x1fa>
20001fd2:	04600713          	li	a4,70
20001fd6:	1af74863          	blt	a4,a5,20002186 <ecall+0x236>
20001fda:	03200713          	li	a4,50
20001fde:	16e78063          	beq	a5,a4,2000213e <ecall+0x1ee>
20001fe2:	03200713          	li	a4,50
20001fe6:	1af74063          	blt	a4,a5,20002186 <ecall+0x236>
20001fea:	4715                	li	a4,5
20001fec:	12e78663          	beq	a5,a4,20002118 <ecall+0x1c8>
20001ff0:	4715                	li	a4,5
20001ff2:	18f74a63          	blt	a4,a5,20002186 <ecall+0x236>
20001ff6:	4711                	li	a4,4
20001ff8:	0ee78d63          	beq	a5,a4,200020f2 <ecall+0x1a2>
20001ffc:	4711                	li	a4,4
20001ffe:	18f74463          	blt	a4,a5,20002186 <ecall+0x236>
20002002:	470d                	li	a4,3
20002004:	0ae78c63          	beq	a5,a4,200020bc <ecall+0x16c>
20002008:	470d                	li	a4,3
2000200a:	16f74e63          	blt	a4,a5,20002186 <ecall+0x236>
2000200e:	4709                	li	a4,2
20002010:	06e78563          	beq	a5,a4,2000207a <ecall+0x12a>
20002014:	4709                	li	a4,2
20002016:	16f74863          	blt	a4,a5,20002186 <ecall+0x236>
2000201a:	c789                	beqz	a5,20002024 <ecall+0xd4>
2000201c:	4705                	li	a4,1
2000201e:	00e78f63          	beq	a5,a4,2000203c <ecall+0xec>
20002022:	a295                	j	20002186 <ecall+0x236>
20002024:	f4c42783          	lw	a5,-180(s0)
20002028:	439c                	lw	a5,0(a5)
2000202a:	853e                	mv	a0,a5
2000202c:	104020ef          	jal	20004130 <_tft_init>
20002030:	87aa                	mv	a5,a0
20002032:	873e                	mv	a4,a5
20002034:	f4c42783          	lw	a5,-180(s0)
20002038:	c398                	sw	a4,0(a5)
2000203a:	a2b1                	j	20002186 <ecall+0x236>
2000203c:	f4c42783          	lw	a5,-180(s0)
20002040:	439c                	lw	a5,0(a5)
20002042:	853e                	mv	a0,a5
20002044:	f4c42783          	lw	a5,-180(s0)
20002048:	0791                	addi	a5,a5,4
2000204a:	439c                	lw	a5,0(a5)
2000204c:	85be                	mv	a1,a5
2000204e:	f4c42783          	lw	a5,-180(s0)
20002052:	07a1                	addi	a5,a5,8
20002054:	439c                	lw	a5,0(a5)
20002056:	863e                	mv	a2,a5
20002058:	f4c42783          	lw	a5,-180(s0)
2000205c:	07b1                	addi	a5,a5,12
2000205e:	439c                	lw	a5,0(a5)
20002060:	86be                	mv	a3,a5
20002062:	f4c42783          	lw	a5,-180(s0)
20002066:	07c1                	addi	a5,a5,16
20002068:	439c                	lw	a5,0(a5)
2000206a:	873e                	mv	a4,a5
2000206c:	f4c42783          	lw	a5,-180(s0)
20002070:	07d1                	addi	a5,a5,20
20002072:	439c                	lw	a5,0(a5)
20002074:	4db010ef          	jal	20003d4e <_tft_lcd_ellipse>
20002078:	a239                	j	20002186 <ecall+0x236>
2000207a:	f4c42783          	lw	a5,-180(s0)
2000207e:	439c                	lw	a5,0(a5)
20002080:	853e                	mv	a0,a5
20002082:	f4c42783          	lw	a5,-180(s0)
20002086:	0791                	addi	a5,a5,4
20002088:	439c                	lw	a5,0(a5)
2000208a:	85be                	mv	a1,a5
2000208c:	f4c42783          	lw	a5,-180(s0)
20002090:	07a1                	addi	a5,a5,8
20002092:	439c                	lw	a5,0(a5)
20002094:	863e                	mv	a2,a5
20002096:	f4c42783          	lw	a5,-180(s0)
2000209a:	07b1                	addi	a5,a5,12
2000209c:	439c                	lw	a5,0(a5)
2000209e:	86be                	mv	a3,a5
200020a0:	f4c42783          	lw	a5,-180(s0)
200020a4:	07c1                	addi	a5,a5,16
200020a6:	439c                	lw	a5,0(a5)
200020a8:	01079713          	slli	a4,a5,0x10
200020ac:	8341                	srli	a4,a4,0x10
200020ae:	f4c42783          	lw	a5,-180(s0)
200020b2:	07d1                	addi	a5,a5,20
200020b4:	439c                	lw	a5,0(a5)
200020b6:	37f010ef          	jal	20003c34 <_tft_lcd_rect>
200020ba:	a0f1                	j	20002186 <ecall+0x236>
200020bc:	f4c42783          	lw	a5,-180(s0)
200020c0:	439c                	lw	a5,0(a5)
200020c2:	853e                	mv	a0,a5
200020c4:	f4c42783          	lw	a5,-180(s0)
200020c8:	0791                	addi	a5,a5,4
200020ca:	439c                	lw	a5,0(a5)
200020cc:	85be                	mv	a1,a5
200020ce:	f4c42783          	lw	a5,-180(s0)
200020d2:	07a1                	addi	a5,a5,8
200020d4:	439c                	lw	a5,0(a5)
200020d6:	863e                	mv	a2,a5
200020d8:	f4c42783          	lw	a5,-180(s0)
200020dc:	07b1                	addi	a5,a5,12
200020de:	439c                	lw	a5,0(a5)
200020e0:	86be                	mv	a3,a5
200020e2:	f4c42783          	lw	a5,-180(s0)
200020e6:	07c1                	addi	a5,a5,16
200020e8:	439c                	lw	a5,0(a5)
200020ea:	873e                	mv	a4,a5
200020ec:	1d3010ef          	jal	20003abe <_tft_lcd_line>
200020f0:	a859                	j	20002186 <ecall+0x236>
200020f2:	f4c42783          	lw	a5,-180(s0)
200020f6:	439c                	lw	a5,0(a5)
200020f8:	873e                	mv	a4,a5
200020fa:	f4c42783          	lw	a5,-180(s0)
200020fe:	0791                	addi	a5,a5,4
20002100:	439c                	lw	a5,0(a5)
20002102:	86be                	mv	a3,a5
20002104:	f4c42783          	lw	a5,-180(s0)
20002108:	07a1                	addi	a5,a5,8
2000210a:	439c                	lw	a5,0(a5)
2000210c:	863e                	mv	a2,a5
2000210e:	85b6                	mv	a1,a3
20002110:	853a                	mv	a0,a4
20002112:	751010ef          	jal	20004062 <_tft_lcd_crosshair>
20002116:	a885                	j	20002186 <ecall+0x236>
20002118:	f4c42783          	lw	a5,-180(s0)
2000211c:	439c                	lw	a5,0(a5)
2000211e:	873e                	mv	a4,a5
20002120:	f4c42783          	lw	a5,-180(s0)
20002124:	0791                	addi	a5,a5,4
20002126:	439c                	lw	a5,0(a5)
20002128:	86be                	mv	a3,a5
2000212a:	f4c42783          	lw	a5,-180(s0)
2000212e:	07a1                	addi	a5,a5,8
20002130:	439c                	lw	a5,0(a5)
20002132:	863e                	mv	a2,a5
20002134:	85b6                	mv	a1,a3
20002136:	853a                	mv	a0,a4
20002138:	133010ef          	jal	20003a6a <_tft_lcd_pixel>
2000213c:	a0a9                	j	20002186 <ecall+0x236>
2000213e:	f4c42783          	lw	a5,-180(s0)
20002142:	439c                	lw	a5,0(a5)
20002144:	853e                	mv	a0,a5
20002146:	251d                	jal	2000276c <_delay_ms>
20002148:	a83d                	j	20002186 <ecall+0x236>
2000214a:	f4c42783          	lw	a5,-180(s0)
2000214e:	439c                	lw	a5,0(a5)
20002150:	853e                	mv	a0,a5
20002152:	749000ef          	jal	2000309a <_tft_tp_scan>
20002156:	87aa                	mv	a5,a0
20002158:	873e                	mv	a4,a5
2000215a:	f4c42783          	lw	a5,-180(s0)
2000215e:	c398                	sw	a4,0(a5)
20002160:	a01d                	j	20002186 <ecall+0x236>
20002162:	f4c42783          	lw	a5,-180(s0)
20002166:	439c                	lw	a5,0(a5)
20002168:	873e                	mv	a4,a5
2000216a:	f4c42783          	lw	a5,-180(s0)
2000216e:	0791                	addi	a5,a5,4
20002170:	439c                	lw	a5,0(a5)
20002172:	85be                	mv	a1,a5
20002174:	853a                	mv	a0,a4
20002176:	6c9000ef          	jal	2000303e <_tft_tp_getpos>
2000217a:	87aa                	mv	a5,a0
2000217c:	873e                	mv	a4,a5
2000217e:	f4c42783          	lw	a5,-180(s0)
20002182:	c398                	sw	a4,0(a5)
20002184:	0001                	nop
20002186:	341022f3          	csrr	t0,mepc
2000218a:	0291                	addi	t0,t0,4
2000218c:	34129073          	csrw	mepc,t0
20002190:	0001                	nop
20002192:	50fa                	lw	ra,188(sp)
20002194:	52da                	lw	t0,180(sp)
20002196:	00329073          	fscsr	t0
2000219a:	52ea                	lw	t0,184(sp)
2000219c:	534a                	lw	t1,176(sp)
2000219e:	53ba                	lw	t2,172(sp)
200021a0:	542a                	lw	s0,168(sp)
200021a2:	551a                	lw	a0,164(sp)
200021a4:	558a                	lw	a1,160(sp)
200021a6:	467a                	lw	a2,156(sp)
200021a8:	46ea                	lw	a3,152(sp)
200021aa:	475a                	lw	a4,148(sp)
200021ac:	47ca                	lw	a5,144(sp)
200021ae:	483a                	lw	a6,140(sp)
200021b0:	48aa                	lw	a7,136(sp)
200021b2:	4e1a                	lw	t3,132(sp)
200021b4:	4e8a                	lw	t4,128(sp)
200021b6:	5f76                	lw	t5,124(sp)
200021b8:	5fe6                	lw	t6,120(sp)
200021ba:	6076                	flw	ft0,92(sp)
200021bc:	60e6                	flw	ft1,88(sp)
200021be:	6156                	flw	ft2,84(sp)
200021c0:	61c6                	flw	ft3,80(sp)
200021c2:	6236                	flw	ft4,76(sp)
200021c4:	62a6                	flw	ft5,72(sp)
200021c6:	6316                	flw	ft6,68(sp)
200021c8:	6386                	flw	ft7,64(sp)
200021ca:	7572                	flw	fa0,60(sp)
200021cc:	75e2                	flw	fa1,56(sp)
200021ce:	7652                	flw	fa2,52(sp)
200021d0:	76c2                	flw	fa3,48(sp)
200021d2:	7732                	flw	fa4,44(sp)
200021d4:	77a2                	flw	fa5,40(sp)
200021d6:	7812                	flw	fa6,36(sp)
200021d8:	7882                	flw	fa7,32(sp)
200021da:	6e72                	flw	ft8,28(sp)
200021dc:	6ee2                	flw	ft9,24(sp)
200021de:	6f52                	flw	ft10,20(sp)
200021e0:	6fc2                	flw	ft11,16(sp)
200021e2:	6129                	addi	sp,sp,192
200021e4:	30200073          	mret

200021e8 <tft_init>:
200021e8:	7179                	addi	sp,sp,-48
200021ea:	d606                	sw	ra,44(sp)
200021ec:	d422                	sw	s0,40(sp)
200021ee:	1800                	addi	s0,sp,48
200021f0:	fca42e23          	sw	a0,-36(s0)
200021f4:	fe840793          	addi	a5,s0,-24
200021f8:	fef42023          	sw	a5,-32(s0)
200021fc:	88be                	mv	a7,a5
200021fe:	fef42023          	sw	a5,-32(s0)
20002202:	fe042423          	sw	zero,-24(s0)
20002206:	fdc42783          	lw	a5,-36(s0)
2000220a:	fef42223          	sw	a5,-28(s0)
2000220e:	fe440793          	addi	a5,s0,-28
20002212:	fef42623          	sw	a5,-20(s0)
20002216:	2001c7b7          	lui	a5,0x2001c
2000221a:	07d1                	addi	a5,a5,20 # 2001c014 <__stack_top+0x12ba0>
2000221c:	20002737          	lui	a4,0x20002
20002220:	f5070713          	addi	a4,a4,-176 # 20001f50 <ecall>
20002224:	c398                	sw	a4,0(a5)
20002226:	00000073          	ecall
2000222a:	fe442783          	lw	a5,-28(s0)
2000222e:	853e                	mv	a0,a5
20002230:	50b2                	lw	ra,44(sp)
20002232:	5422                	lw	s0,40(sp)
20002234:	6145                	addi	sp,sp,48
20002236:	8082                	ret

20002238 <tft_lcd_ellipse>:
20002238:	711d                	addi	sp,sp,-96
2000223a:	ce86                	sw	ra,92(sp)
2000223c:	cca2                	sw	s0,88(sp)
2000223e:	1080                	addi	s0,sp,96
20002240:	faa42e23          	sw	a0,-68(s0)
20002244:	fab42c23          	sw	a1,-72(s0)
20002248:	fac42a23          	sw	a2,-76(s0)
2000224c:	fad42823          	sw	a3,-80(s0)
20002250:	fae42623          	sw	a4,-84(s0)
20002254:	faf42423          	sw	a5,-88(s0)
20002258:	fe840793          	addi	a5,s0,-24
2000225c:	fcf42623          	sw	a5,-52(s0)
20002260:	88be                	mv	a7,a5
20002262:	fcf42623          	sw	a5,-52(s0)
20002266:	4785                	li	a5,1
20002268:	fef42423          	sw	a5,-24(s0)
2000226c:	fbc42783          	lw	a5,-68(s0)
20002270:	fcf42823          	sw	a5,-48(s0)
20002274:	fb842783          	lw	a5,-72(s0)
20002278:	fcf42a23          	sw	a5,-44(s0)
2000227c:	fb442783          	lw	a5,-76(s0)
20002280:	fcf42c23          	sw	a5,-40(s0)
20002284:	fb042783          	lw	a5,-80(s0)
20002288:	fcf42e23          	sw	a5,-36(s0)
2000228c:	fac42783          	lw	a5,-84(s0)
20002290:	fef42023          	sw	a5,-32(s0)
20002294:	fa842783          	lw	a5,-88(s0)
20002298:	fef42223          	sw	a5,-28(s0)
2000229c:	fd040793          	addi	a5,s0,-48
200022a0:	fef42623          	sw	a5,-20(s0)
200022a4:	00000073          	ecall
200022a8:	0001                	nop
200022aa:	40f6                	lw	ra,92(sp)
200022ac:	4466                	lw	s0,88(sp)
200022ae:	6125                	addi	sp,sp,96
200022b0:	8082                	ret

200022b2 <tft_lcd_rect>:
200022b2:	711d                	addi	sp,sp,-96
200022b4:	ce86                	sw	ra,92(sp)
200022b6:	cca2                	sw	s0,88(sp)
200022b8:	1080                	addi	s0,sp,96
200022ba:	faa42e23          	sw	a0,-68(s0)
200022be:	fab42c23          	sw	a1,-72(s0)
200022c2:	fac42a23          	sw	a2,-76(s0)
200022c6:	fad42823          	sw	a3,-80(s0)
200022ca:	fae42623          	sw	a4,-84(s0)
200022ce:	faf42423          	sw	a5,-88(s0)
200022d2:	fe840793          	addi	a5,s0,-24
200022d6:	fcf42623          	sw	a5,-52(s0)
200022da:	88be                	mv	a7,a5
200022dc:	fcf42623          	sw	a5,-52(s0)
200022e0:	4789                	li	a5,2
200022e2:	fef42423          	sw	a5,-24(s0)
200022e6:	fbc42783          	lw	a5,-68(s0)
200022ea:	fcf42823          	sw	a5,-48(s0)
200022ee:	fb842783          	lw	a5,-72(s0)
200022f2:	fcf42a23          	sw	a5,-44(s0)
200022f6:	fb442783          	lw	a5,-76(s0)
200022fa:	fcf42c23          	sw	a5,-40(s0)
200022fe:	fb042783          	lw	a5,-80(s0)
20002302:	fcf42e23          	sw	a5,-36(s0)
20002306:	fac42783          	lw	a5,-84(s0)
2000230a:	fef42023          	sw	a5,-32(s0)
2000230e:	fa842783          	lw	a5,-88(s0)
20002312:	fef42223          	sw	a5,-28(s0)
20002316:	fd040793          	addi	a5,s0,-48
2000231a:	fef42623          	sw	a5,-20(s0)
2000231e:	00000073          	ecall
20002322:	0001                	nop
20002324:	40f6                	lw	ra,92(sp)
20002326:	4466                	lw	s0,88(sp)
20002328:	6125                	addi	sp,sp,96
2000232a:	8082                	ret

2000232c <tft_lcd_line>:
2000232c:	711d                	addi	sp,sp,-96
2000232e:	ce86                	sw	ra,92(sp)
20002330:	cca2                	sw	s0,88(sp)
20002332:	1080                	addi	s0,sp,96
20002334:	faa42e23          	sw	a0,-68(s0)
20002338:	fab42c23          	sw	a1,-72(s0)
2000233c:	fac42a23          	sw	a2,-76(s0)
20002340:	fad42823          	sw	a3,-80(s0)
20002344:	fae42623          	sw	a4,-84(s0)
20002348:	fe840793          	addi	a5,s0,-24
2000234c:	fcf42623          	sw	a5,-52(s0)
20002350:	88be                	mv	a7,a5
20002352:	fcf42623          	sw	a5,-52(s0)
20002356:	478d                	li	a5,3
20002358:	fef42423          	sw	a5,-24(s0)
2000235c:	fbc42783          	lw	a5,-68(s0)
20002360:	fcf42823          	sw	a5,-48(s0)
20002364:	fb842783          	lw	a5,-72(s0)
20002368:	fcf42a23          	sw	a5,-44(s0)
2000236c:	fb442783          	lw	a5,-76(s0)
20002370:	fcf42c23          	sw	a5,-40(s0)
20002374:	fb042783          	lw	a5,-80(s0)
20002378:	fcf42e23          	sw	a5,-36(s0)
2000237c:	fac42783          	lw	a5,-84(s0)
20002380:	fef42023          	sw	a5,-32(s0)
20002384:	fd040793          	addi	a5,s0,-48
20002388:	fef42623          	sw	a5,-20(s0)
2000238c:	00000073          	ecall
20002390:	0001                	nop
20002392:	40f6                	lw	ra,92(sp)
20002394:	4466                	lw	s0,88(sp)
20002396:	6125                	addi	sp,sp,96
20002398:	8082                	ret

2000239a <tft_crosshair>:
2000239a:	715d                	addi	sp,sp,-80
2000239c:	c686                	sw	ra,76(sp)
2000239e:	c4a2                	sw	s0,72(sp)
200023a0:	0880                	addi	s0,sp,80
200023a2:	faa42e23          	sw	a0,-68(s0)
200023a6:	fab42c23          	sw	a1,-72(s0)
200023aa:	fac42a23          	sw	a2,-76(s0)
200023ae:	fe840793          	addi	a5,s0,-24
200023b2:	fcf42623          	sw	a5,-52(s0)
200023b6:	88be                	mv	a7,a5
200023b8:	fcf42623          	sw	a5,-52(s0)
200023bc:	4791                	li	a5,4
200023be:	fef42423          	sw	a5,-24(s0)
200023c2:	fbc42783          	lw	a5,-68(s0)
200023c6:	fcf42823          	sw	a5,-48(s0)
200023ca:	fb842783          	lw	a5,-72(s0)
200023ce:	fcf42a23          	sw	a5,-44(s0)
200023d2:	fb442783          	lw	a5,-76(s0)
200023d6:	fcf42c23          	sw	a5,-40(s0)
200023da:	fd040793          	addi	a5,s0,-48
200023de:	fef42623          	sw	a5,-20(s0)
200023e2:	00000073          	ecall
200023e6:	0001                	nop
200023e8:	40b6                	lw	ra,76(sp)
200023ea:	4426                	lw	s0,72(sp)
200023ec:	6161                	addi	sp,sp,80
200023ee:	8082                	ret

200023f0 <tft_lcd_pixel>:
200023f0:	715d                	addi	sp,sp,-80
200023f2:	c686                	sw	ra,76(sp)
200023f4:	c4a2                	sw	s0,72(sp)
200023f6:	0880                	addi	s0,sp,80
200023f8:	faa42e23          	sw	a0,-68(s0)
200023fc:	fab42c23          	sw	a1,-72(s0)
20002400:	fac42a23          	sw	a2,-76(s0)
20002404:	fe840793          	addi	a5,s0,-24
20002408:	fcf42623          	sw	a5,-52(s0)
2000240c:	88be                	mv	a7,a5
2000240e:	fcf42623          	sw	a5,-52(s0)
20002412:	4795                	li	a5,5
20002414:	fef42423          	sw	a5,-24(s0)
20002418:	fbc42783          	lw	a5,-68(s0)
2000241c:	fcf42823          	sw	a5,-48(s0)
20002420:	fb842783          	lw	a5,-72(s0)
20002424:	fcf42a23          	sw	a5,-44(s0)
20002428:	fb442783          	lw	a5,-76(s0)
2000242c:	fcf42c23          	sw	a5,-40(s0)
20002430:	fd040793          	addi	a5,s0,-48
20002434:	fef42623          	sw	a5,-20(s0)
20002438:	00000073          	ecall
2000243c:	0001                	nop
2000243e:	40b6                	lw	ra,76(sp)
20002440:	4426                	lw	s0,72(sp)
20002442:	6161                	addi	sp,sp,80
20002444:	8082                	ret

20002446 <tft_tp_scan>:
20002446:	7179                	addi	sp,sp,-48
20002448:	d606                	sw	ra,44(sp)
2000244a:	d422                	sw	s0,40(sp)
2000244c:	1800                	addi	s0,sp,48
2000244e:	fca42e23          	sw	a0,-36(s0)
20002452:	fe840793          	addi	a5,s0,-24
20002456:	fef42023          	sw	a5,-32(s0)
2000245a:	88be                	mv	a7,a5
2000245c:	fef42023          	sw	a5,-32(s0)
20002460:	04600793          	li	a5,70
20002464:	fef42423          	sw	a5,-24(s0)
20002468:	fdc42783          	lw	a5,-36(s0)
2000246c:	fef42223          	sw	a5,-28(s0)
20002470:	fe440793          	addi	a5,s0,-28
20002474:	fef42623          	sw	a5,-20(s0)
20002478:	00000073          	ecall
2000247c:	fe442783          	lw	a5,-28(s0)
20002480:	853e                	mv	a0,a5
20002482:	50b2                	lw	ra,44(sp)
20002484:	5422                	lw	s0,40(sp)
20002486:	6145                	addi	sp,sp,48
20002488:	8082                	ret

2000248a <tft_tp_getpos>:
2000248a:	7139                	addi	sp,sp,-64
2000248c:	de06                	sw	ra,60(sp)
2000248e:	dc22                	sw	s0,56(sp)
20002490:	0080                	addi	s0,sp,64
20002492:	fca42623          	sw	a0,-52(s0)
20002496:	fcb42423          	sw	a1,-56(s0)
2000249a:	fe840793          	addi	a5,s0,-24
2000249e:	fcf42e23          	sw	a5,-36(s0)
200024a2:	88be                	mv	a7,a5
200024a4:	fcf42e23          	sw	a5,-36(s0)
200024a8:	04700793          	li	a5,71
200024ac:	fef42423          	sw	a5,-24(s0)
200024b0:	fcc42783          	lw	a5,-52(s0)
200024b4:	fef42023          	sw	a5,-32(s0)
200024b8:	fc842783          	lw	a5,-56(s0)
200024bc:	fef42223          	sw	a5,-28(s0)
200024c0:	fe040793          	addi	a5,s0,-32
200024c4:	fef42623          	sw	a5,-20(s0)
200024c8:	00000073          	ecall
200024cc:	fe042783          	lw	a5,-32(s0)
200024d0:	853e                	mv	a0,a5
200024d2:	50f2                	lw	ra,60(sp)
200024d4:	5462                	lw	s0,56(sp)
200024d6:	6121                	addi	sp,sp,64
200024d8:	8082                	ret

200024da <delay_ms>:
200024da:	7179                	addi	sp,sp,-48
200024dc:	d606                	sw	ra,44(sp)
200024de:	d422                	sw	s0,40(sp)
200024e0:	1800                	addi	s0,sp,48
200024e2:	fca42e23          	sw	a0,-36(s0)
200024e6:	fe840793          	addi	a5,s0,-24
200024ea:	fef42023          	sw	a5,-32(s0)
200024ee:	88be                	mv	a7,a5
200024f0:	fef42023          	sw	a5,-32(s0)
200024f4:	03200793          	li	a5,50
200024f8:	fef42423          	sw	a5,-24(s0)
200024fc:	fdc42783          	lw	a5,-36(s0)
20002500:	fef42223          	sw	a5,-28(s0)
20002504:	fe440793          	addi	a5,s0,-28
20002508:	fef42623          	sw	a5,-20(s0)
2000250c:	00000073          	ecall
20002510:	0001                	nop
20002512:	50b2                	lw	ra,44(sp)
20002514:	5422                	lw	s0,40(sp)
20002516:	6145                	addi	sp,sp,48
20002518:	8082                	ret

2000251a <_pll_init_144>:
2000251a:	1101                	addi	sp,sp,-32
2000251c:	ce06                	sw	ra,28(sp)
2000251e:	cc22                	sw	s0,24(sp)
20002520:	1000                	addi	s0,sp,32
20002522:	fe042623          	sw	zero,-20(s0)
20002526:	fe042423          	sw	zero,-24(s0)
2000252a:	400217b7          	lui	a5,0x40021
2000252e:	4398                	lw	a4,0(a5)
20002530:	400217b7          	lui	a5,0x40021
20002534:	00176713          	ori	a4,a4,1
20002538:	c398                	sw	a4,0(a5)
2000253a:	400217b7          	lui	a5,0x40021
2000253e:	0791                	addi	a5,a5,4 # 40021004 <__stack_top+0x20017b90>
20002540:	4394                	lw	a3,0(a5)
20002542:	400217b7          	lui	a5,0x40021
20002546:	0791                	addi	a5,a5,4 # 40021004 <__stack_top+0x20017b90>
20002548:	f8ff0737          	lui	a4,0xf8ff0
2000254c:	8f75                	and	a4,a4,a3
2000254e:	c398                	sw	a4,0(a5)
20002550:	400217b7          	lui	a5,0x40021
20002554:	4394                	lw	a3,0(a5)
20002556:	400217b7          	lui	a5,0x40021
2000255a:	fef70737          	lui	a4,0xfef70
2000255e:	177d                	addi	a4,a4,-1 # fef6ffff <__stack_top+0xdef66b8b>
20002560:	8f75                	and	a4,a4,a3
20002562:	c398                	sw	a4,0(a5)
20002564:	400217b7          	lui	a5,0x40021
20002568:	4394                	lw	a3,0(a5)
2000256a:	400217b7          	lui	a5,0x40021
2000256e:	fffc0737          	lui	a4,0xfffc0
20002572:	177d                	addi	a4,a4,-1 # fffbffff <__stack_top+0xdffb6b8b>
20002574:	8f75                	and	a4,a4,a3
20002576:	c398                	sw	a4,0(a5)
20002578:	400217b7          	lui	a5,0x40021
2000257c:	0791                	addi	a5,a5,4 # 40021004 <__stack_top+0x20017b90>
2000257e:	4394                	lw	a3,0(a5)
20002580:	400217b7          	lui	a5,0x40021
20002584:	0791                	addi	a5,a5,4 # 40021004 <__stack_top+0x20017b90>
20002586:	ff810737          	lui	a4,0xff810
2000258a:	177d                	addi	a4,a4,-1 # ff80ffff <__stack_top+0xdf806b8b>
2000258c:	8f75                	and	a4,a4,a3
2000258e:	c398                	sw	a4,0(a5)
20002590:	400217b7          	lui	a5,0x40021
20002594:	4394                	lw	a3,0(a5)
20002596:	400217b7          	lui	a5,0x40021
2000259a:	ec000737          	lui	a4,0xec000
2000259e:	177d                	addi	a4,a4,-1 # ebffffff <__stack_top+0xcbff6b8b>
200025a0:	8f75                	and	a4,a4,a3
200025a2:	c398                	sw	a4,0(a5)
200025a4:	400217b7          	lui	a5,0x40021
200025a8:	07a1                	addi	a5,a5,8 # 40021008 <__stack_top+0x20017b94>
200025aa:	00ff0737          	lui	a4,0xff0
200025ae:	c398                	sw	a4,0(a5)
200025b0:	400217b7          	lui	a5,0x40021
200025b4:	02c78793          	addi	a5,a5,44 # 4002102c <__stack_top+0x20017bb8>
200025b8:	0007a023          	sw	zero,0(a5)
200025bc:	400217b7          	lui	a5,0x40021
200025c0:	4394                	lw	a3,0(a5)
200025c2:	400217b7          	lui	a5,0x40021
200025c6:	6741                	lui	a4,0x10
200025c8:	8f55                	or	a4,a4,a3
200025ca:	c398                	sw	a4,0(a5)
200025cc:	400217b7          	lui	a5,0x40021
200025d0:	4398                	lw	a4,0(a5)
200025d2:	000207b7          	lui	a5,0x20
200025d6:	8ff9                	and	a5,a5,a4
200025d8:	fef42423          	sw	a5,-24(s0)
200025dc:	fec42783          	lw	a5,-20(s0)
200025e0:	0785                	addi	a5,a5,1 # 20001 <_start-0x1ffdffff>
200025e2:	fef42623          	sw	a5,-20(s0)
200025e6:	fe842783          	lw	a5,-24(s0)
200025ea:	e799                	bnez	a5,200025f8 <_pll_init_144+0xde>
200025ec:	fec42703          	lw	a4,-20(s0)
200025f0:	1f400793          	li	a5,500
200025f4:	fcf71ce3          	bne	a4,a5,200025cc <_pll_init_144+0xb2>
200025f8:	400217b7          	lui	a5,0x40021
200025fc:	4398                	lw	a4,0(a5)
200025fe:	000207b7          	lui	a5,0x20
20002602:	8ff9                	and	a5,a5,a4
20002604:	e399                	bnez	a5,2000260a <_pll_init_144+0xf0>
20002606:	4785                	li	a5,1
20002608:	a0e1                	j	200026d0 <_pll_init_144+0x1b6>
2000260a:	400217b7          	lui	a5,0x40021
2000260e:	00478713          	addi	a4,a5,4 # 40021004 <__stack_top+0x20017b90>
20002612:	400217b7          	lui	a5,0x40021
20002616:	0791                	addi	a5,a5,4 # 40021004 <__stack_top+0x20017b90>
20002618:	4318                	lw	a4,0(a4)
2000261a:	c398                	sw	a4,0(a5)
2000261c:	400217b7          	lui	a5,0x40021
20002620:	00478713          	addi	a4,a5,4 # 40021004 <__stack_top+0x20017b90>
20002624:	400217b7          	lui	a5,0x40021
20002628:	0791                	addi	a5,a5,4 # 40021004 <__stack_top+0x20017b90>
2000262a:	4318                	lw	a4,0(a4)
2000262c:	c398                	sw	a4,0(a5)
2000262e:	400217b7          	lui	a5,0x40021
20002632:	02c78793          	addi	a5,a5,44 # 4002102c <__stack_top+0x20017bb8>
20002636:	4398                	lw	a4,0(a5)
20002638:	400217b7          	lui	a5,0x40021
2000263c:	02c78793          	addi	a5,a5,44 # 4002102c <__stack_top+0x20017bb8>
20002640:	40076713          	ori	a4,a4,1024
20002644:	c398                	sw	a4,0(a5)
20002646:	400217b7          	lui	a5,0x40021
2000264a:	0791                	addi	a5,a5,4 # 40021004 <__stack_top+0x20017b90>
2000264c:	4394                	lw	a3,0(a5)
2000264e:	400217b7          	lui	a5,0x40021
20002652:	0791                	addi	a5,a5,4 # 40021004 <__stack_top+0x20017b90>
20002654:	ffc10737          	lui	a4,0xffc10
20002658:	177d                	addi	a4,a4,-1 # ffc0ffff <__stack_top+0xdfc06b8b>
2000265a:	8f75                	and	a4,a4,a3
2000265c:	c398                	sw	a4,0(a5)
2000265e:	400217b7          	lui	a5,0x40021
20002662:	0791                	addi	a5,a5,4 # 40021004 <__stack_top+0x20017b90>
20002664:	4394                	lw	a3,0(a5)
20002666:	400217b7          	lui	a5,0x40021
2000266a:	0791                	addi	a5,a5,4 # 40021004 <__stack_top+0x20017b90>
2000266c:	6741                	lui	a4,0x10
2000266e:	8f55                	or	a4,a4,a3
20002670:	c398                	sw	a4,0(a5)
20002672:	400217b7          	lui	a5,0x40021
20002676:	4394                	lw	a3,0(a5)
20002678:	400217b7          	lui	a5,0x40021
2000267c:	01000737          	lui	a4,0x1000
20002680:	8f55                	or	a4,a4,a3
20002682:	c398                	sw	a4,0(a5)
20002684:	0001                	nop
20002686:	400217b7          	lui	a5,0x40021
2000268a:	4398                	lw	a4,0(a5)
2000268c:	020007b7          	lui	a5,0x2000
20002690:	8ff9                	and	a5,a5,a4
20002692:	dbf5                	beqz	a5,20002686 <_pll_init_144+0x16c>
20002694:	400217b7          	lui	a5,0x40021
20002698:	0791                	addi	a5,a5,4 # 40021004 <__stack_top+0x20017b90>
2000269a:	4398                	lw	a4,0(a5)
2000269c:	400217b7          	lui	a5,0x40021
200026a0:	0791                	addi	a5,a5,4 # 40021004 <__stack_top+0x20017b90>
200026a2:	9b71                	andi	a4,a4,-4
200026a4:	c398                	sw	a4,0(a5)
200026a6:	400217b7          	lui	a5,0x40021
200026aa:	0791                	addi	a5,a5,4 # 40021004 <__stack_top+0x20017b90>
200026ac:	4398                	lw	a4,0(a5)
200026ae:	400217b7          	lui	a5,0x40021
200026b2:	0791                	addi	a5,a5,4 # 40021004 <__stack_top+0x20017b90>
200026b4:	00276713          	ori	a4,a4,2
200026b8:	c398                	sw	a4,0(a5)
200026ba:	0001                	nop
200026bc:	400217b7          	lui	a5,0x40021
200026c0:	0791                	addi	a5,a5,4 # 40021004 <__stack_top+0x20017b90>
200026c2:	439c                	lw	a5,0(a5)
200026c4:	00c7f713          	andi	a4,a5,12
200026c8:	47a1                	li	a5,8
200026ca:	fef719e3          	bne	a4,a5,200026bc <_pll_init_144+0x1a2>
200026ce:	4781                	li	a5,0
200026d0:	853e                	mv	a0,a5
200026d2:	40f2                	lw	ra,28(sp)
200026d4:	4462                	lw	s0,24(sp)
200026d6:	6105                	addi	sp,sp,32
200026d8:	8082                	ret

200026da <timer7_delay1ms>:
200026da:	1141                	addi	sp,sp,-16
200026dc:	c606                	sw	ra,12(sp)
200026de:	c422                	sw	s0,8(sp)
200026e0:	0800                	addi	s0,sp,16
200026e2:	400017b7          	lui	a5,0x40001
200026e6:	40078793          	addi	a5,a5,1024 # 40001400 <__stack_top+0x1fff7f8c>
200026ea:	00079023          	sh	zero,0(a5)
200026ee:	400017b7          	lui	a5,0x40001
200026f2:	40478793          	addi	a5,a5,1028 # 40001404 <__stack_top+0x1fff7f90>
200026f6:	00079023          	sh	zero,0(a5)
200026fa:	400017b7          	lui	a5,0x40001
200026fe:	40c78793          	addi	a5,a5,1036 # 4000140c <__stack_top+0x1fff7f98>
20002702:	00079023          	sh	zero,0(a5)
20002706:	400017b7          	lui	a5,0x40001
2000270a:	41078793          	addi	a5,a5,1040 # 40001410 <__stack_top+0x1fff7f9c>
2000270e:	00079023          	sh	zero,0(a5)
20002712:	400017b7          	lui	a5,0x40001
20002716:	42878793          	addi	a5,a5,1064 # 40001428 <__stack_top+0x1fff7fb4>
2000271a:	08f00713          	li	a4,143
2000271e:	00e79023          	sh	a4,0(a5)
20002722:	400017b7          	lui	a5,0x40001
20002726:	42c78793          	addi	a5,a5,1068 # 4000142c <__stack_top+0x1fff7fb8>
2000272a:	3e700713          	li	a4,999
2000272e:	00e79023          	sh	a4,0(a5)
20002732:	400017b7          	lui	a5,0x40001
20002736:	40078793          	addi	a5,a5,1024 # 40001400 <__stack_top+0x1fff7f8c>
2000273a:	4705                	li	a4,1
2000273c:	00e79023          	sh	a4,0(a5)
20002740:	0001                	nop
20002742:	400017b7          	lui	a5,0x40001
20002746:	41078793          	addi	a5,a5,1040 # 40001410 <__stack_top+0x1fff7f9c>
2000274a:	0007d783          	lhu	a5,0(a5)
2000274e:	07c2                	slli	a5,a5,0x10
20002750:	83c1                	srli	a5,a5,0x10
20002752:	8b85                	andi	a5,a5,1
20002754:	d7fd                	beqz	a5,20002742 <timer7_delay1ms+0x68>
20002756:	400017b7          	lui	a5,0x40001
2000275a:	40078793          	addi	a5,a5,1024 # 40001400 <__stack_top+0x1fff7f8c>
2000275e:	00079023          	sh	zero,0(a5)
20002762:	0001                	nop
20002764:	40b2                	lw	ra,12(sp)
20002766:	4422                	lw	s0,8(sp)
20002768:	0141                	addi	sp,sp,16
2000276a:	8082                	ret

2000276c <_delay_ms>:
2000276c:	1101                	addi	sp,sp,-32
2000276e:	ce06                	sw	ra,28(sp)
20002770:	cc22                	sw	s0,24(sp)
20002772:	1000                	addi	s0,sp,32
20002774:	fea42623          	sw	a0,-20(s0)
20002778:	a011                	j	2000277c <_delay_ms+0x10>
2000277a:	3785                	jal	200026da <timer7_delay1ms>
2000277c:	fec42783          	lw	a5,-20(s0)
20002780:	fff78713          	addi	a4,a5,-1
20002784:	fee42623          	sw	a4,-20(s0)
20002788:	fbed                	bnez	a5,2000277a <_delay_ms+0xe>
2000278a:	0001                	nop
2000278c:	0001                	nop
2000278e:	40f2                	lw	ra,28(sp)
20002790:	4462                	lw	s0,24(sp)
20002792:	6105                	addi	sp,sp,32
20002794:	8082                	ret

20002796 <timer7_delay1us>:
20002796:	1141                	addi	sp,sp,-16
20002798:	c606                	sw	ra,12(sp)
2000279a:	c422                	sw	s0,8(sp)
2000279c:	0800                	addi	s0,sp,16
2000279e:	400017b7          	lui	a5,0x40001
200027a2:	40078793          	addi	a5,a5,1024 # 40001400 <__stack_top+0x1fff7f8c>
200027a6:	00079023          	sh	zero,0(a5)
200027aa:	400017b7          	lui	a5,0x40001
200027ae:	41078793          	addi	a5,a5,1040 # 40001410 <__stack_top+0x1fff7f9c>
200027b2:	00079023          	sh	zero,0(a5)
200027b6:	400017b7          	lui	a5,0x40001
200027ba:	42878793          	addi	a5,a5,1064 # 40001428 <__stack_top+0x1fff7fb4>
200027be:	00079023          	sh	zero,0(a5)
200027c2:	400017b7          	lui	a5,0x40001
200027c6:	42c78793          	addi	a5,a5,1068 # 4000142c <__stack_top+0x1fff7fb8>
200027ca:	08f00713          	li	a4,143
200027ce:	00e79023          	sh	a4,0(a5)
200027d2:	400017b7          	lui	a5,0x40001
200027d6:	40078793          	addi	a5,a5,1024 # 40001400 <__stack_top+0x1fff7f8c>
200027da:	4705                	li	a4,1
200027dc:	00e79023          	sh	a4,0(a5)
200027e0:	0001                	nop
200027e2:	400017b7          	lui	a5,0x40001
200027e6:	41078793          	addi	a5,a5,1040 # 40001410 <__stack_top+0x1fff7f9c>
200027ea:	0007d783          	lhu	a5,0(a5)
200027ee:	07c2                	slli	a5,a5,0x10
200027f0:	83c1                	srli	a5,a5,0x10
200027f2:	8b85                	andi	a5,a5,1
200027f4:	d7fd                	beqz	a5,200027e2 <timer7_delay1us+0x4c>
200027f6:	400017b7          	lui	a5,0x40001
200027fa:	40078793          	addi	a5,a5,1024 # 40001400 <__stack_top+0x1fff7f8c>
200027fe:	00079023          	sh	zero,0(a5)
20002802:	0001                	nop
20002804:	40b2                	lw	ra,12(sp)
20002806:	4422                	lw	s0,8(sp)
20002808:	0141                	addi	sp,sp,16
2000280a:	8082                	ret

2000280c <delay_us>:
2000280c:	1101                	addi	sp,sp,-32
2000280e:	ce06                	sw	ra,28(sp)
20002810:	cc22                	sw	s0,24(sp)
20002812:	1000                	addi	s0,sp,32
20002814:	fea42623          	sw	a0,-20(s0)
20002818:	a011                	j	2000281c <delay_us+0x10>
2000281a:	3fb5                	jal	20002796 <timer7_delay1us>
2000281c:	fec42783          	lw	a5,-20(s0)
20002820:	fff78713          	addi	a4,a5,-1
20002824:	fee42623          	sw	a4,-20(s0)
20002828:	fbed                	bnez	a5,2000281a <delay_us+0xe>
2000282a:	0001                	nop
2000282c:	0001                	nop
2000282e:	40f2                	lw	ra,28(sp)
20002830:	4462                	lw	s0,24(sp)
20002832:	6105                	addi	sp,sp,32
20002834:	8082                	ret

20002836 <timer7_delay250ns>:
20002836:	1141                	addi	sp,sp,-16
20002838:	c606                	sw	ra,12(sp)
2000283a:	c422                	sw	s0,8(sp)
2000283c:	0800                	addi	s0,sp,16
2000283e:	400017b7          	lui	a5,0x40001
20002842:	40078793          	addi	a5,a5,1024 # 40001400 <__stack_top+0x1fff7f8c>
20002846:	00079023          	sh	zero,0(a5)
2000284a:	400017b7          	lui	a5,0x40001
2000284e:	41078793          	addi	a5,a5,1040 # 40001410 <__stack_top+0x1fff7f9c>
20002852:	00079023          	sh	zero,0(a5)
20002856:	400017b7          	lui	a5,0x40001
2000285a:	42878793          	addi	a5,a5,1064 # 40001428 <__stack_top+0x1fff7fb4>
2000285e:	00079023          	sh	zero,0(a5)
20002862:	400017b7          	lui	a5,0x40001
20002866:	42c78793          	addi	a5,a5,1068 # 4000142c <__stack_top+0x1fff7fb8>
2000286a:	4779                	li	a4,30
2000286c:	00e79023          	sh	a4,0(a5)
20002870:	400017b7          	lui	a5,0x40001
20002874:	40078793          	addi	a5,a5,1024 # 40001400 <__stack_top+0x1fff7f8c>
20002878:	4705                	li	a4,1
2000287a:	00e79023          	sh	a4,0(a5)
2000287e:	0001                	nop
20002880:	400017b7          	lui	a5,0x40001
20002884:	41078793          	addi	a5,a5,1040 # 40001410 <__stack_top+0x1fff7f9c>
20002888:	0007d783          	lhu	a5,0(a5)
2000288c:	07c2                	slli	a5,a5,0x10
2000288e:	83c1                	srli	a5,a5,0x10
20002890:	8b85                	andi	a5,a5,1
20002892:	d7fd                	beqz	a5,20002880 <timer7_delay250ns+0x4a>
20002894:	400017b7          	lui	a5,0x40001
20002898:	40078793          	addi	a5,a5,1024 # 40001400 <__stack_top+0x1fff7f8c>
2000289c:	00079023          	sh	zero,0(a5)
200028a0:	0001                	nop
200028a2:	40b2                	lw	ra,12(sp)
200028a4:	4422                	lw	s0,8(sp)
200028a6:	0141                	addi	sp,sp,16
200028a8:	8082                	ret

200028aa <delay_250ns>:
200028aa:	1141                	addi	sp,sp,-16
200028ac:	c606                	sw	ra,12(sp)
200028ae:	c422                	sw	s0,8(sp)
200028b0:	0800                	addi	s0,sp,16
200028b2:	3751                	jal	20002836 <timer7_delay250ns>
200028b4:	0001                	nop
200028b6:	40b2                	lw	ra,12(sp)
200028b8:	4422                	lw	s0,8(sp)
200028ba:	0141                	addi	sp,sp,16
200028bc:	8082                	ret

200028be <tft_display_init>:
200028be:	1141                	addi	sp,sp,-16
200028c0:	c606                	sw	ra,12(sp)
200028c2:	c422                	sw	s0,8(sp)
200028c4:	0800                	addi	s0,sp,16
200028c6:	400217b7          	lui	a5,0x40021
200028ca:	07e1                	addi	a5,a5,24 # 40021018 <__stack_top+0x20017ba4>
200028cc:	4394                	lw	a3,0(a5)
200028ce:	400217b7          	lui	a5,0x40021
200028d2:	07e1                	addi	a5,a5,24 # 40021018 <__stack_top+0x20017ba4>
200028d4:	6705                	lui	a4,0x1
200028d6:	0735                	addi	a4,a4,13 # 100d <_start-0x1fffeff3>
200028d8:	8f55                	or	a4,a4,a3
200028da:	c398                	sw	a4,0(a5)
200028dc:	400217b7          	lui	a5,0x40021
200028e0:	07b1                	addi	a5,a5,12 # 4002100c <__stack_top+0x20017b98>
200028e2:	4394                	lw	a3,0(a5)
200028e4:	400217b7          	lui	a5,0x40021
200028e8:	07b1                	addi	a5,a5,12 # 4002100c <__stack_top+0x20017b98>
200028ea:	6705                	lui	a4,0x1
200028ec:	0735                	addi	a4,a4,13 # 100d <_start-0x1fffeff3>
200028ee:	8f55                	or	a4,a4,a3
200028f0:	c398                	sw	a4,0(a5)
200028f2:	400217b7          	lui	a5,0x40021
200028f6:	07b1                	addi	a5,a5,12 # 4002100c <__stack_top+0x20017b98>
200028f8:	4394                	lw	a3,0(a5)
200028fa:	400217b7          	lui	a5,0x40021
200028fe:	07b1                	addi	a5,a5,12 # 4002100c <__stack_top+0x20017b98>
20002900:	777d                	lui	a4,0xfffff
20002902:	1749                	addi	a4,a4,-14 # ffffeff2 <__stack_top+0xdfff5b7e>
20002904:	8f75                	and	a4,a4,a3
20002906:	c398                	sw	a4,0(a5)
20002908:	400117b7          	lui	a5,0x40011
2000290c:	c0478793          	addi	a5,a5,-1020 # 40010c04 <__stack_top+0x20007790>
20002910:	4398                	lw	a4,0(a5)
20002912:	400117b7          	lui	a5,0x40011
20002916:	c0478793          	addi	a5,a5,-1020 # 40010c04 <__stack_top+0x20007790>
2000291a:	0742                	slli	a4,a4,0x10
2000291c:	8341                	srli	a4,a4,0x10
2000291e:	c398                	sw	a4,0(a5)
20002920:	400117b7          	lui	a5,0x40011
20002924:	c0478793          	addi	a5,a5,-1020 # 40010c04 <__stack_top+0x20007790>
20002928:	4394                	lw	a3,0(a5)
2000292a:	400117b7          	lui	a5,0x40011
2000292e:	c0478793          	addi	a5,a5,-1020 # 40010c04 <__stack_top+0x20007790>
20002932:	33330737          	lui	a4,0x33330
20002936:	8f55                	or	a4,a4,a3
20002938:	c398                	sw	a4,0(a5)
2000293a:	400117b7          	lui	a5,0x40011
2000293e:	80078793          	addi	a5,a5,-2048 # 40010800 <__stack_top+0x2000738c>
20002942:	4394                	lw	a3,0(a5)
20002944:	400117b7          	lui	a5,0x40011
20002948:	80078793          	addi	a5,a5,-2048 # 40010800 <__stack_top+0x2000738c>
2000294c:	00100737          	lui	a4,0x100
20002950:	177d                	addi	a4,a4,-1 # fffff <_start-0x1ff00001>
20002952:	8f75                	and	a4,a4,a3
20002954:	c398                	sw	a4,0(a5)
20002956:	400117b7          	lui	a5,0x40011
2000295a:	80078793          	addi	a5,a5,-2048 # 40010800 <__stack_top+0x2000738c>
2000295e:	4394                	lw	a3,0(a5)
20002960:	400117b7          	lui	a5,0x40011
20002964:	80078793          	addi	a5,a5,-2048 # 40010800 <__stack_top+0x2000738c>
20002968:	b4b00737          	lui	a4,0xb4b00
2000296c:	8f55                	or	a4,a4,a3
2000296e:	c398                	sw	a4,0(a5)
20002970:	400117b7          	lui	a5,0x40011
20002974:	80c78793          	addi	a5,a5,-2036 # 4001080c <__stack_top+0x20007398>
20002978:	0007d783          	lhu	a5,0(a5)
2000297c:	01079713          	slli	a4,a5,0x10
20002980:	8341                	srli	a4,a4,0x10
20002982:	400117b7          	lui	a5,0x40011
20002986:	80c78793          	addi	a5,a5,-2036 # 4001080c <__stack_top+0x20007398>
2000298a:	04076713          	ori	a4,a4,64
2000298e:	0742                	slli	a4,a4,0x10
20002990:	8341                	srli	a4,a4,0x10
20002992:	00e79023          	sh	a4,0(a5)
20002996:	400117b7          	lui	a5,0x40011
2000299a:	c0c78793          	addi	a5,a5,-1012 # 40010c0c <__stack_top+0x20007798>
2000299e:	0007d783          	lhu	a5,0(a5)
200029a2:	01079693          	slli	a3,a5,0x10
200029a6:	82c1                	srli	a3,a3,0x10
200029a8:	400117b7          	lui	a5,0x40011
200029ac:	c0c78793          	addi	a5,a5,-1012 # 40010c0c <__stack_top+0x20007798>
200029b0:	7761                	lui	a4,0xffff8
200029b2:	8f55                	or	a4,a4,a3
200029b4:	0742                	slli	a4,a4,0x10
200029b6:	8341                	srli	a4,a4,0x10
200029b8:	00e79023          	sh	a4,0(a5)
200029bc:	400117b7          	lui	a5,0x40011
200029c0:	c0c78793          	addi	a5,a5,-1012 # 40010c0c <__stack_top+0x20007798>
200029c4:	0007d783          	lhu	a5,0(a5)
200029c8:	01079693          	slli	a3,a5,0x10
200029cc:	82c1                	srli	a3,a3,0x10
200029ce:	400117b7          	lui	a5,0x40011
200029d2:	c0c78793          	addi	a5,a5,-1012 # 40010c0c <__stack_top+0x20007798>
200029d6:	6705                	lui	a4,0x1
200029d8:	8f55                	or	a4,a4,a3
200029da:	0742                	slli	a4,a4,0x10
200029dc:	8341                	srli	a4,a4,0x10
200029de:	00e79023          	sh	a4,0(a5)
200029e2:	400137b7          	lui	a5,0x40013
200029e6:	00079023          	sh	zero,0(a5) # 40013000 <__stack_top+0x20009b8c>
200029ea:	400137b7          	lui	a5,0x40013
200029ee:	00079223          	sh	zero,4(a5) # 40013004 <__stack_top+0x20009b90>
200029f2:	400137b7          	lui	a5,0x40013
200029f6:	30c00713          	li	a4,780
200029fa:	00e79023          	sh	a4,0(a5) # 40013000 <__stack_top+0x20009b8c>
200029fe:	400137b7          	lui	a5,0x40013
20002a02:	00079e23          	sh	zero,28(a5) # 4001301c <__stack_top+0x20009ba8>
20002a06:	400137b7          	lui	a5,0x40013
20002a0a:	471d                	li	a4,7
20002a0c:	00e79823          	sh	a4,16(a5) # 40013010 <__stack_top+0x20009b9c>
20002a10:	400137b7          	lui	a5,0x40013
20002a14:	0007d783          	lhu	a5,0(a5) # 40013000 <__stack_top+0x20009b8c>
20002a18:	01079713          	slli	a4,a5,0x10
20002a1c:	8341                	srli	a4,a4,0x10
20002a1e:	400137b7          	lui	a5,0x40013
20002a22:	04076713          	ori	a4,a4,64
20002a26:	0742                	slli	a4,a4,0x10
20002a28:	8341                	srli	a4,a4,0x10
20002a2a:	00e79023          	sh	a4,0(a5) # 40013000 <__stack_top+0x20009b8c>
20002a2e:	200087b7          	lui	a5,0x20008
20002a32:	70c78793          	addi	a5,a5,1804 # 2000870c <lcddev>
20002a36:	00079023          	sh	zero,0(a5)
20002a3a:	200087b7          	lui	a5,0x20008
20002a3e:	70c78793          	addi	a5,a5,1804 # 2000870c <lcddev>
20002a42:	00079123          	sh	zero,2(a5)
20002a46:	200087b7          	lui	a5,0x20008
20002a4a:	70c78793          	addi	a5,a5,1804 # 2000870c <lcddev>
20002a4e:	00079223          	sh	zero,4(a5)
20002a52:	200087b7          	lui	a5,0x20008
20002a56:	70c78793          	addi	a5,a5,1804 # 2000870c <lcddev>
20002a5a:	00078323          	sb	zero,6(a5)
20002a5e:	200087b7          	lui	a5,0x20008
20002a62:	70c78793          	addi	a5,a5,1804 # 2000870c <lcddev>
20002a66:	00079423          	sh	zero,8(a5)
20002a6a:	200087b7          	lui	a5,0x20008
20002a6e:	70c78793          	addi	a5,a5,1804 # 2000870c <lcddev>
20002a72:	00079523          	sh	zero,10(a5)
20002a76:	200087b7          	lui	a5,0x20008
20002a7a:	70c78793          	addi	a5,a5,1804 # 2000870c <lcddev>
20002a7e:	00079623          	sh	zero,12(a5)
20002a82:	0001                	nop
20002a84:	40b2                	lw	ra,12(sp)
20002a86:	4422                	lw	s0,8(sp)
20002a88:	0141                	addi	sp,sp,16
20002a8a:	8082                	ret

20002a8c <SPI_WriteByte>:
20002a8c:	7179                	addi	sp,sp,-48
20002a8e:	d606                	sw	ra,44(sp)
20002a90:	d422                	sw	s0,40(sp)
20002a92:	1800                	addi	s0,sp,48
20002a94:	fca42e23          	sw	a0,-36(s0)
20002a98:	87ae                	mv	a5,a1
20002a9a:	fcf40da3          	sb	a5,-37(s0)
20002a9e:	fe041723          	sh	zero,-18(s0)
20002aa2:	fdc42783          	lw	a5,-36(s0)
20002aa6:	0087d783          	lhu	a5,8(a5)
20002aaa:	fef41723          	sh	a5,-18(s0)
20002aae:	fee45783          	lhu	a5,-18(s0)
20002ab2:	8b89                	andi	a5,a5,2
20002ab4:	e391                	bnez	a5,20002ab8 <SPI_WriteByte+0x2c>
20002ab6:	b7f5                	j	20002aa2 <SPI_WriteByte+0x16>
20002ab8:	0001                	nop
20002aba:	fdb44783          	lbu	a5,-37(s0)
20002abe:	01079713          	slli	a4,a5,0x10
20002ac2:	8341                	srli	a4,a4,0x10
20002ac4:	fdc42783          	lw	a5,-36(s0)
20002ac8:	00e79623          	sh	a4,12(a5)
20002acc:	fdc42783          	lw	a5,-36(s0)
20002ad0:	0087d783          	lhu	a5,8(a5)
20002ad4:	fef41723          	sh	a5,-18(s0)
20002ad8:	fee45783          	lhu	a5,-18(s0)
20002adc:	8b85                	andi	a5,a5,1
20002ade:	e391                	bnez	a5,20002ae2 <SPI_WriteByte+0x56>
20002ae0:	b7f5                	j	20002acc <SPI_WriteByte+0x40>
20002ae2:	0001                	nop
20002ae4:	fdc42783          	lw	a5,-36(s0)
20002ae8:	00c7d783          	lhu	a5,12(a5)
20002aec:	07c2                	slli	a5,a5,0x10
20002aee:	83c1                	srli	a5,a5,0x10
20002af0:	0ff7f793          	zext.b	a5,a5
20002af4:	853e                	mv	a0,a5
20002af6:	50b2                	lw	ra,44(sp)
20002af8:	5422                	lw	s0,40(sp)
20002afa:	6145                	addi	sp,sp,48
20002afc:	8082                	ret

20002afe <_tp_write_byte>:
20002afe:	7179                	addi	sp,sp,-48
20002b00:	d606                	sw	ra,44(sp)
20002b02:	d422                	sw	s0,40(sp)
20002b04:	1800                	addi	s0,sp,48
20002b06:	87aa                	mv	a5,a0
20002b08:	fcf40fa3          	sb	a5,-33(s0)
20002b0c:	fe0407a3          	sb	zero,-17(s0)
20002b10:	fe0407a3          	sb	zero,-17(s0)
20002b14:	a065                	j	20002bbc <_tp_write_byte+0xbe>
20002b16:	fdf40783          	lb	a5,-33(s0)
20002b1a:	0207d463          	bgez	a5,20002b42 <_tp_write_byte+0x44>
20002b1e:	400117b7          	lui	a5,0x40011
20002b22:	07b1                	addi	a5,a5,12 # 4001100c <__stack_top+0x20007b98>
20002b24:	0007d783          	lhu	a5,0(a5)
20002b28:	01079713          	slli	a4,a5,0x10
20002b2c:	8341                	srli	a4,a4,0x10
20002b2e:	400117b7          	lui	a5,0x40011
20002b32:	07b1                	addi	a5,a5,12 # 4001100c <__stack_top+0x20007b98>
20002b34:	00476713          	ori	a4,a4,4
20002b38:	0742                	slli	a4,a4,0x10
20002b3a:	8341                	srli	a4,a4,0x10
20002b3c:	00e79023          	sh	a4,0(a5)
20002b40:	a00d                	j	20002b62 <_tp_write_byte+0x64>
20002b42:	400117b7          	lui	a5,0x40011
20002b46:	07b1                	addi	a5,a5,12 # 4001100c <__stack_top+0x20007b98>
20002b48:	0007d783          	lhu	a5,0(a5)
20002b4c:	01079713          	slli	a4,a5,0x10
20002b50:	8341                	srli	a4,a4,0x10
20002b52:	400117b7          	lui	a5,0x40011
20002b56:	07b1                	addi	a5,a5,12 # 4001100c <__stack_top+0x20007b98>
20002b58:	9b6d                	andi	a4,a4,-5
20002b5a:	0742                	slli	a4,a4,0x10
20002b5c:	8341                	srli	a4,a4,0x10
20002b5e:	00e79023          	sh	a4,0(a5)
20002b62:	fdf44783          	lbu	a5,-33(s0)
20002b66:	0786                	slli	a5,a5,0x1
20002b68:	fcf40fa3          	sb	a5,-33(s0)
20002b6c:	400117b7          	lui	a5,0x40011
20002b70:	07b1                	addi	a5,a5,12 # 4001100c <__stack_top+0x20007b98>
20002b72:	0007d783          	lhu	a5,0(a5)
20002b76:	01079713          	slli	a4,a5,0x10
20002b7a:	8341                	srli	a4,a4,0x10
20002b7c:	400117b7          	lui	a5,0x40011
20002b80:	07b1                	addi	a5,a5,12 # 4001100c <__stack_top+0x20007b98>
20002b82:	9b3d                	andi	a4,a4,-17
20002b84:	0742                	slli	a4,a4,0x10
20002b86:	8341                	srli	a4,a4,0x10
20002b88:	00e79023          	sh	a4,0(a5)
20002b8c:	4505                	li	a0,1
20002b8e:	39bd                	jal	2000280c <delay_us>
20002b90:	400117b7          	lui	a5,0x40011
20002b94:	07b1                	addi	a5,a5,12 # 4001100c <__stack_top+0x20007b98>
20002b96:	0007d783          	lhu	a5,0(a5)
20002b9a:	01079713          	slli	a4,a5,0x10
20002b9e:	8341                	srli	a4,a4,0x10
20002ba0:	400117b7          	lui	a5,0x40011
20002ba4:	07b1                	addi	a5,a5,12 # 4001100c <__stack_top+0x20007b98>
20002ba6:	01076713          	ori	a4,a4,16
20002baa:	0742                	slli	a4,a4,0x10
20002bac:	8341                	srli	a4,a4,0x10
20002bae:	00e79023          	sh	a4,0(a5)
20002bb2:	fef44783          	lbu	a5,-17(s0)
20002bb6:	0785                	addi	a5,a5,1
20002bb8:	fef407a3          	sb	a5,-17(s0)
20002bbc:	fef44703          	lbu	a4,-17(s0)
20002bc0:	479d                	li	a5,7
20002bc2:	f4e7fae3          	bgeu	a5,a4,20002b16 <_tp_write_byte+0x18>
20002bc6:	0001                	nop
20002bc8:	0001                	nop
20002bca:	50b2                	lw	ra,44(sp)
20002bcc:	5422                	lw	s0,40(sp)
20002bce:	6145                	addi	sp,sp,48
20002bd0:	8082                	ret

20002bd2 <_tp_read_ad>:
20002bd2:	7179                	addi	sp,sp,-48
20002bd4:	d606                	sw	ra,44(sp)
20002bd6:	d422                	sw	s0,40(sp)
20002bd8:	1800                	addi	s0,sp,48
20002bda:	87aa                	mv	a5,a0
20002bdc:	fcf40fa3          	sb	a5,-33(s0)
20002be0:	fe0407a3          	sb	zero,-17(s0)
20002be4:	fe041623          	sh	zero,-20(s0)
20002be8:	fe041523          	sh	zero,-22(s0)
20002bec:	400117b7          	lui	a5,0x40011
20002bf0:	07b1                	addi	a5,a5,12 # 4001100c <__stack_top+0x20007b98>
20002bf2:	0007d783          	lhu	a5,0(a5)
20002bf6:	01079713          	slli	a4,a5,0x10
20002bfa:	8341                	srli	a4,a4,0x10
20002bfc:	400117b7          	lui	a5,0x40011
20002c00:	07b1                	addi	a5,a5,12 # 4001100c <__stack_top+0x20007b98>
20002c02:	9b3d                	andi	a4,a4,-17
20002c04:	0742                	slli	a4,a4,0x10
20002c06:	8341                	srli	a4,a4,0x10
20002c08:	00e79023          	sh	a4,0(a5)
20002c0c:	400117b7          	lui	a5,0x40011
20002c10:	07b1                	addi	a5,a5,12 # 4001100c <__stack_top+0x20007b98>
20002c12:	0007d783          	lhu	a5,0(a5)
20002c16:	01079713          	slli	a4,a5,0x10
20002c1a:	8341                	srli	a4,a4,0x10
20002c1c:	400117b7          	lui	a5,0x40011
20002c20:	07b1                	addi	a5,a5,12 # 4001100c <__stack_top+0x20007b98>
20002c22:	9b6d                	andi	a4,a4,-5
20002c24:	0742                	slli	a4,a4,0x10
20002c26:	8341                	srli	a4,a4,0x10
20002c28:	00e79023          	sh	a4,0(a5)
20002c2c:	400117b7          	lui	a5,0x40011
20002c30:	07b1                	addi	a5,a5,12 # 4001100c <__stack_top+0x20007b98>
20002c32:	0007d783          	lhu	a5,0(a5)
20002c36:	01079713          	slli	a4,a5,0x10
20002c3a:	8341                	srli	a4,a4,0x10
20002c3c:	400117b7          	lui	a5,0x40011
20002c40:	07b1                	addi	a5,a5,12 # 4001100c <__stack_top+0x20007b98>
20002c42:	9b5d                	andi	a4,a4,-9
20002c44:	0742                	slli	a4,a4,0x10
20002c46:	8341                	srli	a4,a4,0x10
20002c48:	00e79023          	sh	a4,0(a5)
20002c4c:	fdf44783          	lbu	a5,-33(s0)
20002c50:	853e                	mv	a0,a5
20002c52:	3575                	jal	20002afe <_tp_write_byte>
20002c54:	4519                	li	a0,6
20002c56:	3e5d                	jal	2000280c <delay_us>
20002c58:	400117b7          	lui	a5,0x40011
20002c5c:	07b1                	addi	a5,a5,12 # 4001100c <__stack_top+0x20007b98>
20002c5e:	0007d783          	lhu	a5,0(a5)
20002c62:	01079713          	slli	a4,a5,0x10
20002c66:	8341                	srli	a4,a4,0x10
20002c68:	400117b7          	lui	a5,0x40011
20002c6c:	07b1                	addi	a5,a5,12 # 4001100c <__stack_top+0x20007b98>
20002c6e:	9b3d                	andi	a4,a4,-17
20002c70:	0742                	slli	a4,a4,0x10
20002c72:	8341                	srli	a4,a4,0x10
20002c74:	00e79023          	sh	a4,0(a5)
20002c78:	4505                	li	a0,1
20002c7a:	3e49                	jal	2000280c <delay_us>
20002c7c:	400117b7          	lui	a5,0x40011
20002c80:	07b1                	addi	a5,a5,12 # 4001100c <__stack_top+0x20007b98>
20002c82:	0007d783          	lhu	a5,0(a5)
20002c86:	01079713          	slli	a4,a5,0x10
20002c8a:	8341                	srli	a4,a4,0x10
20002c8c:	400117b7          	lui	a5,0x40011
20002c90:	07b1                	addi	a5,a5,12 # 4001100c <__stack_top+0x20007b98>
20002c92:	01076713          	ori	a4,a4,16
20002c96:	0742                	slli	a4,a4,0x10
20002c98:	8341                	srli	a4,a4,0x10
20002c9a:	00e79023          	sh	a4,0(a5)
20002c9e:	4505                	li	a0,1
20002ca0:	36b5                	jal	2000280c <delay_us>
20002ca2:	400117b7          	lui	a5,0x40011
20002ca6:	07b1                	addi	a5,a5,12 # 4001100c <__stack_top+0x20007b98>
20002ca8:	0007d783          	lhu	a5,0(a5)
20002cac:	01079713          	slli	a4,a5,0x10
20002cb0:	8341                	srli	a4,a4,0x10
20002cb2:	400117b7          	lui	a5,0x40011
20002cb6:	07b1                	addi	a5,a5,12 # 4001100c <__stack_top+0x20007b98>
20002cb8:	9b3d                	andi	a4,a4,-17
20002cba:	0742                	slli	a4,a4,0x10
20002cbc:	8341                	srli	a4,a4,0x10
20002cbe:	00e79023          	sh	a4,0(a5)
20002cc2:	fe0407a3          	sb	zero,-17(s0)
20002cc6:	a059                	j	20002d4c <_tp_read_ad+0x17a>
20002cc8:	fec45783          	lhu	a5,-20(s0)
20002ccc:	0786                	slli	a5,a5,0x1
20002cce:	fef41623          	sh	a5,-20(s0)
20002cd2:	400117b7          	lui	a5,0x40011
20002cd6:	07b1                	addi	a5,a5,12 # 4001100c <__stack_top+0x20007b98>
20002cd8:	0007d783          	lhu	a5,0(a5)
20002cdc:	01079713          	slli	a4,a5,0x10
20002ce0:	8341                	srli	a4,a4,0x10
20002ce2:	400117b7          	lui	a5,0x40011
20002ce6:	07b1                	addi	a5,a5,12 # 4001100c <__stack_top+0x20007b98>
20002ce8:	9b3d                	andi	a4,a4,-17
20002cea:	0742                	slli	a4,a4,0x10
20002cec:	8341                	srli	a4,a4,0x10
20002cee:	00e79023          	sh	a4,0(a5)
20002cf2:	4505                	li	a0,1
20002cf4:	3e21                	jal	2000280c <delay_us>
20002cf6:	400117b7          	lui	a5,0x40011
20002cfa:	07b1                	addi	a5,a5,12 # 4001100c <__stack_top+0x20007b98>
20002cfc:	0007d783          	lhu	a5,0(a5)
20002d00:	01079713          	slli	a4,a5,0x10
20002d04:	8341                	srli	a4,a4,0x10
20002d06:	400117b7          	lui	a5,0x40011
20002d0a:	07b1                	addi	a5,a5,12 # 4001100c <__stack_top+0x20007b98>
20002d0c:	01076713          	ori	a4,a4,16
20002d10:	0742                	slli	a4,a4,0x10
20002d12:	8341                	srli	a4,a4,0x10
20002d14:	00e79023          	sh	a4,0(a5)
20002d18:	400117b7          	lui	a5,0x40011
20002d1c:	07a1                	addi	a5,a5,8 # 40011008 <__stack_top+0x20007b94>
20002d1e:	0007d783          	lhu	a5,0(a5)
20002d22:	fef41523          	sh	a5,-22(s0)
20002d26:	400117b7          	lui	a5,0x40011
20002d2a:	07a1                	addi	a5,a5,8 # 40011008 <__stack_top+0x20007b94>
20002d2c:	0007d783          	lhu	a5,0(a5)
20002d30:	07c2                	slli	a5,a5,0x10
20002d32:	83c1                	srli	a5,a5,0x10
20002d34:	8b89                	andi	a5,a5,2
20002d36:	c791                	beqz	a5,20002d42 <_tp_read_ad+0x170>
20002d38:	fec45783          	lhu	a5,-20(s0)
20002d3c:	0785                	addi	a5,a5,1
20002d3e:	fef41623          	sh	a5,-20(s0)
20002d42:	fef44783          	lbu	a5,-17(s0)
20002d46:	0785                	addi	a5,a5,1
20002d48:	fef407a3          	sb	a5,-17(s0)
20002d4c:	fef44703          	lbu	a4,-17(s0)
20002d50:	47bd                	li	a5,15
20002d52:	f6e7fbe3          	bgeu	a5,a4,20002cc8 <_tp_read_ad+0xf6>
20002d56:	fec45783          	lhu	a5,-20(s0)
20002d5a:	8391                	srli	a5,a5,0x4
20002d5c:	fef41623          	sh	a5,-20(s0)
20002d60:	400117b7          	lui	a5,0x40011
20002d64:	07b1                	addi	a5,a5,12 # 4001100c <__stack_top+0x20007b98>
20002d66:	0007d783          	lhu	a5,0(a5)
20002d6a:	01079713          	slli	a4,a5,0x10
20002d6e:	8341                	srli	a4,a4,0x10
20002d70:	400117b7          	lui	a5,0x40011
20002d74:	07b1                	addi	a5,a5,12 # 4001100c <__stack_top+0x20007b98>
20002d76:	00876713          	ori	a4,a4,8
20002d7a:	0742                	slli	a4,a4,0x10
20002d7c:	8341                	srli	a4,a4,0x10
20002d7e:	00e79023          	sh	a4,0(a5)
20002d82:	fec45783          	lhu	a5,-20(s0)
20002d86:	853e                	mv	a0,a5
20002d88:	50b2                	lw	ra,44(sp)
20002d8a:	5422                	lw	s0,40(sp)
20002d8c:	6145                	addi	sp,sp,48
20002d8e:	8082                	ret

20002d90 <_tp_read_xoy>:
20002d90:	7139                	addi	sp,sp,-64
20002d92:	de06                	sw	ra,60(sp)
20002d94:	dc22                	sw	s0,56(sp)
20002d96:	da26                	sw	s1,52(sp)
20002d98:	0080                	addi	s0,sp,64
20002d9a:	87aa                	mv	a5,a0
20002d9c:	fcf407a3          	sb	a5,-49(s0)
20002da0:	fe041523          	sh	zero,-22(s0)
20002da4:	fe041723          	sh	zero,-18(s0)
20002da8:	a02d                	j	20002dd2 <_tp_read_xoy+0x42>
20002daa:	fee45483          	lhu	s1,-18(s0)
20002dae:	fcf44783          	lbu	a5,-49(s0)
20002db2:	853e                	mv	a0,a5
20002db4:	3d39                	jal	20002bd2 <_tp_read_ad>
20002db6:	87aa                	mv	a5,a0
20002db8:	86be                	mv	a3,a5
20002dba:	fdc40793          	addi	a5,s0,-36
20002dbe:	00149713          	slli	a4,s1,0x1
20002dc2:	97ba                	add	a5,a5,a4
20002dc4:	00d79023          	sh	a3,0(a5)
20002dc8:	fee45783          	lhu	a5,-18(s0)
20002dcc:	0785                	addi	a5,a5,1
20002dce:	fef41723          	sh	a5,-18(s0)
20002dd2:	fee45703          	lhu	a4,-18(s0)
20002dd6:	4791                	li	a5,4
20002dd8:	fce7f9e3          	bgeu	a5,a4,20002daa <_tp_read_xoy+0x1a>
20002ddc:	fe041723          	sh	zero,-18(s0)
20002de0:	a861                	j	20002e78 <_tp_read_xoy+0xe8>
20002de2:	fee45783          	lhu	a5,-18(s0)
20002de6:	0785                	addi	a5,a5,1
20002de8:	fef41623          	sh	a5,-20(s0)
20002dec:	a8a5                	j	20002e64 <_tp_read_xoy+0xd4>
20002dee:	fee45703          	lhu	a4,-18(s0)
20002df2:	fdc40793          	addi	a5,s0,-36
20002df6:	0706                	slli	a4,a4,0x1
20002df8:	97ba                	add	a5,a5,a4
20002dfa:	0007d703          	lhu	a4,0(a5)
20002dfe:	fec45683          	lhu	a3,-20(s0)
20002e02:	fdc40793          	addi	a5,s0,-36
20002e06:	0686                	slli	a3,a3,0x1
20002e08:	97b6                	add	a5,a5,a3
20002e0a:	0007d783          	lhu	a5,0(a5)
20002e0e:	04e7f663          	bgeu	a5,a4,20002e5a <_tp_read_xoy+0xca>
20002e12:	fee45703          	lhu	a4,-18(s0)
20002e16:	fdc40793          	addi	a5,s0,-36
20002e1a:	0706                	slli	a4,a4,0x1
20002e1c:	97ba                	add	a5,a5,a4
20002e1e:	0007d783          	lhu	a5,0(a5)
20002e22:	fef41423          	sh	a5,-24(s0)
20002e26:	fec45703          	lhu	a4,-20(s0)
20002e2a:	fee45683          	lhu	a3,-18(s0)
20002e2e:	fdc40793          	addi	a5,s0,-36
20002e32:	0706                	slli	a4,a4,0x1
20002e34:	97ba                	add	a5,a5,a4
20002e36:	0007d703          	lhu	a4,0(a5)
20002e3a:	fdc40793          	addi	a5,s0,-36
20002e3e:	0686                	slli	a3,a3,0x1
20002e40:	97b6                	add	a5,a5,a3
20002e42:	00e79023          	sh	a4,0(a5)
20002e46:	fec45703          	lhu	a4,-20(s0)
20002e4a:	fdc40793          	addi	a5,s0,-36
20002e4e:	0706                	slli	a4,a4,0x1
20002e50:	97ba                	add	a5,a5,a4
20002e52:	fe845703          	lhu	a4,-24(s0)
20002e56:	00e79023          	sh	a4,0(a5)
20002e5a:	fec45783          	lhu	a5,-20(s0)
20002e5e:	0785                	addi	a5,a5,1
20002e60:	fef41623          	sh	a5,-20(s0)
20002e64:	fec45703          	lhu	a4,-20(s0)
20002e68:	4791                	li	a5,4
20002e6a:	f8e7f2e3          	bgeu	a5,a4,20002dee <_tp_read_xoy+0x5e>
20002e6e:	fee45783          	lhu	a5,-18(s0)
20002e72:	0785                	addi	a5,a5,1
20002e74:	fef41723          	sh	a5,-18(s0)
20002e78:	fee45703          	lhu	a4,-18(s0)
20002e7c:	478d                	li	a5,3
20002e7e:	f6e7f2e3          	bgeu	a5,a4,20002de2 <_tp_read_xoy+0x52>
20002e82:	fe041523          	sh	zero,-22(s0)
20002e86:	4785                	li	a5,1
20002e88:	fef41723          	sh	a5,-18(s0)
20002e8c:	a01d                	j	20002eb2 <_tp_read_xoy+0x122>
20002e8e:	fee45703          	lhu	a4,-18(s0)
20002e92:	fdc40793          	addi	a5,s0,-36
20002e96:	0706                	slli	a4,a4,0x1
20002e98:	97ba                	add	a5,a5,a4
20002e9a:	0007d783          	lhu	a5,0(a5)
20002e9e:	fea45703          	lhu	a4,-22(s0)
20002ea2:	97ba                	add	a5,a5,a4
20002ea4:	fef41523          	sh	a5,-22(s0)
20002ea8:	fee45783          	lhu	a5,-18(s0)
20002eac:	0785                	addi	a5,a5,1
20002eae:	fef41723          	sh	a5,-18(s0)
20002eb2:	fee45703          	lhu	a4,-18(s0)
20002eb6:	478d                	li	a5,3
20002eb8:	fce7fbe3          	bgeu	a5,a4,20002e8e <_tp_read_xoy+0xfe>
20002ebc:	fea45703          	lhu	a4,-22(s0)
20002ec0:	aaaab7b7          	lui	a5,0xaaaab
20002ec4:	aab78793          	addi	a5,a5,-1365 # aaaaaaab <__stack_top+0x8aaa1637>
20002ec8:	02f737b3          	mulhu	a5,a4,a5
20002ecc:	8385                	srli	a5,a5,0x1
20002ece:	fef41423          	sh	a5,-24(s0)
20002ed2:	fe845783          	lhu	a5,-24(s0)
20002ed6:	853e                	mv	a0,a5
20002ed8:	50f2                	lw	ra,60(sp)
20002eda:	5462                	lw	s0,56(sp)
20002edc:	54d2                	lw	s1,52(sp)
20002ede:	6121                	addi	sp,sp,64
20002ee0:	8082                	ret

20002ee2 <_tp_read_xy>:
20002ee2:	7179                	addi	sp,sp,-48
20002ee4:	d606                	sw	ra,44(sp)
20002ee6:	d422                	sw	s0,40(sp)
20002ee8:	1800                	addi	s0,sp,48
20002eea:	fca42e23          	sw	a0,-36(s0)
20002eee:	fcb42c23          	sw	a1,-40(s0)
20002ef2:	0d000513          	li	a0,208
20002ef6:	3d69                	jal	20002d90 <_tp_read_xoy>
20002ef8:	87aa                	mv	a5,a0
20002efa:	fef41723          	sh	a5,-18(s0)
20002efe:	09000513          	li	a0,144
20002f02:	3579                	jal	20002d90 <_tp_read_xoy>
20002f04:	87aa                	mv	a5,a0
20002f06:	fef41623          	sh	a5,-20(s0)
20002f0a:	fdc42783          	lw	a5,-36(s0)
20002f0e:	fee45703          	lhu	a4,-18(s0)
20002f12:	00e79023          	sh	a4,0(a5)
20002f16:	fd842783          	lw	a5,-40(s0)
20002f1a:	fec45703          	lhu	a4,-20(s0)
20002f1e:	00e79023          	sh	a4,0(a5)
20002f22:	4785                	li	a5,1
20002f24:	853e                	mv	a0,a5
20002f26:	50b2                	lw	ra,44(sp)
20002f28:	5422                	lw	s0,40(sp)
20002f2a:	6145                	addi	sp,sp,48
20002f2c:	8082                	ret

20002f2e <_tp_read_xy2>:
20002f2e:	7179                	addi	sp,sp,-48
20002f30:	d606                	sw	ra,44(sp)
20002f32:	d422                	sw	s0,40(sp)
20002f34:	1800                	addi	s0,sp,48
20002f36:	fca42e23          	sw	a0,-36(s0)
20002f3a:	fcb42c23          	sw	a1,-40(s0)
20002f3e:	fea40713          	addi	a4,s0,-22
20002f42:	fec40793          	addi	a5,s0,-20
20002f46:	85ba                	mv	a1,a4
20002f48:	853e                	mv	a0,a5
20002f4a:	3f61                	jal	20002ee2 <_tp_read_xy>
20002f4c:	87aa                	mv	a5,a0
20002f4e:	fef407a3          	sb	a5,-17(s0)
20002f52:	fef44783          	lbu	a5,-17(s0)
20002f56:	e399                	bnez	a5,20002f5c <_tp_read_xy2+0x2e>
20002f58:	4781                	li	a5,0
20002f5a:	a8e9                	j	20003034 <_tp_read_xy2+0x106>
20002f5c:	fe640713          	addi	a4,s0,-26
20002f60:	fe840793          	addi	a5,s0,-24
20002f64:	85ba                	mv	a1,a4
20002f66:	853e                	mv	a0,a5
20002f68:	3fad                	jal	20002ee2 <_tp_read_xy>
20002f6a:	87aa                	mv	a5,a0
20002f6c:	fef407a3          	sb	a5,-17(s0)
20002f70:	fef44783          	lbu	a5,-17(s0)
20002f74:	e399                	bnez	a5,20002f7a <_tp_read_xy2+0x4c>
20002f76:	4781                	li	a5,0
20002f78:	a875                	j	20003034 <_tp_read_xy2+0x106>
20002f7a:	fe845703          	lhu	a4,-24(s0)
20002f7e:	fec45783          	lhu	a5,-20(s0)
20002f82:	00e7ea63          	bltu	a5,a4,20002f96 <_tp_read_xy2+0x68>
20002f86:	fe845783          	lhu	a5,-24(s0)
20002f8a:	03178793          	addi	a5,a5,49
20002f8e:	fec45703          	lhu	a4,-20(s0)
20002f92:	02e7d063          	bge	a5,a4,20002fb2 <_tp_read_xy2+0x84>
20002f96:	fec45703          	lhu	a4,-20(s0)
20002f9a:	fe845783          	lhu	a5,-24(s0)
20002f9e:	08e7ea63          	bltu	a5,a4,20003032 <_tp_read_xy2+0x104>
20002fa2:	fec45783          	lhu	a5,-20(s0)
20002fa6:	03178793          	addi	a5,a5,49
20002faa:	fe845703          	lhu	a4,-24(s0)
20002fae:	08e7c263          	blt	a5,a4,20003032 <_tp_read_xy2+0x104>
20002fb2:	fe645703          	lhu	a4,-26(s0)
20002fb6:	fea45783          	lhu	a5,-22(s0)
20002fba:	00e7ea63          	bltu	a5,a4,20002fce <_tp_read_xy2+0xa0>
20002fbe:	fe645783          	lhu	a5,-26(s0)
20002fc2:	03178793          	addi	a5,a5,49
20002fc6:	fea45703          	lhu	a4,-22(s0)
20002fca:	02e7d063          	bge	a5,a4,20002fea <_tp_read_xy2+0xbc>
20002fce:	fea45703          	lhu	a4,-22(s0)
20002fd2:	fe645783          	lhu	a5,-26(s0)
20002fd6:	04e7ee63          	bltu	a5,a4,20003032 <_tp_read_xy2+0x104>
20002fda:	fea45783          	lhu	a5,-22(s0)
20002fde:	03178793          	addi	a5,a5,49
20002fe2:	fe645703          	lhu	a4,-26(s0)
20002fe6:	04e7c663          	blt	a5,a4,20003032 <_tp_read_xy2+0x104>
20002fea:	fec45783          	lhu	a5,-20(s0)
20002fee:	873e                	mv	a4,a5
20002ff0:	fe845783          	lhu	a5,-24(s0)
20002ff4:	97ba                	add	a5,a5,a4
20002ff6:	01f7d713          	srli	a4,a5,0x1f
20002ffa:	97ba                	add	a5,a5,a4
20002ffc:	8785                	srai	a5,a5,0x1
20002ffe:	01079713          	slli	a4,a5,0x10
20003002:	8341                	srli	a4,a4,0x10
20003004:	fdc42783          	lw	a5,-36(s0)
20003008:	00e79023          	sh	a4,0(a5)
2000300c:	fea45783          	lhu	a5,-22(s0)
20003010:	873e                	mv	a4,a5
20003012:	fe645783          	lhu	a5,-26(s0)
20003016:	97ba                	add	a5,a5,a4
20003018:	01f7d713          	srli	a4,a5,0x1f
2000301c:	97ba                	add	a5,a5,a4
2000301e:	8785                	srai	a5,a5,0x1
20003020:	01079713          	slli	a4,a5,0x10
20003024:	8341                	srli	a4,a4,0x10
20003026:	fd842783          	lw	a5,-40(s0)
2000302a:	00e79023          	sh	a4,0(a5)
2000302e:	4785                	li	a5,1
20003030:	a011                	j	20003034 <_tp_read_xy2+0x106>
20003032:	4781                	li	a5,0
20003034:	853e                	mv	a0,a5
20003036:	50b2                	lw	ra,44(sp)
20003038:	5422                	lw	s0,40(sp)
2000303a:	6145                	addi	sp,sp,48
2000303c:	8082                	ret

2000303e <_tft_tp_getpos>:
2000303e:	1101                	addi	sp,sp,-32
20003040:	ce06                	sw	ra,28(sp)
20003042:	cc22                	sw	s0,24(sp)
20003044:	1000                	addi	s0,sp,32
20003046:	fea42623          	sw	a0,-20(s0)
2000304a:	feb42423          	sw	a1,-24(s0)
2000304e:	200087b7          	lui	a5,0x20008
20003052:	71c78793          	addi	a5,a5,1820 # 2000871c <tp_dev>
20003056:	0087c783          	lbu	a5,8(a5)
2000305a:	07e2                	slli	a5,a5,0x18
2000305c:	87e1                	srai	a5,a5,0x18
2000305e:	0207d863          	bgez	a5,2000308e <_tft_tp_getpos+0x50>
20003062:	200087b7          	lui	a5,0x20008
20003066:	71c78793          	addi	a5,a5,1820 # 2000871c <tp_dev>
2000306a:	0047d783          	lhu	a5,4(a5)
2000306e:	873e                	mv	a4,a5
20003070:	fec42783          	lw	a5,-20(s0)
20003074:	c398                	sw	a4,0(a5)
20003076:	200087b7          	lui	a5,0x20008
2000307a:	71c78793          	addi	a5,a5,1820 # 2000871c <tp_dev>
2000307e:	0067d783          	lhu	a5,6(a5)
20003082:	873e                	mv	a4,a5
20003084:	fe842783          	lw	a5,-24(s0)
20003088:	c398                	sw	a4,0(a5)
2000308a:	4785                	li	a5,1
2000308c:	a011                	j	20003090 <_tft_tp_getpos+0x52>
2000308e:	4781                	li	a5,0
20003090:	853e                	mv	a0,a5
20003092:	40f2                	lw	ra,28(sp)
20003094:	4462                	lw	s0,24(sp)
20003096:	6105                	addi	sp,sp,32
20003098:	8082                	ret

2000309a <_tft_tp_scan>:
2000309a:	7179                	addi	sp,sp,-48
2000309c:	d606                	sw	ra,44(sp)
2000309e:	d422                	sw	s0,40(sp)
200030a0:	1800                	addi	s0,sp,48
200030a2:	fca42e23          	sw	a0,-36(s0)
200030a6:	400117b7          	lui	a5,0x40011
200030aa:	07a1                	addi	a5,a5,8 # 40011008 <__stack_top+0x20007b94>
200030ac:	0007d783          	lhu	a5,0(a5)
200030b0:	07c2                	slli	a5,a5,0x10
200030b2:	83c1                	srli	a5,a5,0x10
200030b4:	8b85                	andi	a5,a5,1
200030b6:	10079f63          	bnez	a5,200031d4 <_tft_tp_scan+0x13a>
200030ba:	fdc42783          	lw	a5,-36(s0)
200030be:	cb99                	beqz	a5,200030d4 <_tft_tp_scan+0x3a>
200030c0:	200087b7          	lui	a5,0x20008
200030c4:	72278593          	addi	a1,a5,1826 # 20008722 <tp_dev+0x6>
200030c8:	200087b7          	lui	a5,0x20008
200030cc:	72078513          	addi	a0,a5,1824 # 20008720 <tp_dev+0x4>
200030d0:	3db9                	jal	20002f2e <_tp_read_xy2>
200030d2:	a075                	j	2000317e <_tft_tp_scan+0xe4>
200030d4:	200087b7          	lui	a5,0x20008
200030d8:	72278593          	addi	a1,a5,1826 # 20008722 <tp_dev+0x6>
200030dc:	200087b7          	lui	a5,0x20008
200030e0:	72078513          	addi	a0,a5,1824 # 20008720 <tp_dev+0x4>
200030e4:	35a9                	jal	20002f2e <_tp_read_xy2>
200030e6:	87aa                	mv	a5,a0
200030e8:	cbd9                	beqz	a5,2000317e <_tft_tp_scan+0xe4>
200030ea:	200087b7          	lui	a5,0x20008
200030ee:	71c78793          	addi	a5,a5,1820 # 2000871c <tp_dev>
200030f2:	0047d783          	lhu	a5,4(a5)
200030f6:	873e                	mv	a4,a5
200030f8:	87ba                	mv	a5,a4
200030fa:	078a                	slli	a5,a5,0x2
200030fc:	97ba                	add	a5,a5,a4
200030fe:	079a                	slli	a5,a5,0x6
20003100:	0027d713          	srli	a4,a5,0x2
20003104:	200807b7          	lui	a5,0x20080
20003108:	20178793          	addi	a5,a5,513 # 20080201 <__stack_top+0x76d8d>
2000310c:	02f737b3          	mulhu	a5,a4,a5
20003110:	839d                	srli	a5,a5,0x7
20003112:	14000713          	li	a4,320
20003116:	40f707b3          	sub	a5,a4,a5
2000311a:	fef42623          	sw	a5,-20(s0)
2000311e:	200087b7          	lui	a5,0x20008
20003122:	71c78793          	addi	a5,a5,1820 # 2000871c <tp_dev>
20003126:	0067d783          	lhu	a5,6(a5)
2000312a:	873e                	mv	a4,a5
2000312c:	87ba                	mv	a5,a4
2000312e:	0792                	slli	a5,a5,0x4
20003130:	8f99                	sub	a5,a5,a4
20003132:	0796                	slli	a5,a5,0x5
20003134:	0027d713          	srli	a4,a5,0x2
20003138:	200807b7          	lui	a5,0x20080
2000313c:	20178793          	addi	a5,a5,513 # 20080201 <__stack_top+0x76d8d>
20003140:	02f737b3          	mulhu	a5,a4,a5
20003144:	839d                	srli	a5,a5,0x7
20003146:	1e000713          	li	a4,480
2000314a:	40f707b3          	sub	a5,a4,a5
2000314e:	fef42423          	sw	a5,-24(s0)
20003152:	fe842783          	lw	a5,-24(s0)
20003156:	01079713          	slli	a4,a5,0x10
2000315a:	8341                	srli	a4,a4,0x10
2000315c:	200087b7          	lui	a5,0x20008
20003160:	71c78793          	addi	a5,a5,1820 # 2000871c <tp_dev>
20003164:	00e79223          	sh	a4,4(a5)
20003168:	fec42783          	lw	a5,-20(s0)
2000316c:	01079713          	slli	a4,a5,0x10
20003170:	8341                	srli	a4,a4,0x10
20003172:	200087b7          	lui	a5,0x20008
20003176:	71c78793          	addi	a5,a5,1820 # 2000871c <tp_dev>
2000317a:	00e79323          	sh	a4,6(a5)
2000317e:	200087b7          	lui	a5,0x20008
20003182:	71c78793          	addi	a5,a5,1820 # 2000871c <tp_dev>
20003186:	0087c783          	lbu	a5,8(a5)
2000318a:	07e2                	slli	a5,a5,0x18
2000318c:	87e1                	srai	a5,a5,0x18
2000318e:	0a07c863          	bltz	a5,2000323e <_tft_tp_scan+0x1a4>
20003192:	200087b7          	lui	a5,0x20008
20003196:	71c78793          	addi	a5,a5,1820 # 2000871c <tp_dev>
2000319a:	fc000713          	li	a4,-64
2000319e:	00e78423          	sb	a4,8(a5)
200031a2:	200087b7          	lui	a5,0x20008
200031a6:	71c78793          	addi	a5,a5,1820 # 2000871c <tp_dev>
200031aa:	0047d703          	lhu	a4,4(a5)
200031ae:	200087b7          	lui	a5,0x20008
200031b2:	71c78793          	addi	a5,a5,1820 # 2000871c <tp_dev>
200031b6:	00e79023          	sh	a4,0(a5)
200031ba:	200087b7          	lui	a5,0x20008
200031be:	71c78793          	addi	a5,a5,1820 # 2000871c <tp_dev>
200031c2:	0067d703          	lhu	a4,6(a5)
200031c6:	200087b7          	lui	a5,0x20008
200031ca:	71c78793          	addi	a5,a5,1820 # 2000871c <tp_dev>
200031ce:	00e79123          	sh	a4,2(a5)
200031d2:	a0b5                	j	2000323e <_tft_tp_scan+0x1a4>
200031d4:	200087b7          	lui	a5,0x20008
200031d8:	71c78793          	addi	a5,a5,1820 # 2000871c <tp_dev>
200031dc:	0087c783          	lbu	a5,8(a5)
200031e0:	07e2                	slli	a5,a5,0x18
200031e2:	87e1                	srai	a5,a5,0x18
200031e4:	0207d363          	bgez	a5,2000320a <_tft_tp_scan+0x170>
200031e8:	200087b7          	lui	a5,0x20008
200031ec:	71c78793          	addi	a5,a5,1820 # 2000871c <tp_dev>
200031f0:	0087c783          	lbu	a5,8(a5)
200031f4:	07f7f793          	andi	a5,a5,127
200031f8:	0ff7f713          	zext.b	a4,a5
200031fc:	200087b7          	lui	a5,0x20008
20003200:	71c78793          	addi	a5,a5,1820 # 2000871c <tp_dev>
20003204:	00e78423          	sb	a4,8(a5)
20003208:	a81d                	j	2000323e <_tft_tp_scan+0x1a4>
2000320a:	200087b7          	lui	a5,0x20008
2000320e:	71c78793          	addi	a5,a5,1820 # 2000871c <tp_dev>
20003212:	00079023          	sh	zero,0(a5)
20003216:	200087b7          	lui	a5,0x20008
2000321a:	71c78793          	addi	a5,a5,1820 # 2000871c <tp_dev>
2000321e:	00079123          	sh	zero,2(a5)
20003222:	200087b7          	lui	a5,0x20008
20003226:	71c78793          	addi	a5,a5,1820 # 2000871c <tp_dev>
2000322a:	577d                	li	a4,-1
2000322c:	00e79223          	sh	a4,4(a5)
20003230:	200087b7          	lui	a5,0x20008
20003234:	71c78793          	addi	a5,a5,1820 # 2000871c <tp_dev>
20003238:	577d                	li	a4,-1
2000323a:	00e79323          	sh	a4,6(a5)
2000323e:	200087b7          	lui	a5,0x20008
20003242:	71c78793          	addi	a5,a5,1820 # 2000871c <tp_dev>
20003246:	0087c783          	lbu	a5,8(a5)
2000324a:	0807f793          	andi	a5,a5,128
2000324e:	853e                	mv	a0,a5
20003250:	50b2                	lw	ra,44(sp)
20003252:	5422                	lw	s0,40(sp)
20003254:	6145                	addi	sp,sp,48
20003256:	8082                	ret

20003258 <lcd_write_register>:
20003258:	1101                	addi	sp,sp,-32
2000325a:	ce06                	sw	ra,28(sp)
2000325c:	cc22                	sw	s0,24(sp)
2000325e:	1000                	addi	s0,sp,32
20003260:	87aa                	mv	a5,a0
20003262:	fef407a3          	sb	a5,-17(s0)
20003266:	400117b7          	lui	a5,0x40011
2000326a:	c0c78793          	addi	a5,a5,-1012 # 40010c0c <__stack_top+0x20007798>
2000326e:	0007d783          	lhu	a5,0(a5)
20003272:	01079693          	slli	a3,a5,0x10
20003276:	82c1                	srli	a3,a3,0x10
20003278:	400117b7          	lui	a5,0x40011
2000327c:	c0c78793          	addi	a5,a5,-1012 # 40010c0c <__stack_top+0x20007798>
20003280:	6721                	lui	a4,0x8
20003282:	177d                	addi	a4,a4,-1 # 7fff <_start-0x1fff8001>
20003284:	8f75                	and	a4,a4,a3
20003286:	0742                	slli	a4,a4,0x10
20003288:	8341                	srli	a4,a4,0x10
2000328a:	00e79023          	sh	a4,0(a5)
2000328e:	400117b7          	lui	a5,0x40011
20003292:	c0c78793          	addi	a5,a5,-1012 # 40010c0c <__stack_top+0x20007798>
20003296:	0007d783          	lhu	a5,0(a5)
2000329a:	01079693          	slli	a3,a5,0x10
2000329e:	82c1                	srli	a3,a3,0x10
200032a0:	400117b7          	lui	a5,0x40011
200032a4:	c0c78793          	addi	a5,a5,-1012 # 40010c0c <__stack_top+0x20007798>
200032a8:	7771                	lui	a4,0xffffc
200032aa:	177d                	addi	a4,a4,-1 # ffffbfff <__stack_top+0xdfff2b8b>
200032ac:	8f75                	and	a4,a4,a3
200032ae:	0742                	slli	a4,a4,0x10
200032b0:	8341                	srli	a4,a4,0x10
200032b2:	00e79023          	sh	a4,0(a5)
200032b6:	fef44783          	lbu	a5,-17(s0)
200032ba:	85be                	mv	a1,a5
200032bc:	40013537          	lui	a0,0x40013
200032c0:	fccff0ef          	jal	20002a8c <SPI_WriteByte>
200032c4:	400117b7          	lui	a5,0x40011
200032c8:	c0c78793          	addi	a5,a5,-1012 # 40010c0c <__stack_top+0x20007798>
200032cc:	0007d783          	lhu	a5,0(a5)
200032d0:	01079693          	slli	a3,a5,0x10
200032d4:	82c1                	srli	a3,a3,0x10
200032d6:	400117b7          	lui	a5,0x40011
200032da:	c0c78793          	addi	a5,a5,-1012 # 40010c0c <__stack_top+0x20007798>
200032de:	7761                	lui	a4,0xffff8
200032e0:	8f55                	or	a4,a4,a3
200032e2:	0742                	slli	a4,a4,0x10
200032e4:	8341                	srli	a4,a4,0x10
200032e6:	00e79023          	sh	a4,0(a5)
200032ea:	0001                	nop
200032ec:	40f2                	lw	ra,28(sp)
200032ee:	4462                	lw	s0,24(sp)
200032f0:	6105                	addi	sp,sp,32
200032f2:	8082                	ret

200032f4 <lcd_write_data>:
200032f4:	1101                	addi	sp,sp,-32
200032f6:	ce06                	sw	ra,28(sp)
200032f8:	cc22                	sw	s0,24(sp)
200032fa:	1000                	addi	s0,sp,32
200032fc:	87aa                	mv	a5,a0
200032fe:	fef407a3          	sb	a5,-17(s0)
20003302:	400117b7          	lui	a5,0x40011
20003306:	c0c78793          	addi	a5,a5,-1012 # 40010c0c <__stack_top+0x20007798>
2000330a:	0007d783          	lhu	a5,0(a5)
2000330e:	01079693          	slli	a3,a5,0x10
20003312:	82c1                	srli	a3,a3,0x10
20003314:	400117b7          	lui	a5,0x40011
20003318:	c0c78793          	addi	a5,a5,-1012 # 40010c0c <__stack_top+0x20007798>
2000331c:	6721                	lui	a4,0x8
2000331e:	177d                	addi	a4,a4,-1 # 7fff <_start-0x1fff8001>
20003320:	8f75                	and	a4,a4,a3
20003322:	0742                	slli	a4,a4,0x10
20003324:	8341                	srli	a4,a4,0x10
20003326:	00e79023          	sh	a4,0(a5)
2000332a:	400117b7          	lui	a5,0x40011
2000332e:	c0c78793          	addi	a5,a5,-1012 # 40010c0c <__stack_top+0x20007798>
20003332:	0007d783          	lhu	a5,0(a5)
20003336:	01079693          	slli	a3,a5,0x10
2000333a:	82c1                	srli	a3,a3,0x10
2000333c:	400117b7          	lui	a5,0x40011
20003340:	c0c78793          	addi	a5,a5,-1012 # 40010c0c <__stack_top+0x20007798>
20003344:	6711                	lui	a4,0x4
20003346:	8f55                	or	a4,a4,a3
20003348:	0742                	slli	a4,a4,0x10
2000334a:	8341                	srli	a4,a4,0x10
2000334c:	00e79023          	sh	a4,0(a5)
20003350:	fef44783          	lbu	a5,-17(s0)
20003354:	85be                	mv	a1,a5
20003356:	40013537          	lui	a0,0x40013
2000335a:	f32ff0ef          	jal	20002a8c <SPI_WriteByte>
2000335e:	400117b7          	lui	a5,0x40011
20003362:	c0c78793          	addi	a5,a5,-1012 # 40010c0c <__stack_top+0x20007798>
20003366:	0007d783          	lhu	a5,0(a5)
2000336a:	01079693          	slli	a3,a5,0x10
2000336e:	82c1                	srli	a3,a3,0x10
20003370:	400117b7          	lui	a5,0x40011
20003374:	c0c78793          	addi	a5,a5,-1012 # 40010c0c <__stack_top+0x20007798>
20003378:	7761                	lui	a4,0xffff8
2000337a:	8f55                	or	a4,a4,a3
2000337c:	0742                	slli	a4,a4,0x10
2000337e:	8341                	srli	a4,a4,0x10
20003380:	00e79023          	sh	a4,0(a5)
20003384:	0001                	nop
20003386:	40f2                	lw	ra,28(sp)
20003388:	4462                	lw	s0,24(sp)
2000338a:	6105                	addi	sp,sp,32
2000338c:	8082                	ret

2000338e <_lcd_write_16bit_data>:
2000338e:	1101                	addi	sp,sp,-32
20003390:	ce06                	sw	ra,28(sp)
20003392:	cc22                	sw	s0,24(sp)
20003394:	1000                	addi	s0,sp,32
20003396:	87aa                	mv	a5,a0
20003398:	fef41723          	sh	a5,-18(s0)
2000339c:	400117b7          	lui	a5,0x40011
200033a0:	c0c78793          	addi	a5,a5,-1012 # 40010c0c <__stack_top+0x20007798>
200033a4:	0007d783          	lhu	a5,0(a5)
200033a8:	01079693          	slli	a3,a5,0x10
200033ac:	82c1                	srli	a3,a3,0x10
200033ae:	400117b7          	lui	a5,0x40011
200033b2:	c0c78793          	addi	a5,a5,-1012 # 40010c0c <__stack_top+0x20007798>
200033b6:	6721                	lui	a4,0x8
200033b8:	177d                	addi	a4,a4,-1 # 7fff <_start-0x1fff8001>
200033ba:	8f75                	and	a4,a4,a3
200033bc:	0742                	slli	a4,a4,0x10
200033be:	8341                	srli	a4,a4,0x10
200033c0:	00e79023          	sh	a4,0(a5)
200033c4:	400117b7          	lui	a5,0x40011
200033c8:	c0c78793          	addi	a5,a5,-1012 # 40010c0c <__stack_top+0x20007798>
200033cc:	0007d783          	lhu	a5,0(a5)
200033d0:	01079693          	slli	a3,a5,0x10
200033d4:	82c1                	srli	a3,a3,0x10
200033d6:	400117b7          	lui	a5,0x40011
200033da:	c0c78793          	addi	a5,a5,-1012 # 40010c0c <__stack_top+0x20007798>
200033de:	6711                	lui	a4,0x4
200033e0:	8f55                	or	a4,a4,a3
200033e2:	0742                	slli	a4,a4,0x10
200033e4:	8341                	srli	a4,a4,0x10
200033e6:	00e79023          	sh	a4,0(a5)
200033ea:	200087b7          	lui	a5,0x20008
200033ee:	7287a783          	lw	a5,1832(a5) # 20008728 <_option>
200033f2:	8b89                	andi	a5,a5,2
200033f4:	c79d                	beqz	a5,20003422 <_lcd_write_16bit_data+0x94>
200033f6:	fee45783          	lhu	a5,-18(s0)
200033fa:	83a1                	srli	a5,a5,0x8
200033fc:	07c2                	slli	a5,a5,0x10
200033fe:	83c1                	srli	a5,a5,0x10
20003400:	0ff7f793          	zext.b	a5,a5
20003404:	85be                	mv	a1,a5
20003406:	40013537          	lui	a0,0x40013
2000340a:	e82ff0ef          	jal	20002a8c <SPI_WriteByte>
2000340e:	fee45783          	lhu	a5,-18(s0)
20003412:	0ff7f793          	zext.b	a5,a5
20003416:	85be                	mv	a1,a5
20003418:	40013537          	lui	a0,0x40013
2000341c:	e70ff0ef          	jal	20002a8c <SPI_WriteByte>
20003420:	a08d                	j	20003482 <_lcd_write_16bit_data+0xf4>
20003422:	200087b7          	lui	a5,0x20008
20003426:	7287a783          	lw	a5,1832(a5) # 20008728 <_option>
2000342a:	8b85                	andi	a5,a5,1
2000342c:	cbb9                	beqz	a5,20003482 <_lcd_write_16bit_data+0xf4>
2000342e:	fee45783          	lhu	a5,-18(s0)
20003432:	83a1                	srli	a5,a5,0x8
20003434:	07c2                	slli	a5,a5,0x10
20003436:	83c1                	srli	a5,a5,0x10
20003438:	0ff7f793          	zext.b	a5,a5
2000343c:	9be1                	andi	a5,a5,-8
2000343e:	0ff7f793          	zext.b	a5,a5
20003442:	85be                	mv	a1,a5
20003444:	40013537          	lui	a0,0x40013
20003448:	e44ff0ef          	jal	20002a8c <SPI_WriteByte>
2000344c:	fee45783          	lhu	a5,-18(s0)
20003450:	838d                	srli	a5,a5,0x3
20003452:	07c2                	slli	a5,a5,0x10
20003454:	83c1                	srli	a5,a5,0x10
20003456:	0ff7f793          	zext.b	a5,a5
2000345a:	9bf1                	andi	a5,a5,-4
2000345c:	0ff7f793          	zext.b	a5,a5
20003460:	85be                	mv	a1,a5
20003462:	40013537          	lui	a0,0x40013
20003466:	e26ff0ef          	jal	20002a8c <SPI_WriteByte>
2000346a:	fee45783          	lhu	a5,-18(s0)
2000346e:	0ff7f793          	zext.b	a5,a5
20003472:	078e                	slli	a5,a5,0x3
20003474:	0ff7f793          	zext.b	a5,a5
20003478:	85be                	mv	a1,a5
2000347a:	40013537          	lui	a0,0x40013
2000347e:	e0eff0ef          	jal	20002a8c <SPI_WriteByte>
20003482:	400117b7          	lui	a5,0x40011
20003486:	c0c78793          	addi	a5,a5,-1012 # 40010c0c <__stack_top+0x20007798>
2000348a:	0007d783          	lhu	a5,0(a5)
2000348e:	01079693          	slli	a3,a5,0x10
20003492:	82c1                	srli	a3,a3,0x10
20003494:	400117b7          	lui	a5,0x40011
20003498:	c0c78793          	addi	a5,a5,-1012 # 40010c0c <__stack_top+0x20007798>
2000349c:	7761                	lui	a4,0xffff8
2000349e:	8f55                	or	a4,a4,a3
200034a0:	0742                	slli	a4,a4,0x10
200034a2:	8341                	srli	a4,a4,0x10
200034a4:	00e79023          	sh	a4,0(a5)
200034a8:	0001                	nop
200034aa:	40f2                	lw	ra,28(sp)
200034ac:	4462                	lw	s0,24(sp)
200034ae:	6105                	addi	sp,sp,32
200034b0:	8082                	ret

200034b2 <_tft_lcd_setwindow>:
200034b2:	1101                	addi	sp,sp,-32
200034b4:	ce06                	sw	ra,28(sp)
200034b6:	cc22                	sw	s0,24(sp)
200034b8:	1000                	addi	s0,sp,32
200034ba:	87aa                	mv	a5,a0
200034bc:	8736                	mv	a4,a3
200034be:	fef41723          	sh	a5,-18(s0)
200034c2:	87ae                	mv	a5,a1
200034c4:	fef41623          	sh	a5,-20(s0)
200034c8:	87b2                	mv	a5,a2
200034ca:	fef41523          	sh	a5,-22(s0)
200034ce:	87ba                	mv	a5,a4
200034d0:	fef41423          	sh	a5,-24(s0)
200034d4:	200087b7          	lui	a5,0x20008
200034d8:	70c78793          	addi	a5,a5,1804 # 2000870c <lcddev>
200034dc:	00a7d783          	lhu	a5,10(a5)
200034e0:	0ff7f793          	zext.b	a5,a5
200034e4:	853e                	mv	a0,a5
200034e6:	3b8d                	jal	20003258 <lcd_write_register>
200034e8:	fee45783          	lhu	a5,-18(s0)
200034ec:	83a1                	srli	a5,a5,0x8
200034ee:	07c2                	slli	a5,a5,0x10
200034f0:	83c1                	srli	a5,a5,0x10
200034f2:	0ff7f793          	zext.b	a5,a5
200034f6:	853e                	mv	a0,a5
200034f8:	3bf5                	jal	200032f4 <lcd_write_data>
200034fa:	fee45783          	lhu	a5,-18(s0)
200034fe:	0ff7f793          	zext.b	a5,a5
20003502:	853e                	mv	a0,a5
20003504:	3bc5                	jal	200032f4 <lcd_write_data>
20003506:	fea45783          	lhu	a5,-22(s0)
2000350a:	83a1                	srli	a5,a5,0x8
2000350c:	07c2                	slli	a5,a5,0x10
2000350e:	83c1                	srli	a5,a5,0x10
20003510:	0ff7f793          	zext.b	a5,a5
20003514:	853e                	mv	a0,a5
20003516:	3bf9                	jal	200032f4 <lcd_write_data>
20003518:	fea45783          	lhu	a5,-22(s0)
2000351c:	0ff7f793          	zext.b	a5,a5
20003520:	853e                	mv	a0,a5
20003522:	3bc9                	jal	200032f4 <lcd_write_data>
20003524:	4501                	li	a0,0
20003526:	3b0d                	jal	20003258 <lcd_write_register>
20003528:	200087b7          	lui	a5,0x20008
2000352c:	70c78793          	addi	a5,a5,1804 # 2000870c <lcddev>
20003530:	00c7d783          	lhu	a5,12(a5)
20003534:	0ff7f793          	zext.b	a5,a5
20003538:	853e                	mv	a0,a5
2000353a:	3b39                	jal	20003258 <lcd_write_register>
2000353c:	fec45783          	lhu	a5,-20(s0)
20003540:	83a1                	srli	a5,a5,0x8
20003542:	07c2                	slli	a5,a5,0x10
20003544:	83c1                	srli	a5,a5,0x10
20003546:	0ff7f793          	zext.b	a5,a5
2000354a:	853e                	mv	a0,a5
2000354c:	3365                	jal	200032f4 <lcd_write_data>
2000354e:	fec45783          	lhu	a5,-20(s0)
20003552:	0ff7f793          	zext.b	a5,a5
20003556:	853e                	mv	a0,a5
20003558:	3b71                	jal	200032f4 <lcd_write_data>
2000355a:	fe845783          	lhu	a5,-24(s0)
2000355e:	83a1                	srli	a5,a5,0x8
20003560:	07c2                	slli	a5,a5,0x10
20003562:	83c1                	srli	a5,a5,0x10
20003564:	0ff7f793          	zext.b	a5,a5
20003568:	853e                	mv	a0,a5
2000356a:	3369                	jal	200032f4 <lcd_write_data>
2000356c:	fe845783          	lhu	a5,-24(s0)
20003570:	0ff7f793          	zext.b	a5,a5
20003574:	853e                	mv	a0,a5
20003576:	3bbd                	jal	200032f4 <lcd_write_data>
20003578:	4501                	li	a0,0
2000357a:	39f9                	jal	20003258 <lcd_write_register>
2000357c:	200087b7          	lui	a5,0x20008
20003580:	70c78793          	addi	a5,a5,1804 # 2000870c <lcddev>
20003584:	0087d783          	lhu	a5,8(a5)
20003588:	0ff7f793          	zext.b	a5,a5
2000358c:	853e                	mv	a0,a5
2000358e:	31e9                	jal	20003258 <lcd_write_register>
20003590:	0001                	nop
20003592:	40f2                	lw	ra,28(sp)
20003594:	4462                	lw	s0,24(sp)
20003596:	6105                	addi	sp,sp,32
20003598:	8082                	ret

2000359a <tft_fill_colour>:
2000359a:	7179                	addi	sp,sp,-48
2000359c:	d606                	sw	ra,44(sp)
2000359e:	d422                	sw	s0,40(sp)
200035a0:	1800                	addi	s0,sp,48
200035a2:	87aa                	mv	a5,a0
200035a4:	fcf41f23          	sh	a5,-34(s0)
200035a8:	200087b7          	lui	a5,0x20008
200035ac:	70c78793          	addi	a5,a5,1804 # 2000870c <lcddev>
200035b0:	0007d783          	lhu	a5,0(a5)
200035b4:	17fd                	addi	a5,a5,-1
200035b6:	01079713          	slli	a4,a5,0x10
200035ba:	8341                	srli	a4,a4,0x10
200035bc:	200087b7          	lui	a5,0x20008
200035c0:	70c78793          	addi	a5,a5,1804 # 2000870c <lcddev>
200035c4:	0027d783          	lhu	a5,2(a5)
200035c8:	17fd                	addi	a5,a5,-1
200035ca:	07c2                	slli	a5,a5,0x10
200035cc:	83c1                	srli	a5,a5,0x10
200035ce:	86be                	mv	a3,a5
200035d0:	863a                	mv	a2,a4
200035d2:	4581                	li	a1,0
200035d4:	4501                	li	a0,0
200035d6:	3df1                	jal	200034b2 <_tft_lcd_setwindow>
200035d8:	400117b7          	lui	a5,0x40011
200035dc:	c0c78793          	addi	a5,a5,-1012 # 40010c0c <__stack_top+0x20007798>
200035e0:	0007d783          	lhu	a5,0(a5)
200035e4:	01079693          	slli	a3,a5,0x10
200035e8:	82c1                	srli	a3,a3,0x10
200035ea:	400117b7          	lui	a5,0x40011
200035ee:	c0c78793          	addi	a5,a5,-1012 # 40010c0c <__stack_top+0x20007798>
200035f2:	6721                	lui	a4,0x8
200035f4:	177d                	addi	a4,a4,-1 # 7fff <_start-0x1fff8001>
200035f6:	8f75                	and	a4,a4,a3
200035f8:	0742                	slli	a4,a4,0x10
200035fa:	8341                	srli	a4,a4,0x10
200035fc:	00e79023          	sh	a4,0(a5)
20003600:	400117b7          	lui	a5,0x40011
20003604:	c0c78793          	addi	a5,a5,-1012 # 40010c0c <__stack_top+0x20007798>
20003608:	0007d783          	lhu	a5,0(a5)
2000360c:	01079693          	slli	a3,a5,0x10
20003610:	82c1                	srli	a3,a3,0x10
20003612:	400117b7          	lui	a5,0x40011
20003616:	c0c78793          	addi	a5,a5,-1012 # 40010c0c <__stack_top+0x20007798>
2000361a:	6711                	lui	a4,0x4
2000361c:	8f55                	or	a4,a4,a3
2000361e:	0742                	slli	a4,a4,0x10
20003620:	8341                	srli	a4,a4,0x10
20003622:	00e79023          	sh	a4,0(a5)
20003626:	fe042623          	sw	zero,-20(s0)
2000362a:	a82d                	j	20003664 <tft_fill_colour+0xca>
2000362c:	fe042423          	sw	zero,-24(s0)
20003630:	a811                	j	20003644 <tft_fill_colour+0xaa>
20003632:	fde45783          	lhu	a5,-34(s0)
20003636:	853e                	mv	a0,a5
20003638:	3b99                	jal	2000338e <_lcd_write_16bit_data>
2000363a:	fe842783          	lw	a5,-24(s0)
2000363e:	0785                	addi	a5,a5,1
20003640:	fef42423          	sw	a5,-24(s0)
20003644:	200087b7          	lui	a5,0x20008
20003648:	70c78793          	addi	a5,a5,1804 # 2000870c <lcddev>
2000364c:	0007d783          	lhu	a5,0(a5)
20003650:	873e                	mv	a4,a5
20003652:	fe842783          	lw	a5,-24(s0)
20003656:	fce7eee3          	bltu	a5,a4,20003632 <tft_fill_colour+0x98>
2000365a:	fec42783          	lw	a5,-20(s0)
2000365e:	0785                	addi	a5,a5,1
20003660:	fef42623          	sw	a5,-20(s0)
20003664:	200087b7          	lui	a5,0x20008
20003668:	70c78793          	addi	a5,a5,1804 # 2000870c <lcddev>
2000366c:	0027d783          	lhu	a5,2(a5)
20003670:	873e                	mv	a4,a5
20003672:	fec42783          	lw	a5,-20(s0)
20003676:	fae7ebe3          	bltu	a5,a4,2000362c <tft_fill_colour+0x92>
2000367a:	400117b7          	lui	a5,0x40011
2000367e:	c0c78793          	addi	a5,a5,-1012 # 40010c0c <__stack_top+0x20007798>
20003682:	0007d783          	lhu	a5,0(a5)
20003686:	01079693          	slli	a3,a5,0x10
2000368a:	82c1                	srli	a3,a3,0x10
2000368c:	400117b7          	lui	a5,0x40011
20003690:	c0c78793          	addi	a5,a5,-1012 # 40010c0c <__stack_top+0x20007798>
20003694:	7761                	lui	a4,0xffff8
20003696:	8f55                	or	a4,a4,a3
20003698:	0742                	slli	a4,a4,0x10
2000369a:	8341                	srli	a4,a4,0x10
2000369c:	00e79023          	sh	a4,0(a5)
200036a0:	0001                	nop
200036a2:	50b2                	lw	ra,44(sp)
200036a4:	5422                	lw	s0,40(sp)
200036a6:	6145                	addi	sp,sp,48
200036a8:	8082                	ret

200036aa <LCD_SetCursor>:
200036aa:	1101                	addi	sp,sp,-32
200036ac:	ce06                	sw	ra,28(sp)
200036ae:	cc22                	sw	s0,24(sp)
200036b0:	1000                	addi	s0,sp,32
200036b2:	87aa                	mv	a5,a0
200036b4:	872e                	mv	a4,a1
200036b6:	fef41723          	sh	a5,-18(s0)
200036ba:	87ba                	mv	a5,a4
200036bc:	fef41623          	sh	a5,-20(s0)
200036c0:	fec45683          	lhu	a3,-20(s0)
200036c4:	fee45603          	lhu	a2,-18(s0)
200036c8:	fec45703          	lhu	a4,-20(s0)
200036cc:	fee45783          	lhu	a5,-18(s0)
200036d0:	85ba                	mv	a1,a4
200036d2:	853e                	mv	a0,a5
200036d4:	3bf9                	jal	200034b2 <_tft_lcd_setwindow>
200036d6:	0001                	nop
200036d8:	40f2                	lw	ra,28(sp)
200036da:	4462                	lw	s0,24(sp)
200036dc:	6105                	addi	sp,sp,32
200036de:	8082                	ret

200036e0 <_tft_lcd_direction>:
200036e0:	1101                	addi	sp,sp,-32
200036e2:	ce06                	sw	ra,28(sp)
200036e4:	cc22                	sw	s0,24(sp)
200036e6:	1000                	addi	s0,sp,32
200036e8:	fea42623          	sw	a0,-20(s0)
200036ec:	200087b7          	lui	a5,0x20008
200036f0:	70c78793          	addi	a5,a5,1804 # 2000870c <lcddev>
200036f4:	02a00713          	li	a4,42
200036f8:	00e79523          	sh	a4,10(a5)
200036fc:	200087b7          	lui	a5,0x20008
20003700:	70c78793          	addi	a5,a5,1804 # 2000870c <lcddev>
20003704:	02b00713          	li	a4,43
20003708:	00e79623          	sh	a4,12(a5)
2000370c:	200087b7          	lui	a5,0x20008
20003710:	70c78793          	addi	a5,a5,1804 # 2000870c <lcddev>
20003714:	02c00713          	li	a4,44
20003718:	00e79423          	sh	a4,8(a5)
2000371c:	fec42783          	lw	a5,-20(s0)
20003720:	0ff7f713          	zext.b	a4,a5
20003724:	200087b7          	lui	a5,0x20008
20003728:	70c78793          	addi	a5,a5,1804 # 2000870c <lcddev>
2000372c:	00e78323          	sb	a4,6(a5)
20003730:	fec42703          	lw	a4,-20(s0)
20003734:	478d                	li	a5,3
20003736:	0af70f63          	beq	a4,a5,200037f4 <_tft_lcd_direction+0x114>
2000373a:	fec42703          	lw	a4,-20(s0)
2000373e:	478d                	li	a5,3
20003740:	0ee7c163          	blt	a5,a4,20003822 <_tft_lcd_direction+0x142>
20003744:	fec42703          	lw	a4,-20(s0)
20003748:	4789                	li	a5,2
2000374a:	06f70e63          	beq	a4,a5,200037c6 <_tft_lcd_direction+0xe6>
2000374e:	fec42703          	lw	a4,-20(s0)
20003752:	4789                	li	a5,2
20003754:	0ce7c763          	blt	a5,a4,20003822 <_tft_lcd_direction+0x142>
20003758:	fec42783          	lw	a5,-20(s0)
2000375c:	c799                	beqz	a5,2000376a <_tft_lcd_direction+0x8a>
2000375e:	fec42703          	lw	a4,-20(s0)
20003762:	4785                	li	a5,1
20003764:	02f70a63          	beq	a4,a5,20003798 <_tft_lcd_direction+0xb8>
20003768:	a86d                	j	20003822 <_tft_lcd_direction+0x142>
2000376a:	200087b7          	lui	a5,0x20008
2000376e:	70c78793          	addi	a5,a5,1804 # 2000870c <lcddev>
20003772:	14000713          	li	a4,320
20003776:	00e79023          	sh	a4,0(a5)
2000377a:	200087b7          	lui	a5,0x20008
2000377e:	70c78793          	addi	a5,a5,1804 # 2000870c <lcddev>
20003782:	1e000713          	li	a4,480
20003786:	00e79123          	sh	a4,2(a5)
2000378a:	03600513          	li	a0,54
2000378e:	34e9                	jal	20003258 <lcd_write_register>
20003790:	04800513          	li	a0,72
20003794:	3685                	jal	200032f4 <lcd_write_data>
20003796:	a079                	j	20003824 <_tft_lcd_direction+0x144>
20003798:	200087b7          	lui	a5,0x20008
2000379c:	70c78793          	addi	a5,a5,1804 # 2000870c <lcddev>
200037a0:	1e000713          	li	a4,480
200037a4:	00e79023          	sh	a4,0(a5)
200037a8:	200087b7          	lui	a5,0x20008
200037ac:	70c78793          	addi	a5,a5,1804 # 2000870c <lcddev>
200037b0:	14000713          	li	a4,320
200037b4:	00e79123          	sh	a4,2(a5)
200037b8:	03600513          	li	a0,54
200037bc:	3c71                	jal	20003258 <lcd_write_register>
200037be:	02800513          	li	a0,40
200037c2:	3e0d                	jal	200032f4 <lcd_write_data>
200037c4:	a085                	j	20003824 <_tft_lcd_direction+0x144>
200037c6:	200087b7          	lui	a5,0x20008
200037ca:	70c78793          	addi	a5,a5,1804 # 2000870c <lcddev>
200037ce:	14000713          	li	a4,320
200037d2:	00e79023          	sh	a4,0(a5)
200037d6:	200087b7          	lui	a5,0x20008
200037da:	70c78793          	addi	a5,a5,1804 # 2000870c <lcddev>
200037de:	1e000713          	li	a4,480
200037e2:	00e79123          	sh	a4,2(a5)
200037e6:	03600513          	li	a0,54
200037ea:	34bd                	jal	20003258 <lcd_write_register>
200037ec:	08800513          	li	a0,136
200037f0:	3611                	jal	200032f4 <lcd_write_data>
200037f2:	a80d                	j	20003824 <_tft_lcd_direction+0x144>
200037f4:	200087b7          	lui	a5,0x20008
200037f8:	70c78793          	addi	a5,a5,1804 # 2000870c <lcddev>
200037fc:	1e000713          	li	a4,480
20003800:	00e79023          	sh	a4,0(a5)
20003804:	200087b7          	lui	a5,0x20008
20003808:	70c78793          	addi	a5,a5,1804 # 2000870c <lcddev>
2000380c:	14000713          	li	a4,320
20003810:	00e79123          	sh	a4,2(a5)
20003814:	03600513          	li	a0,54
20003818:	3481                	jal	20003258 <lcd_write_register>
2000381a:	0e800513          	li	a0,232
2000381e:	3cd9                	jal	200032f4 <lcd_write_data>
20003820:	a011                	j	20003824 <_tft_lcd_direction+0x144>
20003822:	0001                	nop
20003824:	0001                	nop
20003826:	40f2                	lw	ra,28(sp)
20003828:	4462                	lw	s0,24(sp)
2000382a:	6105                	addi	sp,sp,32
2000382c:	8082                	ret

2000382e <_tft_lcd_fill>:
2000382e:	7179                	addi	sp,sp,-48
20003830:	d606                	sw	ra,44(sp)
20003832:	d422                	sw	s0,40(sp)
20003834:	1800                	addi	s0,sp,48
20003836:	87aa                	mv	a5,a0
20003838:	fcf41f23          	sh	a5,-34(s0)
2000383c:	87ae                	mv	a5,a1
2000383e:	fcf41e23          	sh	a5,-36(s0)
20003842:	87b2                	mv	a5,a2
20003844:	fcf41d23          	sh	a5,-38(s0)
20003848:	87b6                	mv	a5,a3
2000384a:	fcf41c23          	sh	a5,-40(s0)
2000384e:	87ba                	mv	a5,a4
20003850:	fcf41b23          	sh	a5,-42(s0)
20003854:	fda45783          	lhu	a5,-38(s0)
20003858:	873e                	mv	a4,a5
2000385a:	fde45783          	lhu	a5,-34(s0)
2000385e:	40f707b3          	sub	a5,a4,a5
20003862:	07c2                	slli	a5,a5,0x10
20003864:	83c1                	srli	a5,a5,0x10
20003866:	0785                	addi	a5,a5,1
20003868:	fef41523          	sh	a5,-22(s0)
2000386c:	fd845783          	lhu	a5,-40(s0)
20003870:	873e                	mv	a4,a5
20003872:	fdc45783          	lhu	a5,-36(s0)
20003876:	40f707b3          	sub	a5,a4,a5
2000387a:	07c2                	slli	a5,a5,0x10
2000387c:	83c1                	srli	a5,a5,0x10
2000387e:	0785                	addi	a5,a5,1
20003880:	fef41423          	sh	a5,-24(s0)
20003884:	fd845683          	lhu	a3,-40(s0)
20003888:	fda45603          	lhu	a2,-38(s0)
2000388c:	fdc45703          	lhu	a4,-36(s0)
20003890:	fde45783          	lhu	a5,-34(s0)
20003894:	85ba                	mv	a1,a4
20003896:	853e                	mv	a0,a5
20003898:	3929                	jal	200034b2 <_tft_lcd_setwindow>
2000389a:	400117b7          	lui	a5,0x40011
2000389e:	c0c78793          	addi	a5,a5,-1012 # 40010c0c <__stack_top+0x20007798>
200038a2:	0007d783          	lhu	a5,0(a5)
200038a6:	01079693          	slli	a3,a5,0x10
200038aa:	82c1                	srli	a3,a3,0x10
200038ac:	400117b7          	lui	a5,0x40011
200038b0:	c0c78793          	addi	a5,a5,-1012 # 40010c0c <__stack_top+0x20007798>
200038b4:	6721                	lui	a4,0x8
200038b6:	177d                	addi	a4,a4,-1 # 7fff <_start-0x1fff8001>
200038b8:	8f75                	and	a4,a4,a3
200038ba:	0742                	slli	a4,a4,0x10
200038bc:	8341                	srli	a4,a4,0x10
200038be:	00e79023          	sh	a4,0(a5)
200038c2:	400117b7          	lui	a5,0x40011
200038c6:	c0c78793          	addi	a5,a5,-1012 # 40010c0c <__stack_top+0x20007798>
200038ca:	0007d783          	lhu	a5,0(a5)
200038ce:	01079693          	slli	a3,a5,0x10
200038d2:	82c1                	srli	a3,a3,0x10
200038d4:	400117b7          	lui	a5,0x40011
200038d8:	c0c78793          	addi	a5,a5,-1012 # 40010c0c <__stack_top+0x20007798>
200038dc:	6711                	lui	a4,0x4
200038de:	8f55                	or	a4,a4,a3
200038e0:	0742                	slli	a4,a4,0x10
200038e2:	8341                	srli	a4,a4,0x10
200038e4:	00e79023          	sh	a4,0(a5)
200038e8:	fe041723          	sh	zero,-18(s0)
200038ec:	a805                	j	2000391c <_tft_lcd_fill+0xee>
200038ee:	fe041623          	sh	zero,-20(s0)
200038f2:	a811                	j	20003906 <_tft_lcd_fill+0xd8>
200038f4:	fd645783          	lhu	a5,-42(s0)
200038f8:	853e                	mv	a0,a5
200038fa:	3c51                	jal	2000338e <_lcd_write_16bit_data>
200038fc:	fec45783          	lhu	a5,-20(s0)
20003900:	0785                	addi	a5,a5,1
20003902:	fef41623          	sh	a5,-20(s0)
20003906:	fec45703          	lhu	a4,-20(s0)
2000390a:	fea45783          	lhu	a5,-22(s0)
2000390e:	fef763e3          	bltu	a4,a5,200038f4 <_tft_lcd_fill+0xc6>
20003912:	fee45783          	lhu	a5,-18(s0)
20003916:	0785                	addi	a5,a5,1
20003918:	fef41723          	sh	a5,-18(s0)
2000391c:	fee45703          	lhu	a4,-18(s0)
20003920:	fe845783          	lhu	a5,-24(s0)
20003924:	fcf765e3          	bltu	a4,a5,200038ee <_tft_lcd_fill+0xc0>
20003928:	400117b7          	lui	a5,0x40011
2000392c:	c0c78793          	addi	a5,a5,-1012 # 40010c0c <__stack_top+0x20007798>
20003930:	0007d783          	lhu	a5,0(a5)
20003934:	01079693          	slli	a3,a5,0x10
20003938:	82c1                	srli	a3,a3,0x10
2000393a:	400117b7          	lui	a5,0x40011
2000393e:	c0c78793          	addi	a5,a5,-1012 # 40010c0c <__stack_top+0x20007798>
20003942:	7761                	lui	a4,0xffff8
20003944:	8f55                	or	a4,a4,a3
20003946:	0742                	slli	a4,a4,0x10
20003948:	8341                	srli	a4,a4,0x10
2000394a:	00e79023          	sh	a4,0(a5)
2000394e:	0001                	nop
20003950:	50b2                	lw	ra,44(sp)
20003952:	5422                	lw	s0,40(sp)
20003954:	6145                	addi	sp,sp,48
20003956:	8082                	ret

20003958 <_draw_quadrants>:
20003958:	7139                	addi	sp,sp,-64
2000395a:	de06                	sw	ra,60(sp)
2000395c:	dc22                	sw	s0,56(sp)
2000395e:	0080                	addi	s0,sp,64
20003960:	fca42e23          	sw	a0,-36(s0)
20003964:	fcb42c23          	sw	a1,-40(s0)
20003968:	fcc42a23          	sw	a2,-44(s0)
2000396c:	fcd42823          	sw	a3,-48(s0)
20003970:	fce42623          	sw	a4,-52(s0)
20003974:	fcf42423          	sw	a5,-56(s0)
20003978:	fc842783          	lw	a5,-56(s0)
2000397c:	c3a5                	beqz	a5,200039dc <_draw_quadrants+0x84>
2000397e:	fd442703          	lw	a4,-44(s0)
20003982:	fdc42783          	lw	a5,-36(s0)
20003986:	40f707b3          	sub	a5,a4,a5
2000398a:	fef42623          	sw	a5,-20(s0)
2000398e:	a82d                	j	200039c8 <_draw_quadrants+0x70>
20003990:	fd042703          	lw	a4,-48(s0)
20003994:	fd842783          	lw	a5,-40(s0)
20003998:	97ba                	add	a5,a5,a4
2000399a:	fcc42603          	lw	a2,-52(s0)
2000399e:	85be                	mv	a1,a5
200039a0:	fec42503          	lw	a0,-20(s0)
200039a4:	20d9                	jal	20003a6a <_tft_lcd_pixel>
200039a6:	fd042703          	lw	a4,-48(s0)
200039aa:	fd842783          	lw	a5,-40(s0)
200039ae:	40f707b3          	sub	a5,a4,a5
200039b2:	fcc42603          	lw	a2,-52(s0)
200039b6:	85be                	mv	a1,a5
200039b8:	fec42503          	lw	a0,-20(s0)
200039bc:	207d                	jal	20003a6a <_tft_lcd_pixel>
200039be:	fec42783          	lw	a5,-20(s0)
200039c2:	0785                	addi	a5,a5,1
200039c4:	fef42623          	sw	a5,-20(s0)
200039c8:	fd442703          	lw	a4,-44(s0)
200039cc:	fdc42783          	lw	a5,-36(s0)
200039d0:	97ba                	add	a5,a5,a4
200039d2:	fec42703          	lw	a4,-20(s0)
200039d6:	fae7dde3          	bge	a5,a4,20003990 <_draw_quadrants+0x38>
200039da:	a059                	j	20003a60 <_draw_quadrants+0x108>
200039dc:	fdc42703          	lw	a4,-36(s0)
200039e0:	fd442783          	lw	a5,-44(s0)
200039e4:	00f706b3          	add	a3,a4,a5
200039e8:	fd842703          	lw	a4,-40(s0)
200039ec:	fd042783          	lw	a5,-48(s0)
200039f0:	97ba                	add	a5,a5,a4
200039f2:	fcc42603          	lw	a2,-52(s0)
200039f6:	85be                	mv	a1,a5
200039f8:	8536                	mv	a0,a3
200039fa:	2885                	jal	20003a6a <_tft_lcd_pixel>
200039fc:	fd442703          	lw	a4,-44(s0)
20003a00:	fdc42783          	lw	a5,-36(s0)
20003a04:	40f706b3          	sub	a3,a4,a5
20003a08:	fd842703          	lw	a4,-40(s0)
20003a0c:	fd042783          	lw	a5,-48(s0)
20003a10:	97ba                	add	a5,a5,a4
20003a12:	fcc42603          	lw	a2,-52(s0)
20003a16:	85be                	mv	a1,a5
20003a18:	8536                	mv	a0,a3
20003a1a:	2881                	jal	20003a6a <_tft_lcd_pixel>
20003a1c:	fdc42703          	lw	a4,-36(s0)
20003a20:	fd442783          	lw	a5,-44(s0)
20003a24:	00f706b3          	add	a3,a4,a5
20003a28:	fd042703          	lw	a4,-48(s0)
20003a2c:	fd842783          	lw	a5,-40(s0)
20003a30:	40f707b3          	sub	a5,a4,a5
20003a34:	fcc42603          	lw	a2,-52(s0)
20003a38:	85be                	mv	a1,a5
20003a3a:	8536                	mv	a0,a3
20003a3c:	203d                	jal	20003a6a <_tft_lcd_pixel>
20003a3e:	fd442703          	lw	a4,-44(s0)
20003a42:	fdc42783          	lw	a5,-36(s0)
20003a46:	40f706b3          	sub	a3,a4,a5
20003a4a:	fd042703          	lw	a4,-48(s0)
20003a4e:	fd842783          	lw	a5,-40(s0)
20003a52:	40f707b3          	sub	a5,a4,a5
20003a56:	fcc42603          	lw	a2,-52(s0)
20003a5a:	85be                	mv	a1,a5
20003a5c:	8536                	mv	a0,a3
20003a5e:	2031                	jal	20003a6a <_tft_lcd_pixel>
20003a60:	0001                	nop
20003a62:	50f2                	lw	ra,60(sp)
20003a64:	5462                	lw	s0,56(sp)
20003a66:	6121                	addi	sp,sp,64
20003a68:	8082                	ret

20003a6a <_tft_lcd_pixel>:
20003a6a:	1101                	addi	sp,sp,-32
20003a6c:	ce06                	sw	ra,28(sp)
20003a6e:	cc22                	sw	s0,24(sp)
20003a70:	1000                	addi	s0,sp,32
20003a72:	fea42623          	sw	a0,-20(s0)
20003a76:	feb42423          	sw	a1,-24(s0)
20003a7a:	fec42223          	sw	a2,-28(s0)
20003a7e:	fec42783          	lw	a5,-20(s0)
20003a82:	07c2                	slli	a5,a5,0x10
20003a84:	83c1                	srli	a5,a5,0x10
20003a86:	fe842703          	lw	a4,-24(s0)
20003a8a:	0742                	slli	a4,a4,0x10
20003a8c:	8341                	srli	a4,a4,0x10
20003a8e:	fec42683          	lw	a3,-20(s0)
20003a92:	01069613          	slli	a2,a3,0x10
20003a96:	8241                	srli	a2,a2,0x10
20003a98:	fe842683          	lw	a3,-24(s0)
20003a9c:	06c2                	slli	a3,a3,0x10
20003a9e:	82c1                	srli	a3,a3,0x10
20003aa0:	85ba                	mv	a1,a4
20003aa2:	853e                	mv	a0,a5
20003aa4:	3439                	jal	200034b2 <_tft_lcd_setwindow>
20003aa6:	fe442783          	lw	a5,-28(s0)
20003aaa:	07c2                	slli	a5,a5,0x10
20003aac:	83c1                	srli	a5,a5,0x10
20003aae:	853e                	mv	a0,a5
20003ab0:	8dfff0ef          	jal	2000338e <_lcd_write_16bit_data>
20003ab4:	0001                	nop
20003ab6:	40f2                	lw	ra,28(sp)
20003ab8:	4462                	lw	s0,24(sp)
20003aba:	6105                	addi	sp,sp,32
20003abc:	8082                	ret

20003abe <_tft_lcd_line>:
20003abe:	711d                	addi	sp,sp,-96
20003ac0:	ce86                	sw	ra,92(sp)
20003ac2:	cca2                	sw	s0,88(sp)
20003ac4:	1080                	addi	s0,sp,96
20003ac6:	faa42e23          	sw	a0,-68(s0)
20003aca:	fab42c23          	sw	a1,-72(s0)
20003ace:	fac42a23          	sw	a2,-76(s0)
20003ad2:	fad42823          	sw	a3,-80(s0)
20003ad6:	fae42623          	sw	a4,-84(s0)
20003ada:	fe042423          	sw	zero,-24(s0)
20003ade:	fe042223          	sw	zero,-28(s0)
20003ae2:	fb442703          	lw	a4,-76(s0)
20003ae6:	fbc42783          	lw	a5,-68(s0)
20003aea:	40f707b3          	sub	a5,a4,a5
20003aee:	fef42023          	sw	a5,-32(s0)
20003af2:	fb042703          	lw	a4,-80(s0)
20003af6:	fb842783          	lw	a5,-72(s0)
20003afa:	40f707b3          	sub	a5,a4,a5
20003afe:	fcf42e23          	sw	a5,-36(s0)
20003b02:	fbc42783          	lw	a5,-68(s0)
20003b06:	fcf42623          	sw	a5,-52(s0)
20003b0a:	fb842783          	lw	a5,-72(s0)
20003b0e:	fcf42423          	sw	a5,-56(s0)
20003b12:	fe042783          	lw	a5,-32(s0)
20003b16:	00f05663          	blez	a5,20003b22 <_tft_lcd_line+0x64>
20003b1a:	4785                	li	a5,1
20003b1c:	fcf42a23          	sw	a5,-44(s0)
20003b20:	a005                	j	20003b40 <_tft_lcd_line+0x82>
20003b22:	fe042783          	lw	a5,-32(s0)
20003b26:	e781                	bnez	a5,20003b2e <_tft_lcd_line+0x70>
20003b28:	fc042a23          	sw	zero,-44(s0)
20003b2c:	a811                	j	20003b40 <_tft_lcd_line+0x82>
20003b2e:	57fd                	li	a5,-1
20003b30:	fcf42a23          	sw	a5,-44(s0)
20003b34:	fe042783          	lw	a5,-32(s0)
20003b38:	40f007b3          	neg	a5,a5
20003b3c:	fef42023          	sw	a5,-32(s0)
20003b40:	fdc42783          	lw	a5,-36(s0)
20003b44:	00f05663          	blez	a5,20003b50 <_tft_lcd_line+0x92>
20003b48:	4785                	li	a5,1
20003b4a:	fcf42823          	sw	a5,-48(s0)
20003b4e:	a005                	j	20003b6e <_tft_lcd_line+0xb0>
20003b50:	fdc42783          	lw	a5,-36(s0)
20003b54:	e781                	bnez	a5,20003b5c <_tft_lcd_line+0x9e>
20003b56:	fc042823          	sw	zero,-48(s0)
20003b5a:	a811                	j	20003b6e <_tft_lcd_line+0xb0>
20003b5c:	57fd                	li	a5,-1
20003b5e:	fcf42823          	sw	a5,-48(s0)
20003b62:	fdc42783          	lw	a5,-36(s0)
20003b66:	40f007b3          	neg	a5,a5
20003b6a:	fcf42e23          	sw	a5,-36(s0)
20003b6e:	fe042703          	lw	a4,-32(s0)
20003b72:	fdc42783          	lw	a5,-36(s0)
20003b76:	00e7d763          	bge	a5,a4,20003b84 <_tft_lcd_line+0xc6>
20003b7a:	fe042783          	lw	a5,-32(s0)
20003b7e:	fcf42c23          	sw	a5,-40(s0)
20003b82:	a029                	j	20003b8c <_tft_lcd_line+0xce>
20003b84:	fdc42783          	lw	a5,-36(s0)
20003b88:	fcf42c23          	sw	a5,-40(s0)
20003b8c:	fe041723          	sh	zero,-18(s0)
20003b90:	a069                	j	20003c1a <_tft_lcd_line+0x15c>
20003b92:	fac42603          	lw	a2,-84(s0)
20003b96:	fc842583          	lw	a1,-56(s0)
20003b9a:	fcc42503          	lw	a0,-52(s0)
20003b9e:	35f1                	jal	20003a6a <_tft_lcd_pixel>
20003ba0:	fe842703          	lw	a4,-24(s0)
20003ba4:	fe042783          	lw	a5,-32(s0)
20003ba8:	97ba                	add	a5,a5,a4
20003baa:	fef42423          	sw	a5,-24(s0)
20003bae:	fe442703          	lw	a4,-28(s0)
20003bb2:	fdc42783          	lw	a5,-36(s0)
20003bb6:	97ba                	add	a5,a5,a4
20003bb8:	fef42223          	sw	a5,-28(s0)
20003bbc:	fe842703          	lw	a4,-24(s0)
20003bc0:	fd842783          	lw	a5,-40(s0)
20003bc4:	02e7d163          	bge	a5,a4,20003be6 <_tft_lcd_line+0x128>
20003bc8:	fe842703          	lw	a4,-24(s0)
20003bcc:	fd842783          	lw	a5,-40(s0)
20003bd0:	40f707b3          	sub	a5,a4,a5
20003bd4:	fef42423          	sw	a5,-24(s0)
20003bd8:	fcc42703          	lw	a4,-52(s0)
20003bdc:	fd442783          	lw	a5,-44(s0)
20003be0:	97ba                	add	a5,a5,a4
20003be2:	fcf42623          	sw	a5,-52(s0)
20003be6:	fe442703          	lw	a4,-28(s0)
20003bea:	fd842783          	lw	a5,-40(s0)
20003bee:	02e7d163          	bge	a5,a4,20003c10 <_tft_lcd_line+0x152>
20003bf2:	fe442703          	lw	a4,-28(s0)
20003bf6:	fd842783          	lw	a5,-40(s0)
20003bfa:	40f707b3          	sub	a5,a4,a5
20003bfe:	fef42223          	sw	a5,-28(s0)
20003c02:	fc842703          	lw	a4,-56(s0)
20003c06:	fd042783          	lw	a5,-48(s0)
20003c0a:	97ba                	add	a5,a5,a4
20003c0c:	fcf42423          	sw	a5,-56(s0)
20003c10:	fee45783          	lhu	a5,-18(s0)
20003c14:	0785                	addi	a5,a5,1
20003c16:	fef41723          	sh	a5,-18(s0)
20003c1a:	fee45703          	lhu	a4,-18(s0)
20003c1e:	fd842783          	lw	a5,-40(s0)
20003c22:	0785                	addi	a5,a5,1
20003c24:	f6e7d7e3          	bge	a5,a4,20003b92 <_tft_lcd_line+0xd4>
20003c28:	0001                	nop
20003c2a:	0001                	nop
20003c2c:	40f6                	lw	ra,92(sp)
20003c2e:	4466                	lw	s0,88(sp)
20003c30:	6125                	addi	sp,sp,96
20003c32:	8082                	ret

20003c34 <_tft_lcd_rect>:
20003c34:	7179                	addi	sp,sp,-48
20003c36:	d606                	sw	ra,44(sp)
20003c38:	d422                	sw	s0,40(sp)
20003c3a:	1800                	addi	s0,sp,48
20003c3c:	fea42623          	sw	a0,-20(s0)
20003c40:	feb42423          	sw	a1,-24(s0)
20003c44:	fec42223          	sw	a2,-28(s0)
20003c48:	fed42023          	sw	a3,-32(s0)
20003c4c:	fcf42c23          	sw	a5,-40(s0)
20003c50:	87ba                	mv	a5,a4
20003c52:	fcf41f23          	sh	a5,-34(s0)
20003c56:	fd842783          	lw	a5,-40(s0)
20003c5a:	cba9                	beqz	a5,20003cac <_tft_lcd_rect+0x78>
20003c5c:	fec42783          	lw	a5,-20(s0)
20003c60:	01079513          	slli	a0,a5,0x10
20003c64:	8141                	srli	a0,a0,0x10
20003c66:	fe842783          	lw	a5,-24(s0)
20003c6a:	01079593          	slli	a1,a5,0x10
20003c6e:	81c1                	srli	a1,a1,0x10
20003c70:	fec42783          	lw	a5,-20(s0)
20003c74:	01079713          	slli	a4,a5,0x10
20003c78:	8341                	srli	a4,a4,0x10
20003c7a:	fe442783          	lw	a5,-28(s0)
20003c7e:	07c2                	slli	a5,a5,0x10
20003c80:	83c1                	srli	a5,a5,0x10
20003c82:	97ba                	add	a5,a5,a4
20003c84:	01079613          	slli	a2,a5,0x10
20003c88:	8241                	srli	a2,a2,0x10
20003c8a:	fe842783          	lw	a5,-24(s0)
20003c8e:	01079713          	slli	a4,a5,0x10
20003c92:	8341                	srli	a4,a4,0x10
20003c94:	fe042783          	lw	a5,-32(s0)
20003c98:	07c2                	slli	a5,a5,0x10
20003c9a:	83c1                	srli	a5,a5,0x10
20003c9c:	97ba                	add	a5,a5,a4
20003c9e:	07c2                	slli	a5,a5,0x10
20003ca0:	83c1                	srli	a5,a5,0x10
20003ca2:	fde45703          	lhu	a4,-34(s0)
20003ca6:	86be                	mv	a3,a5
20003ca8:	3659                	jal	2000382e <_tft_lcd_fill>
20003caa:	a869                	j	20003d44 <_tft_lcd_rect+0x110>
20003cac:	fec42703          	lw	a4,-20(s0)
20003cb0:	fe442783          	lw	a5,-28(s0)
20003cb4:	97ba                	add	a5,a5,a4
20003cb6:	fde45703          	lhu	a4,-34(s0)
20003cba:	fe842683          	lw	a3,-24(s0)
20003cbe:	863e                	mv	a2,a5
20003cc0:	fe842583          	lw	a1,-24(s0)
20003cc4:	fec42503          	lw	a0,-20(s0)
20003cc8:	3bdd                	jal	20003abe <_tft_lcd_line>
20003cca:	fe842703          	lw	a4,-24(s0)
20003cce:	fe042783          	lw	a5,-32(s0)
20003cd2:	97ba                	add	a5,a5,a4
20003cd4:	fde45703          	lhu	a4,-34(s0)
20003cd8:	86be                	mv	a3,a5
20003cda:	fec42603          	lw	a2,-20(s0)
20003cde:	fe842583          	lw	a1,-24(s0)
20003ce2:	fec42503          	lw	a0,-20(s0)
20003ce6:	3be1                	jal	20003abe <_tft_lcd_line>
20003ce8:	fec42703          	lw	a4,-20(s0)
20003cec:	fe442783          	lw	a5,-28(s0)
20003cf0:	00f70533          	add	a0,a4,a5
20003cf4:	fec42703          	lw	a4,-20(s0)
20003cf8:	fe442783          	lw	a5,-28(s0)
20003cfc:	00f70633          	add	a2,a4,a5
20003d00:	fe842703          	lw	a4,-24(s0)
20003d04:	fe042783          	lw	a5,-32(s0)
20003d08:	97ba                	add	a5,a5,a4
20003d0a:	fde45703          	lhu	a4,-34(s0)
20003d0e:	86be                	mv	a3,a5
20003d10:	fe842583          	lw	a1,-24(s0)
20003d14:	336d                	jal	20003abe <_tft_lcd_line>
20003d16:	fe842703          	lw	a4,-24(s0)
20003d1a:	fe042783          	lw	a5,-32(s0)
20003d1e:	00f705b3          	add	a1,a4,a5
20003d22:	fec42703          	lw	a4,-20(s0)
20003d26:	fe442783          	lw	a5,-28(s0)
20003d2a:	00f70633          	add	a2,a4,a5
20003d2e:	fe842703          	lw	a4,-24(s0)
20003d32:	fe042783          	lw	a5,-32(s0)
20003d36:	97ba                	add	a5,a5,a4
20003d38:	fde45703          	lhu	a4,-34(s0)
20003d3c:	86be                	mv	a3,a5
20003d3e:	fec42503          	lw	a0,-20(s0)
20003d42:	3bb5                	jal	20003abe <_tft_lcd_line>
20003d44:	0001                	nop
20003d46:	50b2                	lw	ra,44(sp)
20003d48:	5422                	lw	s0,40(sp)
20003d4a:	6145                	addi	sp,sp,48
20003d4c:	8082                	ret

20003d4e <_tft_lcd_ellipse>:
20003d4e:	715d                	addi	sp,sp,-80
20003d50:	c686                	sw	ra,76(sp)
20003d52:	c4a2                	sw	s0,72(sp)
20003d54:	0880                	addi	s0,sp,80
20003d56:	fca42623          	sw	a0,-52(s0)
20003d5a:	fcb42423          	sw	a1,-56(s0)
20003d5e:	fcc42223          	sw	a2,-60(s0)
20003d62:	fcd42023          	sw	a3,-64(s0)
20003d66:	fae42e23          	sw	a4,-68(s0)
20003d6a:	faf42c23          	sw	a5,-72(s0)
20003d6e:	fe042023          	sw	zero,-32(s0)
20003d72:	fc042783          	lw	a5,-64(s0)
20003d76:	fcf42e23          	sw	a5,-36(s0)
20003d7a:	fc042783          	lw	a5,-64(s0)
20003d7e:	02f78733          	mul	a4,a5,a5
20003d82:	fc442783          	lw	a5,-60(s0)
20003d86:	02f786b3          	mul	a3,a5,a5
20003d8a:	fc042783          	lw	a5,-64(s0)
20003d8e:	02f687b3          	mul	a5,a3,a5
20003d92:	40f707b3          	sub	a5,a4,a5
20003d96:	d007f753          	fcvt.s.w	fa4,a5
20003d9a:	fc442783          	lw	a5,-60(s0)
20003d9e:	d007f6d3          	fcvt.s.w	fa3,a5
20003da2:	200087b7          	lui	a5,0x20008
20003da6:	3ec7a787          	flw	fa5,1004(a5) # 200083ec <letter_glyphs+0xd8>
20003daa:	10f6f6d3          	fmul.s	fa3,fa3,fa5
20003dae:	fc442783          	lw	a5,-60(s0)
20003db2:	d007f7d3          	fcvt.s.w	fa5,a5
20003db6:	10f6f7d3          	fmul.s	fa5,fa3,fa5
20003dba:	00f777d3          	fadd.s	fa5,fa4,fa5
20003dbe:	fef42627          	fsw	fa5,-20(s0)
20003dc2:	fc042783          	lw	a5,-64(s0)
20003dc6:	02f78733          	mul	a4,a5,a5
20003dca:	fe042783          	lw	a5,-32(s0)
20003dce:	02f707b3          	mul	a5,a4,a5
20003dd2:	0786                	slli	a5,a5,0x1
20003dd4:	d007f7d3          	fcvt.s.w	fa5,a5
20003dd8:	fef42427          	fsw	fa5,-24(s0)
20003ddc:	fc442783          	lw	a5,-60(s0)
20003de0:	02f78733          	mul	a4,a5,a5
20003de4:	fdc42783          	lw	a5,-36(s0)
20003de8:	02f707b3          	mul	a5,a4,a5
20003dec:	0786                	slli	a5,a5,0x1
20003dee:	d007f7d3          	fcvt.s.w	fa5,a5
20003df2:	fef42227          	fsw	fa5,-28(s0)
20003df6:	a0cd                	j	20003ed8 <_tft_lcd_ellipse+0x18a>
20003df8:	fb842783          	lw	a5,-72(s0)
20003dfc:	fbc42703          	lw	a4,-68(s0)
20003e00:	fc842683          	lw	a3,-56(s0)
20003e04:	fcc42603          	lw	a2,-52(s0)
20003e08:	fdc42583          	lw	a1,-36(s0)
20003e0c:	fe042503          	lw	a0,-32(s0)
20003e10:	36a1                	jal	20003958 <_draw_quadrants>
20003e12:	fec42787          	flw	fa5,-20(s0)
20003e16:	f0000753          	fmv.w.x	fa4,zero
20003e1a:	a0e797d3          	flt.s	a5,fa5,fa4
20003e1e:	e391                	bnez	a5,20003e22 <_tft_lcd_ellipse+0xd4>
20003e20:	a0a1                	j	20003e68 <_tft_lcd_ellipse+0x11a>
20003e22:	fe042783          	lw	a5,-32(s0)
20003e26:	0785                	addi	a5,a5,1
20003e28:	fef42023          	sw	a5,-32(s0)
20003e2c:	fc042783          	lw	a5,-64(s0)
20003e30:	02f787b3          	mul	a5,a5,a5
20003e34:	0786                	slli	a5,a5,0x1
20003e36:	d007f7d3          	fcvt.s.w	fa5,a5
20003e3a:	fe842707          	flw	fa4,-24(s0)
20003e3e:	00f777d3          	fadd.s	fa5,fa4,fa5
20003e42:	fef42427          	fsw	fa5,-24(s0)
20003e46:	fec42707          	flw	fa4,-20(s0)
20003e4a:	fe842787          	flw	fa5,-24(s0)
20003e4e:	00f77753          	fadd.s	fa4,fa4,fa5
20003e52:	fc042783          	lw	a5,-64(s0)
20003e56:	02f787b3          	mul	a5,a5,a5
20003e5a:	d007f7d3          	fcvt.s.w	fa5,a5
20003e5e:	00f777d3          	fadd.s	fa5,fa4,fa5
20003e62:	fef42627          	fsw	fa5,-20(s0)
20003e66:	a88d                	j	20003ed8 <_tft_lcd_ellipse+0x18a>
20003e68:	fe042783          	lw	a5,-32(s0)
20003e6c:	0785                	addi	a5,a5,1
20003e6e:	fef42023          	sw	a5,-32(s0)
20003e72:	fdc42783          	lw	a5,-36(s0)
20003e76:	17fd                	addi	a5,a5,-1
20003e78:	fcf42e23          	sw	a5,-36(s0)
20003e7c:	fc042783          	lw	a5,-64(s0)
20003e80:	02f787b3          	mul	a5,a5,a5
20003e84:	0786                	slli	a5,a5,0x1
20003e86:	d007f7d3          	fcvt.s.w	fa5,a5
20003e8a:	fe842707          	flw	fa4,-24(s0)
20003e8e:	00f777d3          	fadd.s	fa5,fa4,fa5
20003e92:	fef42427          	fsw	fa5,-24(s0)
20003e96:	fc442783          	lw	a5,-60(s0)
20003e9a:	02f787b3          	mul	a5,a5,a5
20003e9e:	0786                	slli	a5,a5,0x1
20003ea0:	d007f7d3          	fcvt.s.w	fa5,a5
20003ea4:	fe442707          	flw	fa4,-28(s0)
20003ea8:	08f777d3          	fsub.s	fa5,fa4,fa5
20003eac:	fef42227          	fsw	fa5,-28(s0)
20003eb0:	fec42707          	flw	fa4,-20(s0)
20003eb4:	fe842787          	flw	fa5,-24(s0)
20003eb8:	00f77753          	fadd.s	fa4,fa4,fa5
20003ebc:	fe442787          	flw	fa5,-28(s0)
20003ec0:	08f77753          	fsub.s	fa4,fa4,fa5
20003ec4:	fc042783          	lw	a5,-64(s0)
20003ec8:	02f787b3          	mul	a5,a5,a5
20003ecc:	d007f7d3          	fcvt.s.w	fa5,a5
20003ed0:	00f777d3          	fadd.s	fa5,fa4,fa5
20003ed4:	fef42627          	fsw	fa5,-20(s0)
20003ed8:	fe842707          	flw	fa4,-24(s0)
20003edc:	fe442787          	flw	fa5,-28(s0)
20003ee0:	a0f717d3          	flt.s	a5,fa4,fa5
20003ee4:	fb91                	bnez	a5,20003df8 <_tft_lcd_ellipse+0xaa>
20003ee6:	fc042783          	lw	a5,-64(s0)
20003eea:	02f787b3          	mul	a5,a5,a5
20003eee:	d007f753          	fcvt.s.w	fa4,a5
20003ef2:	fe042783          	lw	a5,-32(s0)
20003ef6:	d007f6d3          	fcvt.s.w	fa3,a5
20003efa:	200087b7          	lui	a5,0x20008
20003efe:	3f07a787          	flw	fa5,1008(a5) # 200083f0 <letter_glyphs+0xdc>
20003f02:	00f6f6d3          	fadd.s	fa3,fa3,fa5
20003f06:	fe042783          	lw	a5,-32(s0)
20003f0a:	d007f653          	fcvt.s.w	fa2,a5
20003f0e:	200087b7          	lui	a5,0x20008
20003f12:	3f07a787          	flw	fa5,1008(a5) # 200083f0 <letter_glyphs+0xdc>
20003f16:	00f677d3          	fadd.s	fa5,fa2,fa5
20003f1a:	10f6f7d3          	fmul.s	fa5,fa3,fa5
20003f1e:	10f77753          	fmul.s	fa4,fa4,fa5
20003f22:	fc442783          	lw	a5,-60(s0)
20003f26:	02f78733          	mul	a4,a5,a5
20003f2a:	fdc42783          	lw	a5,-36(s0)
20003f2e:	fff78693          	addi	a3,a5,-1
20003f32:	fdc42783          	lw	a5,-36(s0)
20003f36:	17fd                	addi	a5,a5,-1
20003f38:	02f687b3          	mul	a5,a3,a5
20003f3c:	02f707b3          	mul	a5,a4,a5
20003f40:	d007f7d3          	fcvt.s.w	fa5,a5
20003f44:	00f77753          	fadd.s	fa4,fa4,fa5
20003f48:	fc442783          	lw	a5,-60(s0)
20003f4c:	02f78733          	mul	a4,a5,a5
20003f50:	fc042783          	lw	a5,-64(s0)
20003f54:	02f70733          	mul	a4,a4,a5
20003f58:	fc042783          	lw	a5,-64(s0)
20003f5c:	02f707b3          	mul	a5,a4,a5
20003f60:	d007f7d3          	fcvt.s.w	fa5,a5
20003f64:	08f777d3          	fsub.s	fa5,fa4,fa5
20003f68:	fcf42c27          	fsw	fa5,-40(s0)
20003f6c:	a0cd                	j	2000404e <_tft_lcd_ellipse+0x300>
20003f6e:	fb842783          	lw	a5,-72(s0)
20003f72:	fbc42703          	lw	a4,-68(s0)
20003f76:	fc842683          	lw	a3,-56(s0)
20003f7a:	fcc42603          	lw	a2,-52(s0)
20003f7e:	fdc42583          	lw	a1,-36(s0)
20003f82:	fe042503          	lw	a0,-32(s0)
20003f86:	3ac9                	jal	20003958 <_draw_quadrants>
20003f88:	fd842787          	flw	fa5,-40(s0)
20003f8c:	f0000753          	fmv.w.x	fa4,zero
20003f90:	a0f717d3          	flt.s	a5,fa4,fa5
20003f94:	e391                	bnez	a5,20003f98 <_tft_lcd_ellipse+0x24a>
20003f96:	a0a1                	j	20003fde <_tft_lcd_ellipse+0x290>
20003f98:	fdc42783          	lw	a5,-36(s0)
20003f9c:	17fd                	addi	a5,a5,-1
20003f9e:	fcf42e23          	sw	a5,-36(s0)
20003fa2:	fc442783          	lw	a5,-60(s0)
20003fa6:	02f787b3          	mul	a5,a5,a5
20003faa:	0786                	slli	a5,a5,0x1
20003fac:	d007f7d3          	fcvt.s.w	fa5,a5
20003fb0:	fe442707          	flw	fa4,-28(s0)
20003fb4:	08f777d3          	fsub.s	fa5,fa4,fa5
20003fb8:	fef42227          	fsw	fa5,-28(s0)
20003fbc:	fc442783          	lw	a5,-60(s0)
20003fc0:	02f787b3          	mul	a5,a5,a5
20003fc4:	d007f753          	fcvt.s.w	fa4,a5
20003fc8:	fd842787          	flw	fa5,-40(s0)
20003fcc:	00f77753          	fadd.s	fa4,fa4,fa5
20003fd0:	fe442787          	flw	fa5,-28(s0)
20003fd4:	08f777d3          	fsub.s	fa5,fa4,fa5
20003fd8:	fcf42c27          	fsw	fa5,-40(s0)
20003fdc:	a88d                	j	2000404e <_tft_lcd_ellipse+0x300>
20003fde:	fdc42783          	lw	a5,-36(s0)
20003fe2:	17fd                	addi	a5,a5,-1
20003fe4:	fcf42e23          	sw	a5,-36(s0)
20003fe8:	fe042783          	lw	a5,-32(s0)
20003fec:	0785                	addi	a5,a5,1
20003fee:	fef42023          	sw	a5,-32(s0)
20003ff2:	fc042783          	lw	a5,-64(s0)
20003ff6:	02f787b3          	mul	a5,a5,a5
20003ffa:	0786                	slli	a5,a5,0x1
20003ffc:	d007f7d3          	fcvt.s.w	fa5,a5
20004000:	fe842707          	flw	fa4,-24(s0)
20004004:	00f777d3          	fadd.s	fa5,fa4,fa5
20004008:	fef42427          	fsw	fa5,-24(s0)
2000400c:	fc442783          	lw	a5,-60(s0)
20004010:	02f787b3          	mul	a5,a5,a5
20004014:	0786                	slli	a5,a5,0x1
20004016:	d007f7d3          	fcvt.s.w	fa5,a5
2000401a:	fe442707          	flw	fa4,-28(s0)
2000401e:	08f777d3          	fsub.s	fa5,fa4,fa5
20004022:	fef42227          	fsw	fa5,-28(s0)
20004026:	fd842707          	flw	fa4,-40(s0)
2000402a:	fe842787          	flw	fa5,-24(s0)
2000402e:	00f77753          	fadd.s	fa4,fa4,fa5
20004032:	fe442787          	flw	fa5,-28(s0)
20004036:	08f77753          	fsub.s	fa4,fa4,fa5
2000403a:	fc442783          	lw	a5,-60(s0)
2000403e:	02f787b3          	mul	a5,a5,a5
20004042:	d007f7d3          	fcvt.s.w	fa5,a5
20004046:	00f777d3          	fadd.s	fa5,fa4,fa5
2000404a:	fcf42c27          	fsw	fa5,-40(s0)
2000404e:	fdc42783          	lw	a5,-36(s0)
20004052:	f007dee3          	bgez	a5,20003f6e <_tft_lcd_ellipse+0x220>
20004056:	0001                	nop
20004058:	0001                	nop
2000405a:	40b6                	lw	ra,76(sp)
2000405c:	4426                	lw	s0,72(sp)
2000405e:	6161                	addi	sp,sp,80
20004060:	8082                	ret

20004062 <_tft_lcd_crosshair>:
20004062:	1101                	addi	sp,sp,-32
20004064:	ce06                	sw	ra,28(sp)
20004066:	cc22                	sw	s0,24(sp)
20004068:	1000                	addi	s0,sp,32
2000406a:	fea42623          	sw	a0,-20(s0)
2000406e:	feb42423          	sw	a1,-24(s0)
20004072:	fec42223          	sw	a2,-28(s0)
20004076:	fec42783          	lw	a5,-20(s0)
2000407a:	ff478513          	addi	a0,a5,-12
2000407e:	fec42783          	lw	a5,-20(s0)
20004082:	07b5                	addi	a5,a5,13
20004084:	fe442703          	lw	a4,-28(s0)
20004088:	fe842683          	lw	a3,-24(s0)
2000408c:	863e                	mv	a2,a5
2000408e:	fe842583          	lw	a1,-24(s0)
20004092:	3435                	jal	20003abe <_tft_lcd_line>
20004094:	fe842783          	lw	a5,-24(s0)
20004098:	ff478593          	addi	a1,a5,-12
2000409c:	fe842783          	lw	a5,-24(s0)
200040a0:	07b5                	addi	a5,a5,13
200040a2:	fe442703          	lw	a4,-28(s0)
200040a6:	86be                	mv	a3,a5
200040a8:	fec42603          	lw	a2,-20(s0)
200040ac:	fec42503          	lw	a0,-20(s0)
200040b0:	3439                	jal	20003abe <_tft_lcd_line>
200040b2:	fec42783          	lw	a5,-20(s0)
200040b6:	00178713          	addi	a4,a5,1
200040ba:	fe842783          	lw	a5,-24(s0)
200040be:	0785                	addi	a5,a5,1
200040c0:	fe442603          	lw	a2,-28(s0)
200040c4:	85be                	mv	a1,a5
200040c6:	853a                	mv	a0,a4
200040c8:	324d                	jal	20003a6a <_tft_lcd_pixel>
200040ca:	fec42783          	lw	a5,-20(s0)
200040ce:	fff78713          	addi	a4,a5,-1
200040d2:	fe842783          	lw	a5,-24(s0)
200040d6:	0785                	addi	a5,a5,1
200040d8:	fe442603          	lw	a2,-28(s0)
200040dc:	85be                	mv	a1,a5
200040de:	853a                	mv	a0,a4
200040e0:	3269                	jal	20003a6a <_tft_lcd_pixel>
200040e2:	fec42783          	lw	a5,-20(s0)
200040e6:	00178713          	addi	a4,a5,1
200040ea:	fe842783          	lw	a5,-24(s0)
200040ee:	17fd                	addi	a5,a5,-1
200040f0:	fe442603          	lw	a2,-28(s0)
200040f4:	85be                	mv	a1,a5
200040f6:	853a                	mv	a0,a4
200040f8:	3a8d                	jal	20003a6a <_tft_lcd_pixel>
200040fa:	fec42783          	lw	a5,-20(s0)
200040fe:	fff78713          	addi	a4,a5,-1
20004102:	fe842783          	lw	a5,-24(s0)
20004106:	17fd                	addi	a5,a5,-1
20004108:	fe442603          	lw	a2,-28(s0)
2000410c:	85be                	mv	a1,a5
2000410e:	853a                	mv	a0,a4
20004110:	3aa9                	jal	20003a6a <_tft_lcd_pixel>
20004112:	4781                	li	a5,0
20004114:	fe442703          	lw	a4,-28(s0)
20004118:	4699                	li	a3,6
2000411a:	4619                	li	a2,6
2000411c:	fe842583          	lw	a1,-24(s0)
20004120:	fec42503          	lw	a0,-20(s0)
20004124:	312d                	jal	20003d4e <_tft_lcd_ellipse>
20004126:	0001                	nop
20004128:	40f2                	lw	ra,28(sp)
2000412a:	4462                	lw	s0,24(sp)
2000412c:	6105                	addi	sp,sp,32
2000412e:	8082                	ret

20004130 <_tft_init>:
20004130:	1101                	addi	sp,sp,-32
20004132:	ce06                	sw	ra,28(sp)
20004134:	cc22                	sw	s0,24(sp)
20004136:	1000                	addi	s0,sp,32
20004138:	fea42623          	sw	a0,-20(s0)
2000413c:	fec42783          	lw	a5,-20(s0)
20004140:	8b9d                	andi	a5,a5,7
20004142:	4709                	li	a4,2
20004144:	00f74563          	blt	a4,a5,2000414e <_tft_init+0x1e>
20004148:	00f04963          	bgtz	a5,2000415a <_tft_init+0x2a>
2000414c:	a021                	j	20004154 <_tft_init+0x24>
2000414e:	4711                	li	a4,4
20004150:	00e78563          	beq	a5,a4,2000415a <_tft_init+0x2a>
20004154:	4781                	li	a5,0
20004156:	0750006f          	j	200049ca <_tft_init+0x89a>
2000415a:	0001                	nop
2000415c:	200087b7          	lui	a5,0x20008
20004160:	fec42703          	lw	a4,-20(s0)
20004164:	72e7a423          	sw	a4,1832(a5) # 20008728 <_option>
20004168:	fec42783          	lw	a5,-20(s0)
2000416c:	8bc1                	andi	a5,a5,16
2000416e:	c3e1                	beqz	a5,2000422e <_tft_init+0xfe>
20004170:	400217b7          	lui	a5,0x40021
20004174:	07e1                	addi	a5,a5,24 # 40021018 <__stack_top+0x20017ba4>
20004176:	4398                	lw	a4,0(a5)
20004178:	400217b7          	lui	a5,0x40021
2000417c:	07e1                	addi	a5,a5,24 # 40021018 <__stack_top+0x20017ba4>
2000417e:	01076713          	ori	a4,a4,16
20004182:	c398                	sw	a4,0(a5)
20004184:	400217b7          	lui	a5,0x40021
20004188:	07b1                	addi	a5,a5,12 # 4002100c <__stack_top+0x20017b98>
2000418a:	4398                	lw	a4,0(a5)
2000418c:	400217b7          	lui	a5,0x40021
20004190:	07b1                	addi	a5,a5,12 # 4002100c <__stack_top+0x20017b98>
20004192:	01076713          	ori	a4,a4,16
20004196:	c398                	sw	a4,0(a5)
20004198:	400217b7          	lui	a5,0x40021
2000419c:	07b1                	addi	a5,a5,12 # 4002100c <__stack_top+0x20017b98>
2000419e:	4398                	lw	a4,0(a5)
200041a0:	400217b7          	lui	a5,0x40021
200041a4:	07b1                	addi	a5,a5,12 # 4002100c <__stack_top+0x20017b98>
200041a6:	9b3d                	andi	a4,a4,-17
200041a8:	c398                	sw	a4,0(a5)
200041aa:	400117b7          	lui	a5,0x40011
200041ae:	4394                	lw	a3,0(a5)
200041b0:	400117b7          	lui	a5,0x40011
200041b4:	fff00737          	lui	a4,0xfff00
200041b8:	8f75                	and	a4,a4,a3
200041ba:	c398                	sw	a4,0(a5)
200041bc:	400117b7          	lui	a5,0x40011
200041c0:	4394                	lw	a3,0(a5)
200041c2:	400117b7          	lui	a5,0x40011
200041c6:	00033737          	lui	a4,0x33
200041ca:	34470713          	addi	a4,a4,836 # 33344 <_start-0x1ffcccbc>
200041ce:	8f55                	or	a4,a4,a3
200041d0:	c398                	sw	a4,0(a5)
200041d2:	400117b7          	lui	a5,0x40011
200041d6:	07b1                	addi	a5,a5,12 # 4001100c <__stack_top+0x20007b98>
200041d8:	470d                	li	a4,3
200041da:	00e79023          	sh	a4,0(a5)
200041de:	200087b7          	lui	a5,0x20008
200041e2:	71c78793          	addi	a5,a5,1820 # 2000871c <tp_dev>
200041e6:	00079023          	sh	zero,0(a5)
200041ea:	200087b7          	lui	a5,0x20008
200041ee:	71c78793          	addi	a5,a5,1820 # 2000871c <tp_dev>
200041f2:	00079123          	sh	zero,2(a5)
200041f6:	200087b7          	lui	a5,0x20008
200041fa:	71c78793          	addi	a5,a5,1820 # 2000871c <tp_dev>
200041fe:	00079223          	sh	zero,4(a5)
20004202:	200087b7          	lui	a5,0x20008
20004206:	71c78793          	addi	a5,a5,1820 # 2000871c <tp_dev>
2000420a:	00079323          	sh	zero,6(a5)
2000420e:	200087b7          	lui	a5,0x20008
20004212:	71c78793          	addi	a5,a5,1820 # 2000871c <tp_dev>
20004216:	00078423          	sb	zero,8(a5)
2000421a:	200087b7          	lui	a5,0x20008
2000421e:	72278593          	addi	a1,a5,1826 # 20008722 <tp_dev+0x6>
20004222:	200087b7          	lui	a5,0x20008
20004226:	72078513          	addi	a0,a5,1824 # 20008720 <tp_dev+0x4>
2000422a:	cb9fe0ef          	jal	20002ee2 <_tp_read_xy>
2000422e:	0001                	nop
20004230:	aeafe0ef          	jal	2000251a <_pll_init_144>
20004234:	87aa                	mv	a5,a0
20004236:	ffed                	bnez	a5,20004230 <_tft_init+0x100>
20004238:	400217b7          	lui	a5,0x40021
2000423c:	07f1                	addi	a5,a5,28 # 4002101c <__stack_top+0x20017ba8>
2000423e:	4398                	lw	a4,0(a5)
20004240:	400217b7          	lui	a5,0x40021
20004244:	07f1                	addi	a5,a5,28 # 4002101c <__stack_top+0x20017ba8>
20004246:	02076713          	ori	a4,a4,32
2000424a:	c398                	sw	a4,0(a5)
2000424c:	400217b7          	lui	a5,0x40021
20004250:	07c1                	addi	a5,a5,16 # 40021010 <__stack_top+0x20017b9c>
20004252:	4398                	lw	a4,0(a5)
20004254:	400217b7          	lui	a5,0x40021
20004258:	07c1                	addi	a5,a5,16 # 40021010 <__stack_top+0x20017b9c>
2000425a:	02076713          	ori	a4,a4,32
2000425e:	c398                	sw	a4,0(a5)
20004260:	400217b7          	lui	a5,0x40021
20004264:	07c1                	addi	a5,a5,16 # 40021010 <__stack_top+0x20017b9c>
20004266:	4398                	lw	a4,0(a5)
20004268:	400217b7          	lui	a5,0x40021
2000426c:	07c1                	addi	a5,a5,16 # 40021010 <__stack_top+0x20017b9c>
2000426e:	fdf77713          	andi	a4,a4,-33
20004272:	c398                	sw	a4,0(a5)
20004274:	400017b7          	lui	a5,0x40001
20004278:	40078793          	addi	a5,a5,1024 # 40001400 <__stack_top+0x1fff7f8c>
2000427c:	00079023          	sh	zero,0(a5)
20004280:	e3efe0ef          	jal	200028be <tft_display_init>
20004284:	400117b7          	lui	a5,0x40011
20004288:	c0c78793          	addi	a5,a5,-1012 # 40010c0c <__stack_top+0x20007798>
2000428c:	0007d783          	lhu	a5,0(a5)
20004290:	01079693          	slli	a3,a5,0x10
20004294:	82c1                	srli	a3,a3,0x10
20004296:	400117b7          	lui	a5,0x40011
2000429a:	c0c78793          	addi	a5,a5,-1012 # 40010c0c <__stack_top+0x20007798>
2000429e:	7779                	lui	a4,0xffffe
200042a0:	177d                	addi	a4,a4,-1 # ffffdfff <__stack_top+0xdfff4b8b>
200042a2:	8f75                	and	a4,a4,a3
200042a4:	0742                	slli	a4,a4,0x10
200042a6:	8341                	srli	a4,a4,0x10
200042a8:	00e79023          	sh	a4,0(a5)
200042ac:	400117b7          	lui	a5,0x40011
200042b0:	c0c78793          	addi	a5,a5,-1012 # 40010c0c <__stack_top+0x20007798>
200042b4:	0007d783          	lhu	a5,0(a5)
200042b8:	01079693          	slli	a3,a5,0x10
200042bc:	82c1                	srli	a3,a3,0x10
200042be:	400117b7          	lui	a5,0x40011
200042c2:	c0c78793          	addi	a5,a5,-1012 # 40010c0c <__stack_top+0x20007798>
200042c6:	777d                	lui	a4,0xfffff
200042c8:	177d                	addi	a4,a4,-1 # ffffefff <__stack_top+0xdfff5b8b>
200042ca:	8f75                	and	a4,a4,a3
200042cc:	0742                	slli	a4,a4,0x10
200042ce:	8341                	srli	a4,a4,0x10
200042d0:	00e79023          	sh	a4,0(a5)
200042d4:	0c800513          	li	a0,200
200042d8:	c94fe0ef          	jal	2000276c <_delay_ms>
200042dc:	400117b7          	lui	a5,0x40011
200042e0:	c0c78793          	addi	a5,a5,-1012 # 40010c0c <__stack_top+0x20007798>
200042e4:	0007d783          	lhu	a5,0(a5)
200042e8:	01079693          	slli	a3,a5,0x10
200042ec:	82c1                	srli	a3,a3,0x10
200042ee:	400117b7          	lui	a5,0x40011
200042f2:	c0c78793          	addi	a5,a5,-1012 # 40010c0c <__stack_top+0x20007798>
200042f6:	6705                	lui	a4,0x1
200042f8:	8f55                	or	a4,a4,a3
200042fa:	0742                	slli	a4,a4,0x10
200042fc:	8341                	srli	a4,a4,0x10
200042fe:	00e79023          	sh	a4,0(a5)
20004302:	07800513          	li	a0,120
20004306:	c66fe0ef          	jal	2000276c <_delay_ms>
2000430a:	4505                	li	a0,1
2000430c:	f4dfe0ef          	jal	20003258 <lcd_write_register>
20004310:	fec42783          	lw	a5,-20(s0)
20004314:	8b89                	andi	a5,a5,2
20004316:	24078763          	beqz	a5,20004564 <_tft_init+0x434>
2000431a:	0f000513          	li	a0,240
2000431e:	f3bfe0ef          	jal	20003258 <lcd_write_register>
20004322:	0c300513          	li	a0,195
20004326:	fcffe0ef          	jal	200032f4 <lcd_write_data>
2000432a:	0f000513          	li	a0,240
2000432e:	f2bfe0ef          	jal	20003258 <lcd_write_register>
20004332:	09600513          	li	a0,150
20004336:	fbffe0ef          	jal	200032f4 <lcd_write_data>
2000433a:	03600513          	li	a0,54
2000433e:	f1bfe0ef          	jal	20003258 <lcd_write_register>
20004342:	06800513          	li	a0,104
20004346:	faffe0ef          	jal	200032f4 <lcd_write_data>
2000434a:	03a00513          	li	a0,58
2000434e:	f0bfe0ef          	jal	20003258 <lcd_write_register>
20004352:	4515                	li	a0,5
20004354:	fa1fe0ef          	jal	200032f4 <lcd_write_data>
20004358:	0b000513          	li	a0,176
2000435c:	efdfe0ef          	jal	20003258 <lcd_write_register>
20004360:	08000513          	li	a0,128
20004364:	f91fe0ef          	jal	200032f4 <lcd_write_data>
20004368:	0b600513          	li	a0,182
2000436c:	eedfe0ef          	jal	20003258 <lcd_write_register>
20004370:	4501                	li	a0,0
20004372:	f83fe0ef          	jal	200032f4 <lcd_write_data>
20004376:	4509                	li	a0,2
20004378:	f7dfe0ef          	jal	200032f4 <lcd_write_data>
2000437c:	0b500513          	li	a0,181
20004380:	ed9fe0ef          	jal	20003258 <lcd_write_register>
20004384:	4509                	li	a0,2
20004386:	f6ffe0ef          	jal	200032f4 <lcd_write_data>
2000438a:	450d                	li	a0,3
2000438c:	f69fe0ef          	jal	200032f4 <lcd_write_data>
20004390:	4501                	li	a0,0
20004392:	f63fe0ef          	jal	200032f4 <lcd_write_data>
20004396:	4511                	li	a0,4
20004398:	f5dfe0ef          	jal	200032f4 <lcd_write_data>
2000439c:	0b100513          	li	a0,177
200043a0:	eb9fe0ef          	jal	20003258 <lcd_write_register>
200043a4:	08000513          	li	a0,128
200043a8:	f4dfe0ef          	jal	200032f4 <lcd_write_data>
200043ac:	4541                	li	a0,16
200043ae:	f47fe0ef          	jal	200032f4 <lcd_write_data>
200043b2:	0b400513          	li	a0,180
200043b6:	ea3fe0ef          	jal	20003258 <lcd_write_register>
200043ba:	4501                	li	a0,0
200043bc:	f39fe0ef          	jal	200032f4 <lcd_write_data>
200043c0:	0b700513          	li	a0,183
200043c4:	e95fe0ef          	jal	20003258 <lcd_write_register>
200043c8:	0c600513          	li	a0,198
200043cc:	f29fe0ef          	jal	200032f4 <lcd_write_data>
200043d0:	0c500513          	li	a0,197
200043d4:	e85fe0ef          	jal	20003258 <lcd_write_register>
200043d8:	02400513          	li	a0,36
200043dc:	f19fe0ef          	jal	200032f4 <lcd_write_data>
200043e0:	0e400513          	li	a0,228
200043e4:	e75fe0ef          	jal	20003258 <lcd_write_register>
200043e8:	03100513          	li	a0,49
200043ec:	f09fe0ef          	jal	200032f4 <lcd_write_data>
200043f0:	0e800513          	li	a0,232
200043f4:	e65fe0ef          	jal	20003258 <lcd_write_register>
200043f8:	04000513          	li	a0,64
200043fc:	ef9fe0ef          	jal	200032f4 <lcd_write_data>
20004400:	08a00513          	li	a0,138
20004404:	ef1fe0ef          	jal	200032f4 <lcd_write_data>
20004408:	4501                	li	a0,0
2000440a:	eebfe0ef          	jal	200032f4 <lcd_write_data>
2000440e:	4501                	li	a0,0
20004410:	ee5fe0ef          	jal	200032f4 <lcd_write_data>
20004414:	02900513          	li	a0,41
20004418:	eddfe0ef          	jal	200032f4 <lcd_write_data>
2000441c:	4565                	li	a0,25
2000441e:	ed7fe0ef          	jal	200032f4 <lcd_write_data>
20004422:	0a500513          	li	a0,165
20004426:	ecffe0ef          	jal	200032f4 <lcd_write_data>
2000442a:	03300513          	li	a0,51
2000442e:	ec7fe0ef          	jal	200032f4 <lcd_write_data>
20004432:	0c200513          	li	a0,194
20004436:	e23fe0ef          	jal	20003258 <lcd_write_register>
2000443a:	0a700513          	li	a0,167
2000443e:	e1bfe0ef          	jal	20003258 <lcd_write_register>
20004442:	0e000513          	li	a0,224
20004446:	e13fe0ef          	jal	20003258 <lcd_write_register>
2000444a:	0f000513          	li	a0,240
2000444e:	ea7fe0ef          	jal	200032f4 <lcd_write_data>
20004452:	4525                	li	a0,9
20004454:	ea1fe0ef          	jal	200032f4 <lcd_write_data>
20004458:	454d                	li	a0,19
2000445a:	e9bfe0ef          	jal	200032f4 <lcd_write_data>
2000445e:	4549                	li	a0,18
20004460:	e95fe0ef          	jal	200032f4 <lcd_write_data>
20004464:	4549                	li	a0,18
20004466:	e8ffe0ef          	jal	200032f4 <lcd_write_data>
2000446a:	02b00513          	li	a0,43
2000446e:	e87fe0ef          	jal	200032f4 <lcd_write_data>
20004472:	03c00513          	li	a0,60
20004476:	e7ffe0ef          	jal	200032f4 <lcd_write_data>
2000447a:	04400513          	li	a0,68
2000447e:	e77fe0ef          	jal	200032f4 <lcd_write_data>
20004482:	04b00513          	li	a0,75
20004486:	e6ffe0ef          	jal	200032f4 <lcd_write_data>
2000448a:	456d                	li	a0,27
2000448c:	e69fe0ef          	jal	200032f4 <lcd_write_data>
20004490:	4561                	li	a0,24
20004492:	e63fe0ef          	jal	200032f4 <lcd_write_data>
20004496:	455d                	li	a0,23
20004498:	e5dfe0ef          	jal	200032f4 <lcd_write_data>
2000449c:	4575                	li	a0,29
2000449e:	e57fe0ef          	jal	200032f4 <lcd_write_data>
200044a2:	02100513          	li	a0,33
200044a6:	e4ffe0ef          	jal	200032f4 <lcd_write_data>
200044aa:	0e100513          	li	a0,225
200044ae:	dabfe0ef          	jal	20003258 <lcd_write_register>
200044b2:	0f000513          	li	a0,240
200044b6:	e3ffe0ef          	jal	200032f4 <lcd_write_data>
200044ba:	4525                	li	a0,9
200044bc:	e39fe0ef          	jal	200032f4 <lcd_write_data>
200044c0:	454d                	li	a0,19
200044c2:	e33fe0ef          	jal	200032f4 <lcd_write_data>
200044c6:	4531                	li	a0,12
200044c8:	e2dfe0ef          	jal	200032f4 <lcd_write_data>
200044cc:	4535                	li	a0,13
200044ce:	e27fe0ef          	jal	200032f4 <lcd_write_data>
200044d2:	02700513          	li	a0,39
200044d6:	e1ffe0ef          	jal	200032f4 <lcd_write_data>
200044da:	03b00513          	li	a0,59
200044de:	e17fe0ef          	jal	200032f4 <lcd_write_data>
200044e2:	04400513          	li	a0,68
200044e6:	e0ffe0ef          	jal	200032f4 <lcd_write_data>
200044ea:	04d00513          	li	a0,77
200044ee:	e07fe0ef          	jal	200032f4 <lcd_write_data>
200044f2:	452d                	li	a0,11
200044f4:	e01fe0ef          	jal	200032f4 <lcd_write_data>
200044f8:	455d                	li	a0,23
200044fa:	dfbfe0ef          	jal	200032f4 <lcd_write_data>
200044fe:	455d                	li	a0,23
20004500:	df5fe0ef          	jal	200032f4 <lcd_write_data>
20004504:	4575                	li	a0,29
20004506:	deffe0ef          	jal	200032f4 <lcd_write_data>
2000450a:	02100513          	li	a0,33
2000450e:	de7fe0ef          	jal	200032f4 <lcd_write_data>
20004512:	03600513          	li	a0,54
20004516:	d43fe0ef          	jal	20003258 <lcd_write_register>
2000451a:	0ec00513          	li	a0,236
2000451e:	dd7fe0ef          	jal	200032f4 <lcd_write_data>
20004522:	0f000513          	li	a0,240
20004526:	d33fe0ef          	jal	20003258 <lcd_write_register>
2000452a:	0c300513          	li	a0,195
2000452e:	dc7fe0ef          	jal	200032f4 <lcd_write_data>
20004532:	0f000513          	li	a0,240
20004536:	d23fe0ef          	jal	20003258 <lcd_write_register>
2000453a:	06900513          	li	a0,105
2000453e:	db7fe0ef          	jal	200032f4 <lcd_write_data>
20004542:	454d                	li	a0,19
20004544:	d15fe0ef          	jal	20003258 <lcd_write_register>
20004548:	454d                	li	a0,19
2000454a:	d0ffe0ef          	jal	20003258 <lcd_write_register>
2000454e:	4545                	li	a0,17
20004550:	d09fe0ef          	jal	20003258 <lcd_write_register>
20004554:	02900513          	li	a0,41
20004558:	d01fe0ef          	jal	20003258 <lcd_write_register>
2000455c:	4505                	li	a0,1
2000455e:	982ff0ef          	jal	200036e0 <_tft_lcd_direction>
20004562:	a111                	j	20004966 <_tft_init+0x836>
20004564:	fec42783          	lw	a5,-20(s0)
20004568:	8b85                	andi	a5,a5,1
2000456a:	1e078763          	beqz	a5,20004758 <_tft_init+0x628>
2000456e:	0f700513          	li	a0,247
20004572:	ce7fe0ef          	jal	20003258 <lcd_write_register>
20004576:	0a900513          	li	a0,169
2000457a:	d7bfe0ef          	jal	200032f4 <lcd_write_data>
2000457e:	05100513          	li	a0,81
20004582:	d73fe0ef          	jal	200032f4 <lcd_write_data>
20004586:	02c00513          	li	a0,44
2000458a:	d6bfe0ef          	jal	200032f4 <lcd_write_data>
2000458e:	08200513          	li	a0,130
20004592:	d63fe0ef          	jal	200032f4 <lcd_write_data>
20004596:	0c000513          	li	a0,192
2000459a:	cbffe0ef          	jal	20003258 <lcd_write_register>
2000459e:	4545                	li	a0,17
200045a0:	d55fe0ef          	jal	200032f4 <lcd_write_data>
200045a4:	4525                	li	a0,9
200045a6:	d4ffe0ef          	jal	200032f4 <lcd_write_data>
200045aa:	0c100513          	li	a0,193
200045ae:	cabfe0ef          	jal	20003258 <lcd_write_register>
200045b2:	04400513          	li	a0,68
200045b6:	d3ffe0ef          	jal	200032f4 <lcd_write_data>
200045ba:	0c500513          	li	a0,197
200045be:	c9bfe0ef          	jal	20003258 <lcd_write_register>
200045c2:	4501                	li	a0,0
200045c4:	d31fe0ef          	jal	200032f4 <lcd_write_data>
200045c8:	4529                	li	a0,10
200045ca:	d2bfe0ef          	jal	200032f4 <lcd_write_data>
200045ce:	08000513          	li	a0,128
200045d2:	d23fe0ef          	jal	200032f4 <lcd_write_data>
200045d6:	0b100513          	li	a0,177
200045da:	c7ffe0ef          	jal	20003258 <lcd_write_register>
200045de:	0b000513          	li	a0,176
200045e2:	d13fe0ef          	jal	200032f4 <lcd_write_data>
200045e6:	4545                	li	a0,17
200045e8:	d0dfe0ef          	jal	200032f4 <lcd_write_data>
200045ec:	0b400513          	li	a0,180
200045f0:	c69fe0ef          	jal	20003258 <lcd_write_register>
200045f4:	4509                	li	a0,2
200045f6:	cfffe0ef          	jal	200032f4 <lcd_write_data>
200045fa:	0b600513          	li	a0,182
200045fe:	c5bfe0ef          	jal	20003258 <lcd_write_register>
20004602:	4509                	li	a0,2
20004604:	cf1fe0ef          	jal	200032f4 <lcd_write_data>
20004608:	4509                	li	a0,2
2000460a:	cebfe0ef          	jal	200032f4 <lcd_write_data>
2000460e:	03b00513          	li	a0,59
20004612:	ce3fe0ef          	jal	200032f4 <lcd_write_data>
20004616:	0b700513          	li	a0,183
2000461a:	c3ffe0ef          	jal	20003258 <lcd_write_register>
2000461e:	0c600513          	li	a0,198
20004622:	cd3fe0ef          	jal	200032f4 <lcd_write_data>
20004626:	0be00513          	li	a0,190
2000462a:	c2ffe0ef          	jal	20003258 <lcd_write_register>
2000462e:	4501                	li	a0,0
20004630:	cc5fe0ef          	jal	200032f4 <lcd_write_data>
20004634:	4511                	li	a0,4
20004636:	cbffe0ef          	jal	200032f4 <lcd_write_data>
2000463a:	0e900513          	li	a0,233
2000463e:	c1bfe0ef          	jal	20003258 <lcd_write_register>
20004642:	4501                	li	a0,0
20004644:	cb1fe0ef          	jal	200032f4 <lcd_write_data>
20004648:	03600513          	li	a0,54
2000464c:	c0dfe0ef          	jal	20003258 <lcd_write_register>
20004650:	04800513          	li	a0,72
20004654:	ca1fe0ef          	jal	200032f4 <lcd_write_data>
20004658:	03a00513          	li	a0,58
2000465c:	bfdfe0ef          	jal	20003258 <lcd_write_register>
20004660:	4519                	li	a0,6
20004662:	c93fe0ef          	jal	200032f4 <lcd_write_data>
20004666:	0e000513          	li	a0,224
2000466a:	beffe0ef          	jal	20003258 <lcd_write_register>
2000466e:	4501                	li	a0,0
20004670:	c85fe0ef          	jal	200032f4 <lcd_write_data>
20004674:	451d                	li	a0,7
20004676:	c7ffe0ef          	jal	200032f4 <lcd_write_data>
2000467a:	4541                	li	a0,16
2000467c:	c79fe0ef          	jal	200032f4 <lcd_write_data>
20004680:	4525                	li	a0,9
20004682:	c73fe0ef          	jal	200032f4 <lcd_write_data>
20004686:	455d                	li	a0,23
20004688:	c6dfe0ef          	jal	200032f4 <lcd_write_data>
2000468c:	452d                	li	a0,11
2000468e:	c67fe0ef          	jal	200032f4 <lcd_write_data>
20004692:	04100513          	li	a0,65
20004696:	c5ffe0ef          	jal	200032f4 <lcd_write_data>
2000469a:	08900513          	li	a0,137
2000469e:	c57fe0ef          	jal	200032f4 <lcd_write_data>
200046a2:	04b00513          	li	a0,75
200046a6:	c4ffe0ef          	jal	200032f4 <lcd_write_data>
200046aa:	4529                	li	a0,10
200046ac:	c49fe0ef          	jal	200032f4 <lcd_write_data>
200046b0:	4531                	li	a0,12
200046b2:	c43fe0ef          	jal	200032f4 <lcd_write_data>
200046b6:	4539                	li	a0,14
200046b8:	c3dfe0ef          	jal	200032f4 <lcd_write_data>
200046bc:	4561                	li	a0,24
200046be:	c37fe0ef          	jal	200032f4 <lcd_write_data>
200046c2:	456d                	li	a0,27
200046c4:	c31fe0ef          	jal	200032f4 <lcd_write_data>
200046c8:	453d                	li	a0,15
200046ca:	c2bfe0ef          	jal	200032f4 <lcd_write_data>
200046ce:	0e100513          	li	a0,225
200046d2:	b87fe0ef          	jal	20003258 <lcd_write_register>
200046d6:	4501                	li	a0,0
200046d8:	c1dfe0ef          	jal	200032f4 <lcd_write_data>
200046dc:	455d                	li	a0,23
200046de:	c17fe0ef          	jal	200032f4 <lcd_write_data>
200046e2:	4569                	li	a0,26
200046e4:	c11fe0ef          	jal	200032f4 <lcd_write_data>
200046e8:	4511                	li	a0,4
200046ea:	c0bfe0ef          	jal	200032f4 <lcd_write_data>
200046ee:	4539                	li	a0,14
200046f0:	c05fe0ef          	jal	200032f4 <lcd_write_data>
200046f4:	4519                	li	a0,6
200046f6:	bfffe0ef          	jal	200032f4 <lcd_write_data>
200046fa:	02f00513          	li	a0,47
200046fe:	bf7fe0ef          	jal	200032f4 <lcd_write_data>
20004702:	04500513          	li	a0,69
20004706:	beffe0ef          	jal	200032f4 <lcd_write_data>
2000470a:	04300513          	li	a0,67
2000470e:	be7fe0ef          	jal	200032f4 <lcd_write_data>
20004712:	4509                	li	a0,2
20004714:	be1fe0ef          	jal	200032f4 <lcd_write_data>
20004718:	4529                	li	a0,10
2000471a:	bdbfe0ef          	jal	200032f4 <lcd_write_data>
2000471e:	4525                	li	a0,9
20004720:	bd5fe0ef          	jal	200032f4 <lcd_write_data>
20004724:	03200513          	li	a0,50
20004728:	bcdfe0ef          	jal	200032f4 <lcd_write_data>
2000472c:	03600513          	li	a0,54
20004730:	bc5fe0ef          	jal	200032f4 <lcd_write_data>
20004734:	453d                	li	a0,15
20004736:	bbffe0ef          	jal	200032f4 <lcd_write_data>
2000473a:	4545                	li	a0,17
2000473c:	b1dfe0ef          	jal	20003258 <lcd_write_register>
20004740:	0c800513          	li	a0,200
20004744:	828fe0ef          	jal	2000276c <_delay_ms>
20004748:	02900513          	li	a0,41
2000474c:	b0dfe0ef          	jal	20003258 <lcd_write_register>
20004750:	4505                	li	a0,1
20004752:	f8ffe0ef          	jal	200036e0 <_tft_lcd_direction>
20004756:	ac01                	j	20004966 <_tft_init+0x836>
20004758:	fec42783          	lw	a5,-20(s0)
2000475c:	8b91                	andi	a5,a5,4
2000475e:	20078463          	beqz	a5,20004966 <_tft_init+0x836>
20004762:	0f100513          	li	a0,241
20004766:	af3fe0ef          	jal	20003258 <lcd_write_register>
2000476a:	03600513          	li	a0,54
2000476e:	b87fe0ef          	jal	200032f4 <lcd_write_data>
20004772:	4511                	li	a0,4
20004774:	b81fe0ef          	jal	200032f4 <lcd_write_data>
20004778:	4501                	li	a0,0
2000477a:	b7bfe0ef          	jal	200032f4 <lcd_write_data>
2000477e:	03c00513          	li	a0,60
20004782:	b73fe0ef          	jal	200032f4 <lcd_write_data>
20004786:	453d                	li	a0,15
20004788:	b6dfe0ef          	jal	200032f4 <lcd_write_data>
2000478c:	08f00513          	li	a0,143
20004790:	b65fe0ef          	jal	200032f4 <lcd_write_data>
20004794:	0f200513          	li	a0,242
20004798:	ac1fe0ef          	jal	20003258 <lcd_write_register>
2000479c:	4561                	li	a0,24
2000479e:	b57fe0ef          	jal	200032f4 <lcd_write_data>
200047a2:	0a300513          	li	a0,163
200047a6:	b4ffe0ef          	jal	200032f4 <lcd_write_data>
200047aa:	4549                	li	a0,18
200047ac:	b49fe0ef          	jal	200032f4 <lcd_write_data>
200047b0:	4509                	li	a0,2
200047b2:	b43fe0ef          	jal	200032f4 <lcd_write_data>
200047b6:	0b200513          	li	a0,178
200047ba:	b3bfe0ef          	jal	200032f4 <lcd_write_data>
200047be:	4549                	li	a0,18
200047c0:	b35fe0ef          	jal	200032f4 <lcd_write_data>
200047c4:	0ff00513          	li	a0,255
200047c8:	b2dfe0ef          	jal	200032f4 <lcd_write_data>
200047cc:	4541                	li	a0,16
200047ce:	b27fe0ef          	jal	200032f4 <lcd_write_data>
200047d2:	4501                	li	a0,0
200047d4:	b21fe0ef          	jal	200032f4 <lcd_write_data>
200047d8:	0f800513          	li	a0,248
200047dc:	a7dfe0ef          	jal	20003258 <lcd_write_register>
200047e0:	02100513          	li	a0,33
200047e4:	b11fe0ef          	jal	200032f4 <lcd_write_data>
200047e8:	4511                	li	a0,4
200047ea:	b0bfe0ef          	jal	200032f4 <lcd_write_data>
200047ee:	0f900513          	li	a0,249
200047f2:	a67fe0ef          	jal	20003258 <lcd_write_register>
200047f6:	4501                	li	a0,0
200047f8:	afdfe0ef          	jal	200032f4 <lcd_write_data>
200047fc:	4521                	li	a0,8
200047fe:	af7fe0ef          	jal	200032f4 <lcd_write_data>
20004802:	03600513          	li	a0,54
20004806:	a53fe0ef          	jal	20003258 <lcd_write_register>
2000480a:	4521                	li	a0,8
2000480c:	ae9fe0ef          	jal	200032f4 <lcd_write_data>
20004810:	0b400513          	li	a0,180
20004814:	a45fe0ef          	jal	20003258 <lcd_write_register>
20004818:	4501                	li	a0,0
2000481a:	adbfe0ef          	jal	200032f4 <lcd_write_data>
2000481e:	0c100513          	li	a0,193
20004822:	a37fe0ef          	jal	20003258 <lcd_write_register>
20004826:	04700513          	li	a0,71
2000482a:	acbfe0ef          	jal	200032f4 <lcd_write_data>
2000482e:	0c500513          	li	a0,197
20004832:	a27fe0ef          	jal	20003258 <lcd_write_register>
20004836:	4501                	li	a0,0
20004838:	abdfe0ef          	jal	200032f4 <lcd_write_data>
2000483c:	0af00513          	li	a0,175
20004840:	ab5fe0ef          	jal	200032f4 <lcd_write_data>
20004844:	08000513          	li	a0,128
20004848:	aadfe0ef          	jal	200032f4 <lcd_write_data>
2000484c:	4501                	li	a0,0
2000484e:	aa7fe0ef          	jal	200032f4 <lcd_write_data>
20004852:	0e000513          	li	a0,224
20004856:	a03fe0ef          	jal	20003258 <lcd_write_register>
2000485a:	453d                	li	a0,15
2000485c:	a99fe0ef          	jal	200032f4 <lcd_write_data>
20004860:	457d                	li	a0,31
20004862:	a93fe0ef          	jal	200032f4 <lcd_write_data>
20004866:	4571                	li	a0,28
20004868:	a8dfe0ef          	jal	200032f4 <lcd_write_data>
2000486c:	4531                	li	a0,12
2000486e:	a87fe0ef          	jal	200032f4 <lcd_write_data>
20004872:	453d                	li	a0,15
20004874:	a81fe0ef          	jal	200032f4 <lcd_write_data>
20004878:	4521                	li	a0,8
2000487a:	a7bfe0ef          	jal	200032f4 <lcd_write_data>
2000487e:	04800513          	li	a0,72
20004882:	a73fe0ef          	jal	200032f4 <lcd_write_data>
20004886:	09800513          	li	a0,152
2000488a:	a6bfe0ef          	jal	200032f4 <lcd_write_data>
2000488e:	03700513          	li	a0,55
20004892:	a63fe0ef          	jal	200032f4 <lcd_write_data>
20004896:	4529                	li	a0,10
20004898:	a5dfe0ef          	jal	200032f4 <lcd_write_data>
2000489c:	454d                	li	a0,19
2000489e:	a57fe0ef          	jal	200032f4 <lcd_write_data>
200048a2:	4511                	li	a0,4
200048a4:	a51fe0ef          	jal	200032f4 <lcd_write_data>
200048a8:	4545                	li	a0,17
200048aa:	a4bfe0ef          	jal	200032f4 <lcd_write_data>
200048ae:	4535                	li	a0,13
200048b0:	a45fe0ef          	jal	200032f4 <lcd_write_data>
200048b4:	4501                	li	a0,0
200048b6:	a3ffe0ef          	jal	200032f4 <lcd_write_data>
200048ba:	0e100513          	li	a0,225
200048be:	99bfe0ef          	jal	20003258 <lcd_write_register>
200048c2:	453d                	li	a0,15
200048c4:	a31fe0ef          	jal	200032f4 <lcd_write_data>
200048c8:	03200513          	li	a0,50
200048cc:	a29fe0ef          	jal	200032f4 <lcd_write_data>
200048d0:	02e00513          	li	a0,46
200048d4:	a21fe0ef          	jal	200032f4 <lcd_write_data>
200048d8:	452d                	li	a0,11
200048da:	a1bfe0ef          	jal	200032f4 <lcd_write_data>
200048de:	4535                	li	a0,13
200048e0:	a15fe0ef          	jal	200032f4 <lcd_write_data>
200048e4:	4515                	li	a0,5
200048e6:	a0ffe0ef          	jal	200032f4 <lcd_write_data>
200048ea:	04700513          	li	a0,71
200048ee:	a07fe0ef          	jal	200032f4 <lcd_write_data>
200048f2:	07500513          	li	a0,117
200048f6:	9fffe0ef          	jal	200032f4 <lcd_write_data>
200048fa:	03700513          	li	a0,55
200048fe:	9f7fe0ef          	jal	200032f4 <lcd_write_data>
20004902:	4519                	li	a0,6
20004904:	9f1fe0ef          	jal	200032f4 <lcd_write_data>
20004908:	4541                	li	a0,16
2000490a:	9ebfe0ef          	jal	200032f4 <lcd_write_data>
2000490e:	450d                	li	a0,3
20004910:	9e5fe0ef          	jal	200032f4 <lcd_write_data>
20004914:	02400513          	li	a0,36
20004918:	9ddfe0ef          	jal	200032f4 <lcd_write_data>
2000491c:	02000513          	li	a0,32
20004920:	9d5fe0ef          	jal	200032f4 <lcd_write_data>
20004924:	4501                	li	a0,0
20004926:	9cffe0ef          	jal	200032f4 <lcd_write_data>
2000492a:	03a00513          	li	a0,58
2000492e:	92bfe0ef          	jal	20003258 <lcd_write_register>
20004932:	06600513          	li	a0,102
20004936:	9bffe0ef          	jal	200032f4 <lcd_write_data>
2000493a:	4545                	li	a0,17
2000493c:	91dfe0ef          	jal	20003258 <lcd_write_register>
20004940:	03600513          	li	a0,54
20004944:	915fe0ef          	jal	20003258 <lcd_write_register>
20004948:	02800513          	li	a0,40
2000494c:	9a9fe0ef          	jal	200032f4 <lcd_write_data>
20004950:	07800513          	li	a0,120
20004954:	e19fd0ef          	jal	2000276c <_delay_ms>
20004958:	02900513          	li	a0,41
2000495c:	8fdfe0ef          	jal	20003258 <lcd_write_register>
20004960:	450d                	li	a0,3
20004962:	d7ffe0ef          	jal	200036e0 <_tft_lcd_direction>
20004966:	200087b7          	lui	a5,0x20008
2000496a:	70c78793          	addi	a5,a5,1804 # 2000870c <lcddev>
2000496e:	0007d783          	lhu	a5,0(a5)
20004972:	17fd                	addi	a5,a5,-1
20004974:	01079713          	slli	a4,a5,0x10
20004978:	8341                	srli	a4,a4,0x10
2000497a:	200087b7          	lui	a5,0x20008
2000497e:	70c78793          	addi	a5,a5,1804 # 2000870c <lcddev>
20004982:	0027d783          	lhu	a5,2(a5)
20004986:	17fd                	addi	a5,a5,-1
20004988:	07c2                	slli	a5,a5,0x10
2000498a:	83c1                	srli	a5,a5,0x10
2000498c:	86be                	mv	a3,a5
2000498e:	863a                	mv	a2,a4
20004990:	4581                	li	a1,0
20004992:	4501                	li	a0,0
20004994:	b1ffe0ef          	jal	200034b2 <_tft_lcd_setwindow>
20004998:	67c1                	lui	a5,0x10
2000499a:	fe078513          	addi	a0,a5,-32 # ffe0 <_start-0x1fff0020>
2000499e:	bfdfe0ef          	jal	2000359a <tft_fill_colour>
200049a2:	400117b7          	lui	a5,0x40011
200049a6:	c0c78793          	addi	a5,a5,-1012 # 40010c0c <__stack_top+0x20007798>
200049aa:	0007d783          	lhu	a5,0(a5)
200049ae:	01079693          	slli	a3,a5,0x10
200049b2:	82c1                	srli	a3,a3,0x10
200049b4:	400117b7          	lui	a5,0x40011
200049b8:	c0c78793          	addi	a5,a5,-1012 # 40010c0c <__stack_top+0x20007798>
200049bc:	6709                	lui	a4,0x2
200049be:	8f55                	or	a4,a4,a3
200049c0:	0742                	slli	a4,a4,0x10
200049c2:	8341                	srli	a4,a4,0x10
200049c4:	00e79023          	sh	a4,0(a5)
200049c8:	4785                	li	a5,1
200049ca:	853e                	mv	a0,a5
200049cc:	40f2                	lw	ra,28(sp)
200049ce:	4462                	lw	s0,24(sp)
200049d0:	6105                	addi	sp,sp,32
200049d2:	8082                	ret

200049d4 <__udivdi3>:
200049d4:	00060713          	mv	a4,a2
200049d8:	00068893          	mv	a7,a3
200049dc:	00050813          	mv	a6,a0
200049e0:	00058313          	mv	t1,a1
200049e4:	24069463          	bnez	a3,20004c2c <__udivdi3+0x258>
200049e8:	200087b7          	lui	a5,0x20008
200049ec:	3f478793          	addi	a5,a5,1012 # 200083f4 <__clz_tab>
200049f0:	0ec5f463          	bgeu	a1,a2,20004ad8 <__udivdi3+0x104>
200049f4:	000106b7          	lui	a3,0x10
200049f8:	0cd67063          	bgeu	a2,a3,20004ab8 <__udivdi3+0xe4>
200049fc:	10063693          	sltiu	a3,a2,256
20004a00:	0016b693          	seqz	a3,a3
20004a04:	00369693          	slli	a3,a3,0x3
20004a08:	00d65e33          	srl	t3,a2,a3
20004a0c:	01c787b3          	add	a5,a5,t3
20004a10:	0007c783          	lbu	a5,0(a5)
20004a14:	00d787b3          	add	a5,a5,a3
20004a18:	02000693          	li	a3,32
20004a1c:	00d78e63          	beq	a5,a3,20004a38 <__udivdi3+0x64>
20004a20:	40f686b3          	sub	a3,a3,a5
20004a24:	00d59333          	sll	t1,a1,a3
20004a28:	00f557b3          	srl	a5,a0,a5
20004a2c:	00d61733          	sll	a4,a2,a3
20004a30:	0067e333          	or	t1,a5,t1
20004a34:	00d51833          	sll	a6,a0,a3
20004a38:	01075513          	srli	a0,a4,0x10
20004a3c:	02a357b3          	divu	a5,t1,a0
20004a40:	01071593          	slli	a1,a4,0x10
20004a44:	0105d593          	srli	a1,a1,0x10
20004a48:	01085693          	srli	a3,a6,0x10
20004a4c:	02a37333          	remu	t1,t1,a0
20004a50:	02f58633          	mul	a2,a1,a5
20004a54:	01031313          	slli	t1,t1,0x10
20004a58:	0066e6b3          	or	a3,a3,t1
20004a5c:	00c6fa63          	bgeu	a3,a2,20004a70 <__udivdi3+0x9c>
20004a60:	00d706b3          	add	a3,a4,a3
20004a64:	00c6f463          	bgeu	a3,a2,20004a6c <__udivdi3+0x98>
20004a68:	06e6f263          	bgeu	a3,a4,20004acc <__udivdi3+0xf8>
20004a6c:	fff78793          	addi	a5,a5,-1
20004a70:	40c686b3          	sub	a3,a3,a2
20004a74:	02a6d633          	divu	a2,a3,a0
20004a78:	01081813          	slli	a6,a6,0x10
20004a7c:	01085813          	srli	a6,a6,0x10
20004a80:	02a6f6b3          	remu	a3,a3,a0
20004a84:	02c585b3          	mul	a1,a1,a2
20004a88:	01069693          	slli	a3,a3,0x10
20004a8c:	00d86833          	or	a6,a6,a3
20004a90:	00b87a63          	bgeu	a6,a1,20004aa4 <__udivdi3+0xd0>
20004a94:	01070833          	add	a6,a4,a6
20004a98:	00b87463          	bgeu	a6,a1,20004aa0 <__udivdi3+0xcc>
20004a9c:	18e87463          	bgeu	a6,a4,20004c24 <__udivdi3+0x250>
20004aa0:	fff60613          	addi	a2,a2,-1
20004aa4:	01079793          	slli	a5,a5,0x10
20004aa8:	00c7e7b3          	or	a5,a5,a2
20004aac:	00078513          	mv	a0,a5
20004ab0:	00088593          	mv	a1,a7
20004ab4:	00008067          	ret
20004ab8:	01000e37          	lui	t3,0x1000
20004abc:	01800693          	li	a3,24
20004ac0:	f5c674e3          	bgeu	a2,t3,20004a08 <__udivdi3+0x34>
20004ac4:	01000693          	li	a3,16
20004ac8:	f41ff06f          	j	20004a08 <__udivdi3+0x34>
20004acc:	ffe78793          	addi	a5,a5,-2
20004ad0:	00e686b3          	add	a3,a3,a4
20004ad4:	f9dff06f          	j	20004a70 <__udivdi3+0x9c>
20004ad8:	00000693          	li	a3,0
20004adc:	00060c63          	beqz	a2,20004af4 <__udivdi3+0x120>
20004ae0:	000106b7          	lui	a3,0x10
20004ae4:	06d67863          	bgeu	a2,a3,20004b54 <__udivdi3+0x180>
20004ae8:	10063693          	sltiu	a3,a2,256
20004aec:	0016b693          	seqz	a3,a3
20004af0:	00369693          	slli	a3,a3,0x3
20004af4:	00d658b3          	srl	a7,a2,a3
20004af8:	011787b3          	add	a5,a5,a7
20004afc:	0007c783          	lbu	a5,0(a5)
20004b00:	00d787b3          	add	a5,a5,a3
20004b04:	02000693          	li	a3,32
20004b08:	06d79063          	bne	a5,a3,20004b68 <__udivdi3+0x194>
20004b0c:	40c58633          	sub	a2,a1,a2
20004b10:	00100893          	li	a7,1
20004b14:	01075513          	srli	a0,a4,0x10
20004b18:	02a657b3          	divu	a5,a2,a0
20004b1c:	01071593          	slli	a1,a4,0x10
20004b20:	0105d593          	srli	a1,a1,0x10
20004b24:	01085693          	srli	a3,a6,0x10
20004b28:	02a67633          	remu	a2,a2,a0
20004b2c:	02f58333          	mul	t1,a1,a5
20004b30:	01061613          	slli	a2,a2,0x10
20004b34:	00c6e6b3          	or	a3,a3,a2
20004b38:	0066fa63          	bgeu	a3,t1,20004b4c <__udivdi3+0x178>
20004b3c:	00d706b3          	add	a3,a4,a3
20004b40:	0066f463          	bgeu	a3,t1,20004b48 <__udivdi3+0x174>
20004b44:	0ce6fa63          	bgeu	a3,a4,20004c18 <__udivdi3+0x244>
20004b48:	fff78793          	addi	a5,a5,-1
20004b4c:	406686b3          	sub	a3,a3,t1
20004b50:	f25ff06f          	j	20004a74 <__udivdi3+0xa0>
20004b54:	010008b7          	lui	a7,0x1000
20004b58:	01800693          	li	a3,24
20004b5c:	f9167ce3          	bgeu	a2,a7,20004af4 <__udivdi3+0x120>
20004b60:	01000693          	li	a3,16
20004b64:	f91ff06f          	j	20004af4 <__udivdi3+0x120>
20004b68:	40f68833          	sub	a6,a3,a5
20004b6c:	01061733          	sll	a4,a2,a6
20004b70:	00f5d6b3          	srl	a3,a1,a5
20004b74:	010595b3          	sll	a1,a1,a6
20004b78:	00f557b3          	srl	a5,a0,a5
20004b7c:	01051833          	sll	a6,a0,a6
20004b80:	01075513          	srli	a0,a4,0x10
20004b84:	02a6d8b3          	divu	a7,a3,a0
20004b88:	01071613          	slli	a2,a4,0x10
20004b8c:	01065613          	srli	a2,a2,0x10
20004b90:	00b7e7b3          	or	a5,a5,a1
20004b94:	02a6f6b3          	remu	a3,a3,a0
20004b98:	03160333          	mul	t1,a2,a7
20004b9c:	01069593          	slli	a1,a3,0x10
20004ba0:	0107d693          	srli	a3,a5,0x10
20004ba4:	00b6e6b3          	or	a3,a3,a1
20004ba8:	0066fa63          	bgeu	a3,t1,20004bbc <__udivdi3+0x1e8>
20004bac:	00d706b3          	add	a3,a4,a3
20004bb0:	0066f463          	bgeu	a3,t1,20004bb8 <__udivdi3+0x1e4>
20004bb4:	04e6f663          	bgeu	a3,a4,20004c00 <__udivdi3+0x22c>
20004bb8:	fff88893          	addi	a7,a7,-1 # ffffff <_start-0x1f000001>
20004bbc:	406686b3          	sub	a3,a3,t1
20004bc0:	02a6d5b3          	divu	a1,a3,a0
20004bc4:	01079793          	slli	a5,a5,0x10
20004bc8:	0107d793          	srli	a5,a5,0x10
20004bcc:	02a6f6b3          	remu	a3,a3,a0
20004bd0:	02b60633          	mul	a2,a2,a1
20004bd4:	01069693          	slli	a3,a3,0x10
20004bd8:	00d7e7b3          	or	a5,a5,a3
20004bdc:	00c7fa63          	bgeu	a5,a2,20004bf0 <__udivdi3+0x21c>
20004be0:	00f707b3          	add	a5,a4,a5
20004be4:	00c7f463          	bgeu	a5,a2,20004bec <__udivdi3+0x218>
20004be8:	02e7f263          	bgeu	a5,a4,20004c0c <__udivdi3+0x238>
20004bec:	fff58593          	addi	a1,a1,-1
20004bf0:	01089893          	slli	a7,a7,0x10
20004bf4:	40c78633          	sub	a2,a5,a2
20004bf8:	00b8e8b3          	or	a7,a7,a1
20004bfc:	f19ff06f          	j	20004b14 <__udivdi3+0x140>
20004c00:	ffe88893          	addi	a7,a7,-2
20004c04:	00e686b3          	add	a3,a3,a4
20004c08:	fb5ff06f          	j	20004bbc <__udivdi3+0x1e8>
20004c0c:	ffe58593          	addi	a1,a1,-2
20004c10:	00e787b3          	add	a5,a5,a4
20004c14:	fddff06f          	j	20004bf0 <__udivdi3+0x21c>
20004c18:	ffe78793          	addi	a5,a5,-2
20004c1c:	00e686b3          	add	a3,a3,a4
20004c20:	f2dff06f          	j	20004b4c <__udivdi3+0x178>
20004c24:	ffe60613          	addi	a2,a2,-2
20004c28:	e7dff06f          	j	20004aa4 <__udivdi3+0xd0>
20004c2c:	18d5e463          	bltu	a1,a3,20004db4 <__udivdi3+0x3e0>
20004c30:	000107b7          	lui	a5,0x10
20004c34:	04f6f463          	bgeu	a3,a5,20004c7c <__udivdi3+0x2a8>
20004c38:	1006b793          	sltiu	a5,a3,256
20004c3c:	0017b793          	seqz	a5,a5
20004c40:	00379793          	slli	a5,a5,0x3
20004c44:	20008737          	lui	a4,0x20008
20004c48:	00f6d833          	srl	a6,a3,a5
20004c4c:	3f470713          	addi	a4,a4,1012 # 200083f4 <__clz_tab>
20004c50:	01070733          	add	a4,a4,a6
20004c54:	00074703          	lbu	a4,0(a4)
20004c58:	02000813          	li	a6,32
20004c5c:	00f70733          	add	a4,a4,a5
20004c60:	03071863          	bne	a4,a6,20004c90 <__udivdi3+0x2bc>
20004c64:	00c537b3          	sltu	a5,a0,a2
20004c68:	0017b793          	seqz	a5,a5
20004c6c:	00b6b6b3          	sltu	a3,a3,a1
20004c70:	00d7e7b3          	or	a5,a5,a3
20004c74:	00000893          	li	a7,0
20004c78:	e35ff06f          	j	20004aac <__udivdi3+0xd8>
20004c7c:	01000737          	lui	a4,0x1000
20004c80:	01800793          	li	a5,24
20004c84:	fce6f0e3          	bgeu	a3,a4,20004c44 <__udivdi3+0x270>
20004c88:	01000793          	li	a5,16
20004c8c:	fb9ff06f          	j	20004c44 <__udivdi3+0x270>
20004c90:	40e80833          	sub	a6,a6,a4
20004c94:	00e658b3          	srl	a7,a2,a4
20004c98:	010696b3          	sll	a3,a3,a6
20004c9c:	00d8e8b3          	or	a7,a7,a3
20004ca0:	0108de13          	srli	t3,a7,0x10
20004ca4:	00e5d6b3          	srl	a3,a1,a4
20004ca8:	03c6d7b3          	divu	a5,a3,t3
20004cac:	01089313          	slli	t1,a7,0x10
20004cb0:	01035313          	srli	t1,t1,0x10
20004cb4:	010595b3          	sll	a1,a1,a6
20004cb8:	00e55733          	srl	a4,a0,a4
20004cbc:	00b76733          	or	a4,a4,a1
20004cc0:	01061633          	sll	a2,a2,a6
20004cc4:	03c6f6b3          	remu	a3,a3,t3
20004cc8:	02f30eb3          	mul	t4,t1,a5
20004ccc:	01069593          	slli	a1,a3,0x10
20004cd0:	01075693          	srli	a3,a4,0x10
20004cd4:	00b6e6b3          	or	a3,a3,a1
20004cd8:	01d6fa63          	bgeu	a3,t4,20004cec <__udivdi3+0x318>
20004cdc:	00d886b3          	add	a3,a7,a3
20004ce0:	01d6f463          	bgeu	a3,t4,20004ce8 <__udivdi3+0x314>
20004ce4:	0b16fc63          	bgeu	a3,a7,20004d9c <__udivdi3+0x3c8>
20004ce8:	fff78793          	addi	a5,a5,-1 # ffff <_start-0x1fff0001>
20004cec:	41d686b3          	sub	a3,a3,t4
20004cf0:	03c6d5b3          	divu	a1,a3,t3
20004cf4:	01071713          	slli	a4,a4,0x10
20004cf8:	01075713          	srli	a4,a4,0x10
20004cfc:	03c6f6b3          	remu	a3,a3,t3
20004d00:	02b30333          	mul	t1,t1,a1
20004d04:	01069693          	slli	a3,a3,0x10
20004d08:	00d76733          	or	a4,a4,a3
20004d0c:	00677a63          	bgeu	a4,t1,20004d20 <__udivdi3+0x34c>
20004d10:	00e88733          	add	a4,a7,a4
20004d14:	00677463          	bgeu	a4,t1,20004d1c <__udivdi3+0x348>
20004d18:	09177863          	bgeu	a4,a7,20004da8 <__udivdi3+0x3d4>
20004d1c:	fff58593          	addi	a1,a1,-1
20004d20:	01079793          	slli	a5,a5,0x10
20004d24:	00b7e7b3          	or	a5,a5,a1
20004d28:	40670733          	sub	a4,a4,t1
20004d2c:	01059593          	slli	a1,a1,0x10
20004d30:	01061313          	slli	t1,a2,0x10
20004d34:	0105d593          	srli	a1,a1,0x10
20004d38:	0107d893          	srli	a7,a5,0x10
20004d3c:	01035313          	srli	t1,t1,0x10
20004d40:	01065613          	srli	a2,a2,0x10
20004d44:	02658e33          	mul	t3,a1,t1
20004d48:	02688333          	mul	t1,a7,t1
20004d4c:	010e5693          	srli	a3,t3,0x10
20004d50:	02c585b3          	mul	a1,a1,a2
20004d54:	006585b3          	add	a1,a1,t1
20004d58:	00b686b3          	add	a3,a3,a1
20004d5c:	02c888b3          	mul	a7,a7,a2
20004d60:	0066f663          	bgeu	a3,t1,20004d6c <__udivdi3+0x398>
20004d64:	00010637          	lui	a2,0x10
20004d68:	00c888b3          	add	a7,a7,a2
20004d6c:	0106d613          	srli	a2,a3,0x10
20004d70:	01160633          	add	a2,a2,a7
20004d74:	02c76063          	bltu	a4,a2,20004d94 <__udivdi3+0x3c0>
20004d78:	010e1e13          	slli	t3,t3,0x10
20004d7c:	01069693          	slli	a3,a3,0x10
20004d80:	010e5e13          	srli	t3,t3,0x10
20004d84:	01051533          	sll	a0,a0,a6
20004d88:	01c686b3          	add	a3,a3,t3
20004d8c:	eed574e3          	bgeu	a0,a3,20004c74 <__udivdi3+0x2a0>
20004d90:	eec712e3          	bne	a4,a2,20004c74 <__udivdi3+0x2a0>
20004d94:	fff78793          	addi	a5,a5,-1
20004d98:	eddff06f          	j	20004c74 <__udivdi3+0x2a0>
20004d9c:	ffe78793          	addi	a5,a5,-2
20004da0:	011686b3          	add	a3,a3,a7
20004da4:	f49ff06f          	j	20004cec <__udivdi3+0x318>
20004da8:	ffe58593          	addi	a1,a1,-2
20004dac:	01170733          	add	a4,a4,a7
20004db0:	f71ff06f          	j	20004d20 <__udivdi3+0x34c>
20004db4:	00000893          	li	a7,0
20004db8:	00000793          	li	a5,0
20004dbc:	cf1ff06f          	j	20004aac <__udivdi3+0xd8>

20004dc0 <__umoddi3>:
20004dc0:	00060813          	mv	a6,a2
20004dc4:	00050793          	mv	a5,a0
20004dc8:	00058713          	mv	a4,a1
20004dcc:	24069463          	bnez	a3,20005014 <__umoddi3+0x254>
20004dd0:	200086b7          	lui	a3,0x20008
20004dd4:	3f468693          	addi	a3,a3,1012 # 200083f4 <__clz_tab>
20004dd8:	0ec5f863          	bgeu	a1,a2,20004ec8 <__umoddi3+0x108>
20004ddc:	000108b7          	lui	a7,0x10
20004de0:	0d167a63          	bgeu	a2,a7,20004eb4 <__umoddi3+0xf4>
20004de4:	10063893          	sltiu	a7,a2,256
20004de8:	0018b893          	seqz	a7,a7
20004dec:	00389893          	slli	a7,a7,0x3
20004df0:	01165333          	srl	t1,a2,a7
20004df4:	006686b3          	add	a3,a3,t1
20004df8:	0006c683          	lbu	a3,0(a3)
20004dfc:	02000313          	li	t1,32
20004e00:	011686b3          	add	a3,a3,a7
20004e04:	40d308b3          	sub	a7,t1,a3
20004e08:	00668c63          	beq	a3,t1,20004e20 <__umoddi3+0x60>
20004e0c:	01159733          	sll	a4,a1,a7
20004e10:	00d556b3          	srl	a3,a0,a3
20004e14:	01161833          	sll	a6,a2,a7
20004e18:	00e6e733          	or	a4,a3,a4
20004e1c:	011517b3          	sll	a5,a0,a7
20004e20:	01085513          	srli	a0,a6,0x10
20004e24:	02a756b3          	divu	a3,a4,a0
20004e28:	01081313          	slli	t1,a6,0x10
20004e2c:	01035313          	srli	t1,t1,0x10
20004e30:	02a77733          	remu	a4,a4,a0
20004e34:	026686b3          	mul	a3,a3,t1
20004e38:	01071593          	slli	a1,a4,0x10
20004e3c:	0107d713          	srli	a4,a5,0x10
20004e40:	00b76733          	or	a4,a4,a1
20004e44:	02d77063          	bgeu	a4,a3,20004e64 <__umoddi3+0xa4>
20004e48:	00e80733          	add	a4,a6,a4
20004e4c:	010735b3          	sltu	a1,a4,a6
20004e50:	00d73633          	sltu	a2,a4,a3
20004e54:	0015b593          	seqz	a1,a1
20004e58:	00b67633          	and	a2,a2,a1
20004e5c:	03060633          	mul	a2,a2,a6
20004e60:	00e60733          	add	a4,a2,a4
20004e64:	40d70733          	sub	a4,a4,a3
20004e68:	02a756b3          	divu	a3,a4,a0
20004e6c:	02a77733          	remu	a4,a4,a0
20004e70:	026686b3          	mul	a3,a3,t1
20004e74:	01079513          	slli	a0,a5,0x10
20004e78:	01071713          	slli	a4,a4,0x10
20004e7c:	01055513          	srli	a0,a0,0x10
20004e80:	00e56533          	or	a0,a0,a4
20004e84:	02d57063          	bgeu	a0,a3,20004ea4 <__umoddi3+0xe4>
20004e88:	00a80533          	add	a0,a6,a0
20004e8c:	01053733          	sltu	a4,a0,a6
20004e90:	00d537b3          	sltu	a5,a0,a3
20004e94:	00173713          	seqz	a4,a4
20004e98:	00e7f7b3          	and	a5,a5,a4
20004e9c:	030787b3          	mul	a5,a5,a6
20004ea0:	00a78533          	add	a0,a5,a0
20004ea4:	40d50533          	sub	a0,a0,a3
20004ea8:	01155533          	srl	a0,a0,a7
20004eac:	00000593          	li	a1,0
20004eb0:	00008067          	ret
20004eb4:	01000337          	lui	t1,0x1000
20004eb8:	01800893          	li	a7,24
20004ebc:	f2667ae3          	bgeu	a2,t1,20004df0 <__umoddi3+0x30>
20004ec0:	01000893          	li	a7,16
20004ec4:	f2dff06f          	j	20004df0 <__umoddi3+0x30>
20004ec8:	00000713          	li	a4,0
20004ecc:	00060c63          	beqz	a2,20004ee4 <__umoddi3+0x124>
20004ed0:	00010737          	lui	a4,0x10
20004ed4:	08e67463          	bgeu	a2,a4,20004f5c <__umoddi3+0x19c>
20004ed8:	10063713          	sltiu	a4,a2,256
20004edc:	00173713          	seqz	a4,a4
20004ee0:	00371713          	slli	a4,a4,0x3
20004ee4:	00e658b3          	srl	a7,a2,a4
20004ee8:	011686b3          	add	a3,a3,a7
20004eec:	0006c683          	lbu	a3,0(a3)
20004ef0:	00e686b3          	add	a3,a3,a4
20004ef4:	02000713          	li	a4,32
20004ef8:	40d708b3          	sub	a7,a4,a3
20004efc:	06e69a63          	bne	a3,a4,20004f70 <__umoddi3+0x1b0>
20004f00:	40c586b3          	sub	a3,a1,a2
20004f04:	01085593          	srli	a1,a6,0x10
20004f08:	02b6d633          	divu	a2,a3,a1
20004f0c:	01081313          	slli	t1,a6,0x10
20004f10:	01035313          	srli	t1,t1,0x10
20004f14:	0107d713          	srli	a4,a5,0x10
20004f18:	02b6f6b3          	remu	a3,a3,a1
20004f1c:	02660633          	mul	a2,a2,t1
20004f20:	01069693          	slli	a3,a3,0x10
20004f24:	00d76733          	or	a4,a4,a3
20004f28:	02c77063          	bgeu	a4,a2,20004f48 <__umoddi3+0x188>
20004f2c:	00e80733          	add	a4,a6,a4
20004f30:	01073533          	sltu	a0,a4,a6
20004f34:	00c736b3          	sltu	a3,a4,a2
20004f38:	00153513          	seqz	a0,a0
20004f3c:	00a6f6b3          	and	a3,a3,a0
20004f40:	030686b3          	mul	a3,a3,a6
20004f44:	00e68733          	add	a4,a3,a4
20004f48:	40c70733          	sub	a4,a4,a2
20004f4c:	02b756b3          	divu	a3,a4,a1
20004f50:	02b77733          	remu	a4,a4,a1
20004f54:	026686b3          	mul	a3,a3,t1
20004f58:	f1dff06f          	j	20004e74 <__umoddi3+0xb4>
20004f5c:	010008b7          	lui	a7,0x1000
20004f60:	01800713          	li	a4,24
20004f64:	f91670e3          	bgeu	a2,a7,20004ee4 <__umoddi3+0x124>
20004f68:	01000713          	li	a4,16
20004f6c:	f79ff06f          	j	20004ee4 <__umoddi3+0x124>
20004f70:	01161833          	sll	a6,a2,a7
20004f74:	00d5d733          	srl	a4,a1,a3
20004f78:	011517b3          	sll	a5,a0,a7
20004f7c:	011595b3          	sll	a1,a1,a7
20004f80:	00d556b3          	srl	a3,a0,a3
20004f84:	01085513          	srli	a0,a6,0x10
20004f88:	00b6e6b3          	or	a3,a3,a1
20004f8c:	02a755b3          	divu	a1,a4,a0
20004f90:	01081e13          	slli	t3,a6,0x10
20004f94:	010e5e13          	srli	t3,t3,0x10
20004f98:	02a77733          	remu	a4,a4,a0
20004f9c:	03c585b3          	mul	a1,a1,t3
20004fa0:	01071613          	slli	a2,a4,0x10
20004fa4:	0106d713          	srli	a4,a3,0x10
20004fa8:	00c76733          	or	a4,a4,a2
20004fac:	02b77063          	bgeu	a4,a1,20004fcc <__umoddi3+0x20c>
20004fb0:	00e80733          	add	a4,a6,a4
20004fb4:	01073333          	sltu	t1,a4,a6
20004fb8:	00b73633          	sltu	a2,a4,a1
20004fbc:	00133313          	seqz	t1,t1
20004fc0:	00667633          	and	a2,a2,t1
20004fc4:	03060633          	mul	a2,a2,a6
20004fc8:	00e60733          	add	a4,a2,a4
20004fcc:	40b70733          	sub	a4,a4,a1
20004fd0:	02a75633          	divu	a2,a4,a0
20004fd4:	01069693          	slli	a3,a3,0x10
20004fd8:	0106d693          	srli	a3,a3,0x10
20004fdc:	02a77733          	remu	a4,a4,a0
20004fe0:	03c60633          	mul	a2,a2,t3
20004fe4:	01071713          	slli	a4,a4,0x10
20004fe8:	00e6e6b3          	or	a3,a3,a4
20004fec:	02c6f063          	bgeu	a3,a2,2000500c <__umoddi3+0x24c>
20004ff0:	00d806b3          	add	a3,a6,a3
20004ff4:	0106b5b3          	sltu	a1,a3,a6
20004ff8:	00c6b733          	sltu	a4,a3,a2
20004ffc:	0015b593          	seqz	a1,a1
20005000:	00b77733          	and	a4,a4,a1
20005004:	03070733          	mul	a4,a4,a6
20005008:	00d706b3          	add	a3,a4,a3
2000500c:	40c686b3          	sub	a3,a3,a2
20005010:	ef5ff06f          	j	20004f04 <__umoddi3+0x144>
20005014:	1ad5e663          	bltu	a1,a3,200051c0 <__umoddi3+0x400>
20005018:	00010837          	lui	a6,0x10
2000501c:	0506fc63          	bgeu	a3,a6,20005074 <__umoddi3+0x2b4>
20005020:	1006b893          	sltiu	a7,a3,256
20005024:	0018b893          	seqz	a7,a7
20005028:	00389893          	slli	a7,a7,0x3
2000502c:	20008837          	lui	a6,0x20008
20005030:	0116d333          	srl	t1,a3,a7
20005034:	3f480813          	addi	a6,a6,1012 # 200083f4 <__clz_tab>
20005038:	00680833          	add	a6,a6,t1
2000503c:	00084803          	lbu	a6,0(a6)
20005040:	01180833          	add	a6,a6,a7
20005044:	02000893          	li	a7,32
20005048:	05181063          	bne	a6,a7,20005088 <__umoddi3+0x2c8>
2000504c:	00c57463          	bgeu	a0,a2,20005054 <__umoddi3+0x294>
20005050:	00b6fc63          	bgeu	a3,a1,20005068 <__umoddi3+0x2a8>
20005054:	40c50733          	sub	a4,a0,a2
20005058:	00070793          	mv	a5,a4
2000505c:	40d586b3          	sub	a3,a1,a3
20005060:	00e53733          	sltu	a4,a0,a4
20005064:	40e68733          	sub	a4,a3,a4
20005068:	00078513          	mv	a0,a5
2000506c:	00070593          	mv	a1,a4
20005070:	00008067          	ret
20005074:	01000837          	lui	a6,0x1000
20005078:	01800893          	li	a7,24
2000507c:	fb06f8e3          	bgeu	a3,a6,2000502c <__umoddi3+0x26c>
20005080:	01000893          	li	a7,16
20005084:	fa9ff06f          	j	2000502c <__umoddi3+0x26c>
20005088:	410888b3          	sub	a7,a7,a6
2000508c:	011696b3          	sll	a3,a3,a7
20005090:	01065333          	srl	t1,a2,a6
20005094:	00d36333          	or	t1,t1,a3
20005098:	0105d733          	srl	a4,a1,a6
2000509c:	01035e93          	srli	t4,t1,0x10
200050a0:	03d756b3          	divu	a3,a4,t4
200050a4:	01031e13          	slli	t3,t1,0x10
200050a8:	010e5e13          	srli	t3,t3,0x10
200050ac:	011597b3          	sll	a5,a1,a7
200050b0:	010555b3          	srl	a1,a0,a6
200050b4:	00f5e5b3          	or	a1,a1,a5
200050b8:	0105d793          	srli	a5,a1,0x10
200050bc:	01161633          	sll	a2,a2,a7
200050c0:	01151533          	sll	a0,a0,a7
200050c4:	03d77733          	remu	a4,a4,t4
200050c8:	02de0f33          	mul	t5,t3,a3
200050cc:	01071713          	slli	a4,a4,0x10
200050d0:	00e7e7b3          	or	a5,a5,a4
200050d4:	01e7fa63          	bgeu	a5,t5,200050e8 <__umoddi3+0x328>
200050d8:	00f307b3          	add	a5,t1,a5
200050dc:	01e7f463          	bgeu	a5,t5,200050e4 <__umoddi3+0x324>
200050e0:	0e67f263          	bgeu	a5,t1,200051c4 <__umoddi3+0x404>
200050e4:	fff68693          	addi	a3,a3,-1
200050e8:	41e787b3          	sub	a5,a5,t5
200050ec:	03d7d733          	divu	a4,a5,t4
200050f0:	01059593          	slli	a1,a1,0x10
200050f4:	0105d593          	srli	a1,a1,0x10
200050f8:	03d7f7b3          	remu	a5,a5,t4
200050fc:	02ee0e33          	mul	t3,t3,a4
20005100:	01079793          	slli	a5,a5,0x10
20005104:	00f5e5b3          	or	a1,a1,a5
20005108:	01c5fa63          	bgeu	a1,t3,2000511c <__umoddi3+0x35c>
2000510c:	00b305b3          	add	a1,t1,a1
20005110:	01c5f463          	bgeu	a1,t3,20005118 <__umoddi3+0x358>
20005114:	0a65fe63          	bgeu	a1,t1,200051d0 <__umoddi3+0x410>
20005118:	fff70713          	addi	a4,a4,-1 # ffff <_start-0x1fff0001>
2000511c:	01069693          	slli	a3,a3,0x10
20005120:	00e6e6b3          	or	a3,a3,a4
20005124:	41c585b3          	sub	a1,a1,t3
20005128:	01071713          	slli	a4,a4,0x10
2000512c:	01061e13          	slli	t3,a2,0x10
20005130:	01065793          	srli	a5,a2,0x10
20005134:	01075713          	srli	a4,a4,0x10
20005138:	0106d693          	srli	a3,a3,0x10
2000513c:	010e5e13          	srli	t3,t3,0x10
20005140:	03c70eb3          	mul	t4,a4,t3
20005144:	03c68e33          	mul	t3,a3,t3
20005148:	02f70733          	mul	a4,a4,a5
2000514c:	02f686b3          	mul	a3,a3,a5
20005150:	01c707b3          	add	a5,a4,t3
20005154:	010ed713          	srli	a4,t4,0x10
20005158:	00f70733          	add	a4,a4,a5
2000515c:	01c77663          	bgeu	a4,t3,20005168 <__umoddi3+0x3a8>
20005160:	000107b7          	lui	a5,0x10
20005164:	00f686b3          	add	a3,a3,a5
20005168:	01075793          	srli	a5,a4,0x10
2000516c:	010e9e93          	slli	t4,t4,0x10
20005170:	01071713          	slli	a4,a4,0x10
20005174:	010ede93          	srli	t4,t4,0x10
20005178:	00d787b3          	add	a5,a5,a3
2000517c:	01d70733          	add	a4,a4,t4
20005180:	00f5e663          	bltu	a1,a5,2000518c <__umoddi3+0x3cc>
20005184:	00e57e63          	bgeu	a0,a4,200051a0 <__umoddi3+0x3e0>
20005188:	00f59c63          	bne	a1,a5,200051a0 <__umoddi3+0x3e0>
2000518c:	40c70633          	sub	a2,a4,a2
20005190:	00c736b3          	sltu	a3,a4,a2
20005194:	006686b3          	add	a3,a3,t1
20005198:	00060713          	mv	a4,a2
2000519c:	40d787b3          	sub	a5,a5,a3
200051a0:	40e50733          	sub	a4,a0,a4
200051a4:	00e53533          	sltu	a0,a0,a4
200051a8:	40f585b3          	sub	a1,a1,a5
200051ac:	40a585b3          	sub	a1,a1,a0
200051b0:	01059833          	sll	a6,a1,a6
200051b4:	01175733          	srl	a4,a4,a7
200051b8:	00e86533          	or	a0,a6,a4
200051bc:	0115d5b3          	srl	a1,a1,a7
200051c0:	00008067          	ret
200051c4:	ffe68693          	addi	a3,a3,-2
200051c8:	006787b3          	add	a5,a5,t1
200051cc:	f1dff06f          	j	200050e8 <__umoddi3+0x328>
200051d0:	ffe70713          	addi	a4,a4,-2
200051d4:	006585b3          	add	a1,a1,t1
200051d8:	f45ff06f          	j	2000511c <__umoddi3+0x35c>

200051dc <srand>:
200051dc:	ff010113          	addi	sp,sp,-16
200051e0:	200087b7          	lui	a5,0x20008
200051e4:	00812423          	sw	s0,8(sp)
200051e8:	6cc7a403          	lw	s0,1740(a5) # 200086cc <_impure_ptr>
200051ec:	00912223          	sw	s1,4(sp)
200051f0:	00050493          	mv	s1,a0
200051f4:	03042503          	lw	a0,48(s0)
200051f8:	00112623          	sw	ra,12(sp)
200051fc:	06051663          	bnez	a0,20005268 <srand+0x8c>
20005200:	01800513          	li	a0,24
20005204:	634000ef          	jal	20005838 <malloc>
20005208:	02a42823          	sw	a0,48(s0)
2000520c:	02051063          	bnez	a0,2000522c <srand+0x50>
20005210:	200086b7          	lui	a3,0x20008
20005214:	20008537          	lui	a0,0x20008
20005218:	4f468693          	addi	a3,a3,1268 # 200084f4 <__clz_tab+0x100>
2000521c:	00000613          	li	a2,0
20005220:	04600593          	li	a1,70
20005224:	50c50513          	addi	a0,a0,1292 # 2000850c <__clz_tab+0x118>
20005228:	4ac000ef          	jal	200056d4 <__assert_func>
2000522c:	abcd37b7          	lui	a5,0xabcd3
20005230:	30e78793          	addi	a5,a5,782 # abcd330e <__stack_top+0x8bcc9e9a>
20005234:	00f52023          	sw	a5,0(a0)
20005238:	e66d17b7          	lui	a5,0xe66d1
2000523c:	23478793          	addi	a5,a5,564 # e66d1234 <__stack_top+0xc66c7dc0>
20005240:	00f52223          	sw	a5,4(a0)
20005244:	0005e7b7          	lui	a5,0x5e
20005248:	eec78793          	addi	a5,a5,-276 # 5deec <_start-0x1ffa2114>
2000524c:	00f52423          	sw	a5,8(a0)
20005250:	00b00793          	li	a5,11
20005254:	00f51623          	sh	a5,12(a0)
20005258:	00100713          	li	a4,1
2000525c:	00000793          	li	a5,0
20005260:	00e52823          	sw	a4,16(a0)
20005264:	00f52a23          	sw	a5,20(a0)
20005268:	00c12083          	lw	ra,12(sp)
2000526c:	00812403          	lw	s0,8(sp)
20005270:	00952823          	sw	s1,16(a0)
20005274:	00052a23          	sw	zero,20(a0)
20005278:	00412483          	lw	s1,4(sp)
2000527c:	01010113          	addi	sp,sp,16
20005280:	00008067          	ret

20005284 <rand>:
20005284:	ff010113          	addi	sp,sp,-16
20005288:	200087b7          	lui	a5,0x20008
2000528c:	00812423          	sw	s0,8(sp)
20005290:	6cc7a403          	lw	s0,1740(a5) # 200086cc <_impure_ptr>
20005294:	00112623          	sw	ra,12(sp)
20005298:	03042503          	lw	a0,48(s0)
2000529c:	06051663          	bnez	a0,20005308 <rand+0x84>
200052a0:	01800513          	li	a0,24
200052a4:	594000ef          	jal	20005838 <malloc>
200052a8:	02a42823          	sw	a0,48(s0)
200052ac:	02051063          	bnez	a0,200052cc <rand+0x48>
200052b0:	200086b7          	lui	a3,0x20008
200052b4:	20008537          	lui	a0,0x20008
200052b8:	4f468693          	addi	a3,a3,1268 # 200084f4 <__clz_tab+0x100>
200052bc:	00000613          	li	a2,0
200052c0:	05200593          	li	a1,82
200052c4:	50c50513          	addi	a0,a0,1292 # 2000850c <__clz_tab+0x118>
200052c8:	40c000ef          	jal	200056d4 <__assert_func>
200052cc:	abcd37b7          	lui	a5,0xabcd3
200052d0:	30e78793          	addi	a5,a5,782 # abcd330e <__stack_top+0x8bcc9e9a>
200052d4:	00f52023          	sw	a5,0(a0)
200052d8:	e66d17b7          	lui	a5,0xe66d1
200052dc:	23478793          	addi	a5,a5,564 # e66d1234 <__stack_top+0xc66c7dc0>
200052e0:	00f52223          	sw	a5,4(a0)
200052e4:	0005e7b7          	lui	a5,0x5e
200052e8:	eec78793          	addi	a5,a5,-276 # 5deec <_start-0x1ffa2114>
200052ec:	00f52423          	sw	a5,8(a0)
200052f0:	00b00793          	li	a5,11
200052f4:	00f51623          	sh	a5,12(a0)
200052f8:	00100713          	li	a4,1
200052fc:	00000793          	li	a5,0
20005300:	00e52823          	sw	a4,16(a0)
20005304:	00f52a23          	sw	a5,20(a0)
20005308:	01052683          	lw	a3,16(a0)
2000530c:	01452703          	lw	a4,20(a0)
20005310:	4c958637          	lui	a2,0x4c958
20005314:	5851f7b7          	lui	a5,0x5851f
20005318:	f2d60613          	addi	a2,a2,-211 # 4c957f2d <__stack_top+0x2c94eab9>
2000531c:	42d78793          	addi	a5,a5,1069 # 5851f42d <__stack_top+0x38515fb9>
20005320:	02f687b3          	mul	a5,a3,a5
20005324:	00c12083          	lw	ra,12(sp)
20005328:	00812403          	lw	s0,8(sp)
2000532c:	02c70733          	mul	a4,a4,a2
20005330:	00f70733          	add	a4,a4,a5
20005334:	02c687b3          	mul	a5,a3,a2
20005338:	02c6b6b3          	mulhu	a3,a3,a2
2000533c:	00d70733          	add	a4,a4,a3
20005340:	00178693          	addi	a3,a5,1
20005344:	00f6b7b3          	sltu	a5,a3,a5
20005348:	00e787b3          	add	a5,a5,a4
2000534c:	00d52823          	sw	a3,16(a0)
20005350:	00f52a23          	sw	a5,20(a0)
20005354:	00179513          	slli	a0,a5,0x1
20005358:	00155513          	srli	a0,a0,0x1
2000535c:	01010113          	addi	sp,sp,16
20005360:	00008067          	ret

20005364 <_iprintf_r>:
20005364:	fc010113          	addi	sp,sp,-64
20005368:	02c12423          	sw	a2,40(sp)
2000536c:	02d12623          	sw	a3,44(sp)
20005370:	02e12823          	sw	a4,48(sp)
20005374:	02f12a23          	sw	a5,52(sp)
20005378:	03012c23          	sw	a6,56(sp)
2000537c:	03112e23          	sw	a7,60(sp)
20005380:	00058613          	mv	a2,a1
20005384:	00852583          	lw	a1,8(a0)
20005388:	02810693          	addi	a3,sp,40
2000538c:	00112e23          	sw	ra,28(sp)
20005390:	00d12623          	sw	a3,12(sp)
20005394:	6b9000ef          	jal	2000624c <_vfiprintf_r>
20005398:	01c12083          	lw	ra,28(sp)
2000539c:	04010113          	addi	sp,sp,64
200053a0:	00008067          	ret

200053a4 <iprintf>:
200053a4:	fc010113          	addi	sp,sp,-64
200053a8:	02f12a23          	sw	a5,52(sp)
200053ac:	200087b7          	lui	a5,0x20008
200053b0:	6cc7a783          	lw	a5,1740(a5) # 200086cc <_impure_ptr>
200053b4:	02c12423          	sw	a2,40(sp)
200053b8:	02d12623          	sw	a3,44(sp)
200053bc:	02b12223          	sw	a1,36(sp)
200053c0:	02e12823          	sw	a4,48(sp)
200053c4:	03012c23          	sw	a6,56(sp)
200053c8:	03112e23          	sw	a7,60(sp)
200053cc:	0087a583          	lw	a1,8(a5)
200053d0:	02410693          	addi	a3,sp,36
200053d4:	00050613          	mv	a2,a0
200053d8:	00078513          	mv	a0,a5
200053dc:	00112e23          	sw	ra,28(sp)
200053e0:	00d12623          	sw	a3,12(sp)
200053e4:	669000ef          	jal	2000624c <_vfiprintf_r>
200053e8:	01c12083          	lw	ra,28(sp)
200053ec:	04010113          	addi	sp,sp,64
200053f0:	00008067          	ret

200053f4 <setvbuf>:
200053f4:	fd010113          	addi	sp,sp,-48
200053f8:	200087b7          	lui	a5,0x20008
200053fc:	01312e23          	sw	s3,28(sp)
20005400:	6cc7a983          	lw	s3,1740(a5) # 200086cc <_impure_ptr>
20005404:	02812423          	sw	s0,40(sp)
20005408:	02912223          	sw	s1,36(sp)
2000540c:	03212023          	sw	s2,32(sp)
20005410:	01412c23          	sw	s4,24(sp)
20005414:	02112623          	sw	ra,44(sp)
20005418:	01512a23          	sw	s5,20(sp)
2000541c:	00050413          	mv	s0,a0
20005420:	00058913          	mv	s2,a1
20005424:	00060a13          	mv	s4,a2
20005428:	00068493          	mv	s1,a3
2000542c:	00098a63          	beqz	s3,20005440 <setvbuf+0x4c>
20005430:	0209a783          	lw	a5,32(s3)
20005434:	00079663          	bnez	a5,20005440 <setvbuf+0x4c>
20005438:	00098513          	mv	a0,s3
2000543c:	3d1010ef          	jal	2000700c <__sinit>
20005440:	00200793          	li	a5,2
20005444:	00fa0863          	beq	s4,a5,20005454 <setvbuf+0x60>
20005448:	002a3793          	sltiu	a5,s4,2
2000544c:	18078a63          	beqz	a5,200055e0 <setvbuf+0x1ec>
20005450:	1804c863          	bltz	s1,200055e0 <setvbuf+0x1ec>
20005454:	00040593          	mv	a1,s0
20005458:	00098513          	mv	a0,s3
2000545c:	08d010ef          	jal	20006ce8 <_fflush_r>
20005460:	03442583          	lw	a1,52(s0)
20005464:	00058c63          	beqz	a1,2000547c <setvbuf+0x88>
20005468:	04440793          	addi	a5,s0,68
2000546c:	00f58663          	beq	a1,a5,20005478 <setvbuf+0x84>
20005470:	00098513          	mv	a0,s3
20005474:	2c8000ef          	jal	2000573c <_free_r>
20005478:	02042a23          	sw	zero,52(s0)
2000547c:	00c45783          	lhu	a5,12(s0)
20005480:	00042c23          	sw	zero,24(s0)
20005484:	00042223          	sw	zero,4(s0)
20005488:	0807f793          	andi	a5,a5,128
2000548c:	00078863          	beqz	a5,2000549c <setvbuf+0xa8>
20005490:	01042583          	lw	a1,16(s0)
20005494:	00098513          	mv	a0,s3
20005498:	2a4000ef          	jal	2000573c <_free_r>
2000549c:	00c45783          	lhu	a5,12(s0)
200054a0:	fffff737          	lui	a4,0xfffff
200054a4:	35c70713          	addi	a4,a4,860 # fffff35c <__stack_top+0xdfff5ee8>
200054a8:	00e7f7b3          	and	a5,a5,a4
200054ac:	00f41623          	sh	a5,12(s0)
200054b0:	00200793          	li	a5,2
200054b4:	10fa0a63          	beq	s4,a5,200055c8 <setvbuf+0x1d4>
200054b8:	00c10693          	addi	a3,sp,12
200054bc:	00810613          	addi	a2,sp,8
200054c0:	00040593          	mv	a1,s0
200054c4:	00098513          	mv	a0,s3
200054c8:	128020ef          	jal	200075f0 <__swhatbuf_r>
200054cc:	00c45783          	lhu	a5,12(s0)
200054d0:	00a7e7b3          	or	a5,a5,a0
200054d4:	00f41623          	sh	a5,12(s0)
200054d8:	06049863          	bnez	s1,20005548 <setvbuf+0x154>
200054dc:	00812483          	lw	s1,8(sp)
200054e0:	00048513          	mv	a0,s1
200054e4:	354000ef          	jal	20005838 <malloc>
200054e8:	00050913          	mv	s2,a0
200054ec:	00048a93          	mv	s5,s1
200054f0:	0c051263          	bnez	a0,200055b4 <setvbuf+0x1c0>
200054f4:	00812a83          	lw	s5,8(sp)
200054f8:	0a9a9663          	bne	s5,s1,200055a4 <setvbuf+0x1b0>
200054fc:	fff00513          	li	a0,-1
20005500:	00c45783          	lhu	a5,12(s0)
20005504:	00042423          	sw	zero,8(s0)
20005508:	0027e793          	ori	a5,a5,2
2000550c:	00f41623          	sh	a5,12(s0)
20005510:	04740793          	addi	a5,s0,71
20005514:	00f42023          	sw	a5,0(s0)
20005518:	00f42823          	sw	a5,16(s0)
2000551c:	00100793          	li	a5,1
20005520:	00f42a23          	sw	a5,20(s0)
20005524:	02c12083          	lw	ra,44(sp)
20005528:	02812403          	lw	s0,40(sp)
2000552c:	02412483          	lw	s1,36(sp)
20005530:	02012903          	lw	s2,32(sp)
20005534:	01c12983          	lw	s3,28(sp)
20005538:	01812a03          	lw	s4,24(sp)
2000553c:	01412a83          	lw	s5,20(sp)
20005540:	03010113          	addi	sp,sp,48
20005544:	00008067          	ret
20005548:	f8090ce3          	beqz	s2,200054e0 <setvbuf+0xec>
2000554c:	0209a783          	lw	a5,32(s3)
20005550:	00079663          	bnez	a5,2000555c <setvbuf+0x168>
20005554:	00098513          	mv	a0,s3
20005558:	2b5010ef          	jal	2000700c <__sinit>
2000555c:	00100793          	li	a5,1
20005560:	00fa1863          	bne	s4,a5,20005570 <setvbuf+0x17c>
20005564:	00c45783          	lhu	a5,12(s0)
20005568:	0147e7b3          	or	a5,a5,s4
2000556c:	00f41623          	sh	a5,12(s0)
20005570:	00c41783          	lh	a5,12(s0)
20005574:	01242023          	sw	s2,0(s0)
20005578:	01242823          	sw	s2,16(s0)
2000557c:	00942a23          	sw	s1,20(s0)
20005580:	0087f713          	andi	a4,a5,8
20005584:	04070a63          	beqz	a4,200055d8 <setvbuf+0x1e4>
20005588:	0017f793          	andi	a5,a5,1
2000558c:	04078263          	beqz	a5,200055d0 <setvbuf+0x1dc>
20005590:	409004b3          	neg	s1,s1
20005594:	00042423          	sw	zero,8(s0)
20005598:	00942c23          	sw	s1,24(s0)
2000559c:	00000513          	li	a0,0
200055a0:	f85ff06f          	j	20005524 <setvbuf+0x130>
200055a4:	000a8513          	mv	a0,s5
200055a8:	290000ef          	jal	20005838 <malloc>
200055ac:	00050913          	mv	s2,a0
200055b0:	f40506e3          	beqz	a0,200054fc <setvbuf+0x108>
200055b4:	00c45783          	lhu	a5,12(s0)
200055b8:	000a8493          	mv	s1,s5
200055bc:	0807e793          	ori	a5,a5,128
200055c0:	00f41623          	sh	a5,12(s0)
200055c4:	f89ff06f          	j	2000554c <setvbuf+0x158>
200055c8:	00000513          	li	a0,0
200055cc:	f35ff06f          	j	20005500 <setvbuf+0x10c>
200055d0:	00942423          	sw	s1,8(s0)
200055d4:	fc9ff06f          	j	2000559c <setvbuf+0x1a8>
200055d8:	00042423          	sw	zero,8(s0)
200055dc:	fc1ff06f          	j	2000559c <setvbuf+0x1a8>
200055e0:	fff00513          	li	a0,-1
200055e4:	f41ff06f          	j	20005524 <setvbuf+0x130>

200055e8 <_siprintf_r>:
200055e8:	f6010113          	addi	sp,sp,-160
200055ec:	08f12a23          	sw	a5,148(sp)
200055f0:	800007b7          	lui	a5,0x80000
200055f4:	fff78793          	addi	a5,a5,-1 # 7fffffff <__stack_top+0x5fff6b8b>
200055f8:	00f12e23          	sw	a5,28(sp)
200055fc:	00f12823          	sw	a5,16(sp)
20005600:	ffff07b7          	lui	a5,0xffff0
20005604:	08d12623          	sw	a3,140(sp)
20005608:	00b12423          	sw	a1,8(sp)
2000560c:	00b12c23          	sw	a1,24(sp)
20005610:	20878793          	addi	a5,a5,520 # ffff0208 <__stack_top+0xdffe6d94>
20005614:	08c10693          	addi	a3,sp,140
20005618:	00810593          	addi	a1,sp,8
2000561c:	06112e23          	sw	ra,124(sp)
20005620:	00f12a23          	sw	a5,20(sp)
20005624:	08e12823          	sw	a4,144(sp)
20005628:	09012c23          	sw	a6,152(sp)
2000562c:	09112e23          	sw	a7,156(sp)
20005630:	06012623          	sw	zero,108(sp)
20005634:	00d12223          	sw	a3,4(sp)
20005638:	7ac000ef          	jal	20005de4 <_svfiprintf_r>
2000563c:	00812783          	lw	a5,8(sp)
20005640:	00078023          	sb	zero,0(a5)
20005644:	07c12083          	lw	ra,124(sp)
20005648:	0a010113          	addi	sp,sp,160
2000564c:	00008067          	ret

20005650 <siprintf>:
20005650:	f6010113          	addi	sp,sp,-160
20005654:	08f12a23          	sw	a5,148(sp)
20005658:	800007b7          	lui	a5,0x80000
2000565c:	fff78793          	addi	a5,a5,-1 # 7fffffff <__stack_top+0x5fff6b8b>
20005660:	00f12e23          	sw	a5,28(sp)
20005664:	00f12823          	sw	a5,16(sp)
20005668:	ffff07b7          	lui	a5,0xffff0
2000566c:	20878793          	addi	a5,a5,520 # ffff0208 <__stack_top+0xdffe6d94>
20005670:	00f12a23          	sw	a5,20(sp)
20005674:	200087b7          	lui	a5,0x20008
20005678:	00a12423          	sw	a0,8(sp)
2000567c:	00a12c23          	sw	a0,24(sp)
20005680:	6cc7a503          	lw	a0,1740(a5) # 200086cc <_impure_ptr>
20005684:	08c12423          	sw	a2,136(sp)
20005688:	08d12623          	sw	a3,140(sp)
2000568c:	00058613          	mv	a2,a1
20005690:	08810693          	addi	a3,sp,136
20005694:	00810593          	addi	a1,sp,8
20005698:	06112e23          	sw	ra,124(sp)
2000569c:	08e12823          	sw	a4,144(sp)
200056a0:	09012c23          	sw	a6,152(sp)
200056a4:	09112e23          	sw	a7,156(sp)
200056a8:	06012623          	sw	zero,108(sp)
200056ac:	00d12223          	sw	a3,4(sp)
200056b0:	734000ef          	jal	20005de4 <_svfiprintf_r>
200056b4:	00812783          	lw	a5,8(sp)
200056b8:	00078023          	sb	zero,0(a5)
200056bc:	07c12083          	lw	ra,124(sp)
200056c0:	0a010113          	addi	sp,sp,160
200056c4:	00008067          	ret

200056c8 <__errno>:
200056c8:	200087b7          	lui	a5,0x20008
200056cc:	6cc7a503          	lw	a0,1740(a5) # 200086cc <_impure_ptr>
200056d0:	00008067          	ret

200056d4 <__assert_func>:
200056d4:	200087b7          	lui	a5,0x20008
200056d8:	6cc7a783          	lw	a5,1740(a5) # 200086cc <_impure_ptr>
200056dc:	ff010113          	addi	sp,sp,-16
200056e0:	00060813          	mv	a6,a2
200056e4:	00112623          	sw	ra,12(sp)
200056e8:	00050893          	mv	a7,a0
200056ec:	00058713          	mv	a4,a1
200056f0:	00c7a503          	lw	a0,12(a5)
200056f4:	00068613          	mv	a2,a3
200056f8:	02080063          	beqz	a6,20005718 <__assert_func+0x44>
200056fc:	200087b7          	lui	a5,0x20008
20005700:	55078793          	addi	a5,a5,1360 # 20008550 <__clz_tab+0x15c>
20005704:	200085b7          	lui	a1,0x20008
20005708:	00088693          	mv	a3,a7
2000570c:	56058593          	addi	a1,a1,1376 # 20008560 <__clz_tab+0x16c>
20005710:	191010ef          	jal	200070a0 <fiprintf>
20005714:	7e8020ef          	jal	20007efc <abort>
20005718:	200087b7          	lui	a5,0x20008
2000571c:	55c78793          	addi	a5,a5,1372 # 2000855c <__clz_tab+0x168>
20005720:	00078813          	mv	a6,a5
20005724:	fe1ff06f          	j	20005704 <__assert_func+0x30>

20005728 <__assert>:
20005728:	ff010113          	addi	sp,sp,-16
2000572c:	00060693          	mv	a3,a2
20005730:	00000613          	li	a2,0
20005734:	00112623          	sw	ra,12(sp)
20005738:	f9dff0ef          	jal	200056d4 <__assert_func>

2000573c <_free_r>:
2000573c:	0e058c63          	beqz	a1,20005834 <_free_r+0xf8>
20005740:	ffc5a783          	lw	a5,-4(a1)
20005744:	fe010113          	addi	sp,sp,-32
20005748:	00812c23          	sw	s0,24(sp)
2000574c:	00112e23          	sw	ra,28(sp)
20005750:	ffc58413          	addi	s0,a1,-4
20005754:	0007d463          	bgez	a5,2000575c <_free_r+0x20>
20005758:	00f40433          	add	s0,s0,a5
2000575c:	00a12623          	sw	a0,12(sp)
20005760:	340000ef          	jal	20005aa0 <__malloc_lock>
20005764:	20009737          	lui	a4,0x20009
20005768:	86872783          	lw	a5,-1944(a4) # 20008868 <__malloc_free_list>
2000576c:	00c12503          	lw	a0,12(sp)
20005770:	00079e63          	bnez	a5,2000578c <_free_r+0x50>
20005774:	00042223          	sw	zero,4(s0)
20005778:	86872423          	sw	s0,-1944(a4)
2000577c:	01812403          	lw	s0,24(sp)
20005780:	01c12083          	lw	ra,28(sp)
20005784:	02010113          	addi	sp,sp,32
20005788:	31c0006f          	j	20005aa4 <__malloc_unlock>
2000578c:	02f47463          	bgeu	s0,a5,200057b4 <_free_r+0x78>
20005790:	00042603          	lw	a2,0(s0)
20005794:	00c406b3          	add	a3,s0,a2
20005798:	00d79a63          	bne	a5,a3,200057ac <_free_r+0x70>
2000579c:	0007a683          	lw	a3,0(a5)
200057a0:	0047a783          	lw	a5,4(a5)
200057a4:	00c686b3          	add	a3,a3,a2
200057a8:	00d42023          	sw	a3,0(s0)
200057ac:	00f42223          	sw	a5,4(s0)
200057b0:	fc9ff06f          	j	20005778 <_free_r+0x3c>
200057b4:	00078713          	mv	a4,a5
200057b8:	0047a783          	lw	a5,4(a5)
200057bc:	00078463          	beqz	a5,200057c4 <_free_r+0x88>
200057c0:	fef47ae3          	bgeu	s0,a5,200057b4 <_free_r+0x78>
200057c4:	00072683          	lw	a3,0(a4)
200057c8:	00d70633          	add	a2,a4,a3
200057cc:	02861863          	bne	a2,s0,200057fc <_free_r+0xc0>
200057d0:	00042603          	lw	a2,0(s0)
200057d4:	00c686b3          	add	a3,a3,a2
200057d8:	00d72023          	sw	a3,0(a4)
200057dc:	00d70633          	add	a2,a4,a3
200057e0:	f8c79ee3          	bne	a5,a2,2000577c <_free_r+0x40>
200057e4:	0007a603          	lw	a2,0(a5)
200057e8:	0047a783          	lw	a5,4(a5)
200057ec:	00d606b3          	add	a3,a2,a3
200057f0:	00d72023          	sw	a3,0(a4)
200057f4:	00f72223          	sw	a5,4(a4)
200057f8:	f85ff06f          	j	2000577c <_free_r+0x40>
200057fc:	00c47863          	bgeu	s0,a2,2000580c <_free_r+0xd0>
20005800:	00c00793          	li	a5,12
20005804:	00f52023          	sw	a5,0(a0)
20005808:	f75ff06f          	j	2000577c <_free_r+0x40>
2000580c:	00042603          	lw	a2,0(s0)
20005810:	00c406b3          	add	a3,s0,a2
20005814:	00d79a63          	bne	a5,a3,20005828 <_free_r+0xec>
20005818:	0007a683          	lw	a3,0(a5)
2000581c:	0047a783          	lw	a5,4(a5)
20005820:	00c686b3          	add	a3,a3,a2
20005824:	00d42023          	sw	a3,0(s0)
20005828:	00f42223          	sw	a5,4(s0)
2000582c:	00872223          	sw	s0,4(a4)
20005830:	f4dff06f          	j	2000577c <_free_r+0x40>
20005834:	00008067          	ret

20005838 <malloc>:
20005838:	200087b7          	lui	a5,0x20008
2000583c:	00050593          	mv	a1,a0
20005840:	6cc7a503          	lw	a0,1740(a5) # 200086cc <_impure_ptr>
20005844:	09c0006f          	j	200058e0 <_malloc_r>

20005848 <free>:
20005848:	200087b7          	lui	a5,0x20008
2000584c:	00050593          	mv	a1,a0
20005850:	6cc7a503          	lw	a0,1740(a5) # 200086cc <_impure_ptr>
20005854:	ee9ff06f          	j	2000573c <_free_r>

20005858 <sbrk_aligned>:
20005858:	ff010113          	addi	sp,sp,-16
2000585c:	00812423          	sw	s0,8(sp)
20005860:	20009437          	lui	s0,0x20009
20005864:	86442783          	lw	a5,-1948(s0) # 20008864 <__malloc_sbrk_start>
20005868:	00912223          	sw	s1,4(sp)
2000586c:	01212023          	sw	s2,0(sp)
20005870:	00112623          	sw	ra,12(sp)
20005874:	00050913          	mv	s2,a0
20005878:	00058493          	mv	s1,a1
2000587c:	00079863          	bnez	a5,2000588c <sbrk_aligned+0x34>
20005880:	00000593          	li	a1,0
20005884:	55c020ef          	jal	20007de0 <_sbrk_r>
20005888:	86a42223          	sw	a0,-1948(s0)
2000588c:	00048593          	mv	a1,s1
20005890:	00090513          	mv	a0,s2
20005894:	54c020ef          	jal	20007de0 <_sbrk_r>
20005898:	fff00493          	li	s1,-1
2000589c:	02951263          	bne	a0,s1,200058c0 <sbrk_aligned+0x68>
200058a0:	fff00413          	li	s0,-1
200058a4:	00c12083          	lw	ra,12(sp)
200058a8:	00040513          	mv	a0,s0
200058ac:	00812403          	lw	s0,8(sp)
200058b0:	00412483          	lw	s1,4(sp)
200058b4:	00012903          	lw	s2,0(sp)
200058b8:	01010113          	addi	sp,sp,16
200058bc:	00008067          	ret
200058c0:	00350413          	addi	s0,a0,3
200058c4:	ffc47413          	andi	s0,s0,-4
200058c8:	fc850ee3          	beq	a0,s0,200058a4 <sbrk_aligned+0x4c>
200058cc:	40a405b3          	sub	a1,s0,a0
200058d0:	00090513          	mv	a0,s2
200058d4:	50c020ef          	jal	20007de0 <_sbrk_r>
200058d8:	fc9516e3          	bne	a0,s1,200058a4 <sbrk_aligned+0x4c>
200058dc:	fc5ff06f          	j	200058a0 <sbrk_aligned+0x48>

200058e0 <_malloc_r>:
200058e0:	fe010113          	addi	sp,sp,-32
200058e4:	00912a23          	sw	s1,20(sp)
200058e8:	00358493          	addi	s1,a1,3
200058ec:	ffc4f493          	andi	s1,s1,-4
200058f0:	00112e23          	sw	ra,28(sp)
200058f4:	00812c23          	sw	s0,24(sp)
200058f8:	01212823          	sw	s2,16(sp)
200058fc:	01312623          	sw	s3,12(sp)
20005900:	01412423          	sw	s4,8(sp)
20005904:	00848493          	addi	s1,s1,8
20005908:	00c00793          	li	a5,12
2000590c:	00f4f463          	bgeu	s1,a5,20005914 <_malloc_r+0x34>
20005910:	00078493          	mv	s1,a5
20005914:	0004c463          	bltz	s1,2000591c <_malloc_r+0x3c>
20005918:	02b4f863          	bgeu	s1,a1,20005948 <_malloc_r+0x68>
2000591c:	00c00793          	li	a5,12
20005920:	00f52023          	sw	a5,0(a0)
20005924:	00000513          	li	a0,0
20005928:	01c12083          	lw	ra,28(sp)
2000592c:	01812403          	lw	s0,24(sp)
20005930:	01412483          	lw	s1,20(sp)
20005934:	01012903          	lw	s2,16(sp)
20005938:	00c12983          	lw	s3,12(sp)
2000593c:	00812a03          	lw	s4,8(sp)
20005940:	02010113          	addi	sp,sp,32
20005944:	00008067          	ret
20005948:	00050913          	mv	s2,a0
2000594c:	200099b7          	lui	s3,0x20009
20005950:	150000ef          	jal	20005aa0 <__malloc_lock>
20005954:	8689a783          	lw	a5,-1944(s3) # 20008868 <__malloc_free_list>
20005958:	00078413          	mv	s0,a5
2000595c:	08041063          	bnez	s0,200059dc <_malloc_r+0xfc>
20005960:	00048593          	mv	a1,s1
20005964:	00090513          	mv	a0,s2
20005968:	ef1ff0ef          	jal	20005858 <sbrk_aligned>
2000596c:	fff00793          	li	a5,-1
20005970:	00050413          	mv	s0,a0
20005974:	12f51263          	bne	a0,a5,20005a98 <_malloc_r+0x1b8>
20005978:	8689a403          	lw	s0,-1944(s3)
2000597c:	00040793          	mv	a5,s0
20005980:	0e079263          	bnez	a5,20005a64 <_malloc_r+0x184>
20005984:	10040063          	beqz	s0,20005a84 <_malloc_r+0x1a4>
20005988:	00042a03          	lw	s4,0(s0)
2000598c:	00000593          	li	a1,0
20005990:	00090513          	mv	a0,s2
20005994:	01440a33          	add	s4,s0,s4
20005998:	448020ef          	jal	20007de0 <_sbrk_r>
2000599c:	0eaa1463          	bne	s4,a0,20005a84 <_malloc_r+0x1a4>
200059a0:	00042783          	lw	a5,0(s0)
200059a4:	00090513          	mv	a0,s2
200059a8:	40f484b3          	sub	s1,s1,a5
200059ac:	00048593          	mv	a1,s1
200059b0:	ea9ff0ef          	jal	20005858 <sbrk_aligned>
200059b4:	fff00793          	li	a5,-1
200059b8:	0cf50663          	beq	a0,a5,20005a84 <_malloc_r+0x1a4>
200059bc:	00042783          	lw	a5,0(s0)
200059c0:	009787b3          	add	a5,a5,s1
200059c4:	00f42023          	sw	a5,0(s0)
200059c8:	8689a783          	lw	a5,-1944(s3)
200059cc:	0047a703          	lw	a4,4(a5)
200059d0:	0a071063          	bnez	a4,20005a70 <_malloc_r+0x190>
200059d4:	8609a423          	sw	zero,-1944(s3)
200059d8:	0340006f          	j	20005a0c <_malloc_r+0x12c>
200059dc:	00042683          	lw	a3,0(s0)
200059e0:	409686b3          	sub	a3,a3,s1
200059e4:	0606ca63          	bltz	a3,20005a58 <_malloc_r+0x178>
200059e8:	00b00713          	li	a4,11
200059ec:	04d77a63          	bgeu	a4,a3,20005a40 <_malloc_r+0x160>
200059f0:	00942023          	sw	s1,0(s0)
200059f4:	00940733          	add	a4,s0,s1
200059f8:	04879063          	bne	a5,s0,20005a38 <_malloc_r+0x158>
200059fc:	86e9a423          	sw	a4,-1944(s3)
20005a00:	00442783          	lw	a5,4(s0)
20005a04:	00d72023          	sw	a3,0(a4)
20005a08:	00f72223          	sw	a5,4(a4)
20005a0c:	00090513          	mv	a0,s2
20005a10:	094000ef          	jal	20005aa4 <__malloc_unlock>
20005a14:	00b40513          	addi	a0,s0,11
20005a18:	00440793          	addi	a5,s0,4
20005a1c:	ff857513          	andi	a0,a0,-8
20005a20:	40f50733          	sub	a4,a0,a5
20005a24:	f0f502e3          	beq	a0,a5,20005928 <_malloc_r+0x48>
20005a28:	00e40433          	add	s0,s0,a4
20005a2c:	40a787b3          	sub	a5,a5,a0
20005a30:	00f42023          	sw	a5,0(s0)
20005a34:	ef5ff06f          	j	20005928 <_malloc_r+0x48>
20005a38:	00e7a223          	sw	a4,4(a5)
20005a3c:	fc5ff06f          	j	20005a00 <_malloc_r+0x120>
20005a40:	00442703          	lw	a4,4(s0)
20005a44:	00879663          	bne	a5,s0,20005a50 <_malloc_r+0x170>
20005a48:	86e9a423          	sw	a4,-1944(s3)
20005a4c:	fc1ff06f          	j	20005a0c <_malloc_r+0x12c>
20005a50:	00e7a223          	sw	a4,4(a5)
20005a54:	fb9ff06f          	j	20005a0c <_malloc_r+0x12c>
20005a58:	00040793          	mv	a5,s0
20005a5c:	00442403          	lw	s0,4(s0)
20005a60:	efdff06f          	j	2000595c <_malloc_r+0x7c>
20005a64:	00078413          	mv	s0,a5
20005a68:	0047a783          	lw	a5,4(a5)
20005a6c:	f15ff06f          	j	20005980 <_malloc_r+0xa0>
20005a70:	00078713          	mv	a4,a5
20005a74:	0047a783          	lw	a5,4(a5)
20005a78:	fe879ce3          	bne	a5,s0,20005a70 <_malloc_r+0x190>
20005a7c:	00072223          	sw	zero,4(a4)
20005a80:	f8dff06f          	j	20005a0c <_malloc_r+0x12c>
20005a84:	00c00793          	li	a5,12
20005a88:	00f92023          	sw	a5,0(s2)
20005a8c:	00090513          	mv	a0,s2
20005a90:	014000ef          	jal	20005aa4 <__malloc_unlock>
20005a94:	e91ff06f          	j	20005924 <_malloc_r+0x44>
20005a98:	00952023          	sw	s1,0(a0)
20005a9c:	f71ff06f          	j	20005a0c <_malloc_r+0x12c>

20005aa0 <__malloc_lock>:
20005aa0:	00008067          	ret

20005aa4 <__malloc_unlock>:
20005aa4:	00008067          	ret

20005aa8 <__ssputs_r>:
20005aa8:	fe010113          	addi	sp,sp,-32
20005aac:	01212823          	sw	s2,16(sp)
20005ab0:	0085a903          	lw	s2,8(a1)
20005ab4:	00812c23          	sw	s0,24(sp)
20005ab8:	01312623          	sw	s3,12(sp)
20005abc:	01612023          	sw	s6,0(sp)
20005ac0:	00112e23          	sw	ra,28(sp)
20005ac4:	00912a23          	sw	s1,20(sp)
20005ac8:	01412423          	sw	s4,8(sp)
20005acc:	01512223          	sw	s5,4(sp)
20005ad0:	00058413          	mv	s0,a1
20005ad4:	00060b13          	mv	s6,a2
20005ad8:	00068993          	mv	s3,a3
20005adc:	1326ec63          	bltu	a3,s2,20005c14 <__ssputs_r+0x16c>
20005ae0:	00c59783          	lh	a5,12(a1)
20005ae4:	00090713          	mv	a4,s2
20005ae8:	4807f693          	andi	a3,a5,1152
20005aec:	08068c63          	beqz	a3,20005b84 <__ssputs_r+0xdc>
20005af0:	01442483          	lw	s1,20(s0)
20005af4:	00300713          	li	a4,3
20005af8:	0105a583          	lw	a1,16(a1)
20005afc:	02e484b3          	mul	s1,s1,a4
20005b00:	00200713          	li	a4,2
20005b04:	00042a03          	lw	s4,0(s0)
20005b08:	00050a93          	mv	s5,a0
20005b0c:	40ba0a33          	sub	s4,s4,a1
20005b10:	02e4c4b3          	div	s1,s1,a4
20005b14:	00198713          	addi	a4,s3,1
20005b18:	01470733          	add	a4,a4,s4
20005b1c:	00048613          	mv	a2,s1
20005b20:	00e4f663          	bgeu	s1,a4,20005b2c <__ssputs_r+0x84>
20005b24:	00070493          	mv	s1,a4
20005b28:	00070613          	mv	a2,a4
20005b2c:	4007f793          	andi	a5,a5,1024
20005b30:	0a078663          	beqz	a5,20005bdc <__ssputs_r+0x134>
20005b34:	00060593          	mv	a1,a2
20005b38:	000a8513          	mv	a0,s5
20005b3c:	da5ff0ef          	jal	200058e0 <_malloc_r>
20005b40:	00050913          	mv	s2,a0
20005b44:	0a050a63          	beqz	a0,20005bf8 <__ssputs_r+0x150>
20005b48:	01042583          	lw	a1,16(s0)
20005b4c:	000a0613          	mv	a2,s4
20005b50:	388020ef          	jal	20007ed8 <memcpy>
20005b54:	00c45783          	lhu	a5,12(s0)
20005b58:	b7f7f793          	andi	a5,a5,-1153
20005b5c:	0807e793          	ori	a5,a5,128
20005b60:	00f41623          	sh	a5,12(s0)
20005b64:	01242823          	sw	s2,16(s0)
20005b68:	00942a23          	sw	s1,20(s0)
20005b6c:	01490933          	add	s2,s2,s4
20005b70:	414484b3          	sub	s1,s1,s4
20005b74:	01242023          	sw	s2,0(s0)
20005b78:	00942423          	sw	s1,8(s0)
20005b7c:	00098913          	mv	s2,s3
20005b80:	00098713          	mv	a4,s3
20005b84:	00070993          	mv	s3,a4
20005b88:	00042503          	lw	a0,0(s0)
20005b8c:	00098613          	mv	a2,s3
20005b90:	000b0593          	mv	a1,s6
20005b94:	2ec020ef          	jal	20007e80 <memmove>
20005b98:	00842783          	lw	a5,8(s0)
20005b9c:	00000513          	li	a0,0
20005ba0:	412787b3          	sub	a5,a5,s2
20005ba4:	00f42423          	sw	a5,8(s0)
20005ba8:	00042783          	lw	a5,0(s0)
20005bac:	013787b3          	add	a5,a5,s3
20005bb0:	00f42023          	sw	a5,0(s0)
20005bb4:	01c12083          	lw	ra,28(sp)
20005bb8:	01812403          	lw	s0,24(sp)
20005bbc:	01412483          	lw	s1,20(sp)
20005bc0:	01012903          	lw	s2,16(sp)
20005bc4:	00c12983          	lw	s3,12(sp)
20005bc8:	00812a03          	lw	s4,8(sp)
20005bcc:	00412a83          	lw	s5,4(sp)
20005bd0:	00012b03          	lw	s6,0(sp)
20005bd4:	02010113          	addi	sp,sp,32
20005bd8:	00008067          	ret
20005bdc:	000a8513          	mv	a0,s5
20005be0:	334020ef          	jal	20007f14 <_realloc_r>
20005be4:	00050913          	mv	s2,a0
20005be8:	f6051ee3          	bnez	a0,20005b64 <__ssputs_r+0xbc>
20005bec:	01042583          	lw	a1,16(s0)
20005bf0:	000a8513          	mv	a0,s5
20005bf4:	b49ff0ef          	jal	2000573c <_free_r>
20005bf8:	00c00793          	li	a5,12
20005bfc:	00faa023          	sw	a5,0(s5)
20005c00:	00c45783          	lhu	a5,12(s0)
20005c04:	fff00513          	li	a0,-1
20005c08:	0407e793          	ori	a5,a5,64
20005c0c:	00f41623          	sh	a5,12(s0)
20005c10:	fa5ff06f          	j	20005bb4 <__ssputs_r+0x10c>
20005c14:	00068913          	mv	s2,a3
20005c18:	f71ff06f          	j	20005b88 <__ssputs_r+0xe0>

20005c1c <__ssprint_r>:
20005c1c:	00862783          	lw	a5,8(a2)
20005c20:	fd010113          	addi	sp,sp,-48
20005c24:	01312e23          	sw	s3,28(sp)
20005c28:	02112623          	sw	ra,44(sp)
20005c2c:	02812423          	sw	s0,40(sp)
20005c30:	02912223          	sw	s1,36(sp)
20005c34:	03212023          	sw	s2,32(sp)
20005c38:	01412c23          	sw	s4,24(sp)
20005c3c:	01512a23          	sw	s5,20(sp)
20005c40:	01612823          	sw	s6,16(sp)
20005c44:	01712623          	sw	s7,12(sp)
20005c48:	01812423          	sw	s8,8(sp)
20005c4c:	01912223          	sw	s9,4(sp)
20005c50:	01a12023          	sw	s10,0(sp)
20005c54:	00060993          	mv	s3,a2
20005c58:	10078063          	beqz	a5,20005d58 <__ssprint_r+0x13c>
20005c5c:	00062a03          	lw	s4,0(a2)
20005c60:	00050c93          	mv	s9,a0
20005c64:	00058413          	mv	s0,a1
20005c68:	00300a93          	li	s5,3
20005c6c:	00200b13          	li	s6,2
20005c70:	000a2783          	lw	a5,0(s4)
20005c74:	004a2c03          	lw	s8,4(s4)
20005c78:	00078d13          	mv	s10,a5
20005c7c:	100c0e63          	beqz	s8,20005d98 <__ssprint_r+0x17c>
20005c80:	00842903          	lw	s2,8(s0)
20005c84:	00090493          	mv	s1,s2
20005c88:	152c6a63          	bltu	s8,s2,20005ddc <__ssprint_r+0x1c0>
20005c8c:	00c41783          	lh	a5,12(s0)
20005c90:	4807f713          	andi	a4,a5,1152
20005c94:	08070663          	beqz	a4,20005d20 <__ssprint_r+0x104>
20005c98:	01442483          	lw	s1,20(s0)
20005c9c:	01042583          	lw	a1,16(s0)
20005ca0:	00042b83          	lw	s7,0(s0)
20005ca4:	035484b3          	mul	s1,s1,s5
20005ca8:	40bb8bb3          	sub	s7,s7,a1
20005cac:	001b8713          	addi	a4,s7,1
20005cb0:	01870733          	add	a4,a4,s8
20005cb4:	0364c4b3          	div	s1,s1,s6
20005cb8:	00048613          	mv	a2,s1
20005cbc:	00e4f663          	bgeu	s1,a4,20005cc8 <__ssprint_r+0xac>
20005cc0:	00070493          	mv	s1,a4
20005cc4:	00070613          	mv	a2,a4
20005cc8:	4007f793          	andi	a5,a5,1024
20005ccc:	0c078a63          	beqz	a5,20005da0 <__ssprint_r+0x184>
20005cd0:	00060593          	mv	a1,a2
20005cd4:	000c8513          	mv	a0,s9
20005cd8:	c09ff0ef          	jal	200058e0 <_malloc_r>
20005cdc:	00050913          	mv	s2,a0
20005ce0:	0c050e63          	beqz	a0,20005dbc <__ssprint_r+0x1a0>
20005ce4:	01042583          	lw	a1,16(s0)
20005ce8:	000b8613          	mv	a2,s7
20005cec:	1ec020ef          	jal	20007ed8 <memcpy>
20005cf0:	00c45783          	lhu	a5,12(s0)
20005cf4:	b7f7f793          	andi	a5,a5,-1153
20005cf8:	0807e793          	ori	a5,a5,128
20005cfc:	00f41623          	sh	a5,12(s0)
20005d00:	01242823          	sw	s2,16(s0)
20005d04:	00942a23          	sw	s1,20(s0)
20005d08:	01790933          	add	s2,s2,s7
20005d0c:	417484b3          	sub	s1,s1,s7
20005d10:	01242023          	sw	s2,0(s0)
20005d14:	00942423          	sw	s1,8(s0)
20005d18:	000c0913          	mv	s2,s8
20005d1c:	000c0493          	mv	s1,s8
20005d20:	00042503          	lw	a0,0(s0)
20005d24:	00048613          	mv	a2,s1
20005d28:	000d0593          	mv	a1,s10
20005d2c:	154020ef          	jal	20007e80 <memmove>
20005d30:	00842783          	lw	a5,8(s0)
20005d34:	412787b3          	sub	a5,a5,s2
20005d38:	00f42423          	sw	a5,8(s0)
20005d3c:	00042783          	lw	a5,0(s0)
20005d40:	009787b3          	add	a5,a5,s1
20005d44:	00f42023          	sw	a5,0(s0)
20005d48:	0089a783          	lw	a5,8(s3)
20005d4c:	418787b3          	sub	a5,a5,s8
20005d50:	00f9a423          	sw	a5,8(s3)
20005d54:	04079263          	bnez	a5,20005d98 <__ssprint_r+0x17c>
20005d58:	00000513          	li	a0,0
20005d5c:	02c12083          	lw	ra,44(sp)
20005d60:	02812403          	lw	s0,40(sp)
20005d64:	0009a223          	sw	zero,4(s3)
20005d68:	02412483          	lw	s1,36(sp)
20005d6c:	02012903          	lw	s2,32(sp)
20005d70:	01c12983          	lw	s3,28(sp)
20005d74:	01812a03          	lw	s4,24(sp)
20005d78:	01412a83          	lw	s5,20(sp)
20005d7c:	01012b03          	lw	s6,16(sp)
20005d80:	00c12b83          	lw	s7,12(sp)
20005d84:	00812c03          	lw	s8,8(sp)
20005d88:	00412c83          	lw	s9,4(sp)
20005d8c:	00012d03          	lw	s10,0(sp)
20005d90:	03010113          	addi	sp,sp,48
20005d94:	00008067          	ret
20005d98:	008a0a13          	addi	s4,s4,8
20005d9c:	ed5ff06f          	j	20005c70 <__ssprint_r+0x54>
20005da0:	000c8513          	mv	a0,s9
20005da4:	170020ef          	jal	20007f14 <_realloc_r>
20005da8:	00050913          	mv	s2,a0
20005dac:	f4051ae3          	bnez	a0,20005d00 <__ssprint_r+0xe4>
20005db0:	01042583          	lw	a1,16(s0)
20005db4:	000c8513          	mv	a0,s9
20005db8:	985ff0ef          	jal	2000573c <_free_r>
20005dbc:	00c00793          	li	a5,12
20005dc0:	00fca023          	sw	a5,0(s9)
20005dc4:	00c45783          	lhu	a5,12(s0)
20005dc8:	fff00513          	li	a0,-1
20005dcc:	0407e793          	ori	a5,a5,64
20005dd0:	00f41623          	sh	a5,12(s0)
20005dd4:	0009a423          	sw	zero,8(s3)
20005dd8:	f85ff06f          	j	20005d5c <__ssprint_r+0x140>
20005ddc:	000c0913          	mv	s2,s8
20005de0:	f3dff06f          	j	20005d1c <__ssprint_r+0x100>

20005de4 <_svfiprintf_r>:
20005de4:	00c5d783          	lhu	a5,12(a1)
20005de8:	f5010113          	addi	sp,sp,-176
20005dec:	0a912223          	sw	s1,164(sp)
20005df0:	09812423          	sw	s8,136(sp)
20005df4:	0a112623          	sw	ra,172(sp)
20005df8:	0a812423          	sw	s0,168(sp)
20005dfc:	0b212023          	sw	s2,160(sp)
20005e00:	09312e23          	sw	s3,156(sp)
20005e04:	09412c23          	sw	s4,152(sp)
20005e08:	09512a23          	sw	s5,148(sp)
20005e0c:	09612823          	sw	s6,144(sp)
20005e10:	09712623          	sw	s7,140(sp)
20005e14:	0807f793          	andi	a5,a5,128
20005e18:	00050c13          	mv	s8,a0
20005e1c:	00058493          	mv	s1,a1
20005e20:	06078a63          	beqz	a5,20005e94 <_svfiprintf_r+0xb0>
20005e24:	0105a783          	lw	a5,16(a1)
20005e28:	06079663          	bnez	a5,20005e94 <_svfiprintf_r+0xb0>
20005e2c:	04000593          	li	a1,64
20005e30:	00d12623          	sw	a3,12(sp)
20005e34:	00c12423          	sw	a2,8(sp)
20005e38:	aa9ff0ef          	jal	200058e0 <_malloc_r>
20005e3c:	00a4a023          	sw	a0,0(s1)
20005e40:	00a4a823          	sw	a0,16(s1)
20005e44:	00812603          	lw	a2,8(sp)
20005e48:	00c12683          	lw	a3,12(sp)
20005e4c:	04051063          	bnez	a0,20005e8c <_svfiprintf_r+0xa8>
20005e50:	00c00793          	li	a5,12
20005e54:	00fc2023          	sw	a5,0(s8)
20005e58:	fff00513          	li	a0,-1
20005e5c:	0ac12083          	lw	ra,172(sp)
20005e60:	0a812403          	lw	s0,168(sp)
20005e64:	0a412483          	lw	s1,164(sp)
20005e68:	0a012903          	lw	s2,160(sp)
20005e6c:	09c12983          	lw	s3,156(sp)
20005e70:	09812a03          	lw	s4,152(sp)
20005e74:	09412a83          	lw	s5,148(sp)
20005e78:	09012b03          	lw	s6,144(sp)
20005e7c:	08c12b83          	lw	s7,140(sp)
20005e80:	08812c03          	lw	s8,136(sp)
20005e84:	0b010113          	addi	sp,sp,176
20005e88:	00008067          	ret
20005e8c:	04000793          	li	a5,64
20005e90:	00f4aa23          	sw	a5,20(s1)
20005e94:	02000793          	li	a5,32
20005e98:	02f10ca3          	sb	a5,57(sp)
20005e9c:	200089b7          	lui	s3,0x20008
20005ea0:	03000793          	li	a5,48
20005ea4:	02012a23          	sw	zero,52(sp)
20005ea8:	02f10d23          	sb	a5,58(sp)
20005eac:	00d12e23          	sw	a3,28(sp)
20005eb0:	fff00a13          	li	s4,-1
20005eb4:	59098993          	addi	s3,s3,1424 # 20008590 <__clz_tab+0x19c>
20005eb8:	00100b13          	li	s6,1
20005ebc:	00a00a93          	li	s5,10
20005ec0:	00060413          	mv	s0,a2
20005ec4:	00044783          	lbu	a5,0(s0)
20005ec8:	00f03bb3          	snez	s7,a5
20005ecc:	fdb78793          	addi	a5,a5,-37
20005ed0:	00f037b3          	snez	a5,a5
20005ed4:	00fbfbb3          	and	s7,s7,a5
20005ed8:	0c0b9063          	bnez	s7,20005f98 <_svfiprintf_r+0x1b4>
20005edc:	40c406b3          	sub	a3,s0,a2
20005ee0:	02c40463          	beq	s0,a2,20005f08 <_svfiprintf_r+0x124>
20005ee4:	00048593          	mv	a1,s1
20005ee8:	000c0513          	mv	a0,s8
20005eec:	00d12423          	sw	a3,8(sp)
20005ef0:	bb9ff0ef          	jal	20005aa8 <__ssputs_r>
20005ef4:	23450c63          	beq	a0,s4,2000612c <_svfiprintf_r+0x348>
20005ef8:	03412783          	lw	a5,52(sp)
20005efc:	00812683          	lw	a3,8(sp)
20005f00:	00d787b3          	add	a5,a5,a3
20005f04:	02f12a23          	sw	a5,52(sp)
20005f08:	00044783          	lbu	a5,0(s0)
20005f0c:	22078063          	beqz	a5,2000612c <_svfiprintf_r+0x348>
20005f10:	00140413          	addi	s0,s0,1
20005f14:	02012023          	sw	zero,32(sp)
20005f18:	02012623          	sw	zero,44(sp)
20005f1c:	03412223          	sw	s4,36(sp)
20005f20:	02012423          	sw	zero,40(sp)
20005f24:	060101a3          	sb	zero,99(sp)
20005f28:	06012c23          	sw	zero,120(sp)
20005f2c:	00044583          	lbu	a1,0(s0)
20005f30:	00500613          	li	a2,5
20005f34:	00098513          	mv	a0,s3
20005f38:	379010ef          	jal	20007ab0 <memchr>
20005f3c:	02012783          	lw	a5,32(sp)
20005f40:	00140693          	addi	a3,s0,1
20005f44:	04051e63          	bnez	a0,20005fa0 <_svfiprintf_r+0x1bc>
20005f48:	0107f713          	andi	a4,a5,16
20005f4c:	00070663          	beqz	a4,20005f58 <_svfiprintf_r+0x174>
20005f50:	02000713          	li	a4,32
20005f54:	06e101a3          	sb	a4,99(sp)
20005f58:	0087f713          	andi	a4,a5,8
20005f5c:	00070663          	beqz	a4,20005f68 <_svfiprintf_r+0x184>
20005f60:	02b00713          	li	a4,43
20005f64:	06e101a3          	sb	a4,99(sp)
20005f68:	00044603          	lbu	a2,0(s0)
20005f6c:	02a00713          	li	a4,42
20005f70:	04e60463          	beq	a2,a4,20005fb8 <_svfiprintf_r+0x1d4>
20005f74:	02c12783          	lw	a5,44(sp)
20005f78:	00000693          	li	a3,0
20005f7c:	00900613          	li	a2,9
20005f80:	00044703          	lbu	a4,0(s0)
20005f84:	fd070713          	addi	a4,a4,-48
20005f88:	08e67e63          	bgeu	a2,a4,20006024 <_svfiprintf_r+0x240>
20005f8c:	04068463          	beqz	a3,20005fd4 <_svfiprintf_r+0x1f0>
20005f90:	02f12623          	sw	a5,44(sp)
20005f94:	0400006f          	j	20005fd4 <_svfiprintf_r+0x1f0>
20005f98:	00140413          	addi	s0,s0,1
20005f9c:	f29ff06f          	j	20005ec4 <_svfiprintf_r+0xe0>
20005fa0:	41350533          	sub	a0,a0,s3
20005fa4:	00ab1533          	sll	a0,s6,a0
20005fa8:	00f56533          	or	a0,a0,a5
20005fac:	02a12023          	sw	a0,32(sp)
20005fb0:	00068413          	mv	s0,a3
20005fb4:	f79ff06f          	j	20005f2c <_svfiprintf_r+0x148>
20005fb8:	01c12703          	lw	a4,28(sp)
20005fbc:	00470613          	addi	a2,a4,4
20005fc0:	00072703          	lw	a4,0(a4)
20005fc4:	00c12e23          	sw	a2,28(sp)
20005fc8:	04074463          	bltz	a4,20006010 <_svfiprintf_r+0x22c>
20005fcc:	02e12623          	sw	a4,44(sp)
20005fd0:	00068413          	mv	s0,a3
20005fd4:	00044703          	lbu	a4,0(s0)
20005fd8:	02e00793          	li	a5,46
20005fdc:	06f71e63          	bne	a4,a5,20006058 <_svfiprintf_r+0x274>
20005fe0:	00144703          	lbu	a4,1(s0)
20005fe4:	02a00793          	li	a5,42
20005fe8:	04f71863          	bne	a4,a5,20006038 <_svfiprintf_r+0x254>
20005fec:	01c12783          	lw	a5,28(sp)
20005ff0:	00240413          	addi	s0,s0,2
20005ff4:	00478713          	addi	a4,a5,4
20005ff8:	0007a783          	lw	a5,0(a5)
20005ffc:	00e12e23          	sw	a4,28(sp)
20006000:	0007d463          	bgez	a5,20006008 <_svfiprintf_r+0x224>
20006004:	fff00793          	li	a5,-1
20006008:	02f12223          	sw	a5,36(sp)
2000600c:	04c0006f          	j	20006058 <_svfiprintf_r+0x274>
20006010:	40e00733          	neg	a4,a4
20006014:	0027e793          	ori	a5,a5,2
20006018:	02e12623          	sw	a4,44(sp)
2000601c:	02f12023          	sw	a5,32(sp)
20006020:	fb1ff06f          	j	20005fd0 <_svfiprintf_r+0x1ec>
20006024:	035787b3          	mul	a5,a5,s5
20006028:	00140413          	addi	s0,s0,1
2000602c:	00100693          	li	a3,1
20006030:	00e787b3          	add	a5,a5,a4
20006034:	f4dff06f          	j	20005f80 <_svfiprintf_r+0x19c>
20006038:	00140413          	addi	s0,s0,1
2000603c:	02012223          	sw	zero,36(sp)
20006040:	00000793          	li	a5,0
20006044:	00900693          	li	a3,9
20006048:	00044703          	lbu	a4,0(s0)
2000604c:	fd070713          	addi	a4,a4,-48
20006050:	08e6f863          	bgeu	a3,a4,200060e0 <_svfiprintf_r+0x2fc>
20006054:	fa0b9ae3          	bnez	s7,20006008 <_svfiprintf_r+0x224>
20006058:	00044583          	lbu	a1,0(s0)
2000605c:	20008bb7          	lui	s7,0x20008
20006060:	00300613          	li	a2,3
20006064:	598b8513          	addi	a0,s7,1432 # 20008598 <__clz_tab+0x1a4>
20006068:	249010ef          	jal	20007ab0 <memchr>
2000606c:	02050263          	beqz	a0,20006090 <_svfiprintf_r+0x2ac>
20006070:	02012783          	lw	a5,32(sp)
20006074:	598b8b93          	addi	s7,s7,1432
20006078:	41750533          	sub	a0,a0,s7
2000607c:	04000713          	li	a4,64
20006080:	00a71733          	sll	a4,a4,a0
20006084:	00e7e7b3          	or	a5,a5,a4
20006088:	00140413          	addi	s0,s0,1
2000608c:	02f12023          	sw	a5,32(sp)
20006090:	00044583          	lbu	a1,0(s0)
20006094:	20008537          	lui	a0,0x20008
20006098:	00600613          	li	a2,6
2000609c:	59c50513          	addi	a0,a0,1436 # 2000859c <__clz_tab+0x1a8>
200060a0:	02b10c23          	sb	a1,56(sp)
200060a4:	20d010ef          	jal	20007ab0 <memchr>
200060a8:	08050c63          	beqz	a0,20006140 <_svfiprintf_r+0x35c>
200060ac:	00000793          	li	a5,0
200060b0:	04079a63          	bnez	a5,20006104 <_svfiprintf_r+0x320>
200060b4:	02012703          	lw	a4,32(sp)
200060b8:	01c12783          	lw	a5,28(sp)
200060bc:	10077713          	andi	a4,a4,256
200060c0:	02070a63          	beqz	a4,200060f4 <_svfiprintf_r+0x310>
200060c4:	00478793          	addi	a5,a5,4
200060c8:	00f12e23          	sw	a5,28(sp)
200060cc:	03412783          	lw	a5,52(sp)
200060d0:	00140613          	addi	a2,s0,1
200060d4:	012787b3          	add	a5,a5,s2
200060d8:	02f12a23          	sw	a5,52(sp)
200060dc:	de5ff06f          	j	20005ec0 <_svfiprintf_r+0xdc>
200060e0:	035787b3          	mul	a5,a5,s5
200060e4:	00140413          	addi	s0,s0,1
200060e8:	00100b93          	li	s7,1
200060ec:	00e787b3          	add	a5,a5,a4
200060f0:	f59ff06f          	j	20006048 <_svfiprintf_r+0x264>
200060f4:	00778793          	addi	a5,a5,7
200060f8:	ff87f793          	andi	a5,a5,-8
200060fc:	00878793          	addi	a5,a5,8
20006100:	fc9ff06f          	j	200060c8 <_svfiprintf_r+0x2e4>
20006104:	200066b7          	lui	a3,0x20006
20006108:	01c10713          	addi	a4,sp,28
2000610c:	aa868693          	addi	a3,a3,-1368 # 20005aa8 <__ssputs_r>
20006110:	00048613          	mv	a2,s1
20006114:	02010593          	addi	a1,sp,32
20006118:	000c0513          	mv	a0,s8
2000611c:	00000097          	auipc	ra,0x0
20006120:	000000e7          	jalr	zero # 0 <_start-0x20000000>
20006124:	00050913          	mv	s2,a0
20006128:	fb4512e3          	bne	a0,s4,200060cc <_svfiprintf_r+0x2e8>
2000612c:	00c4d783          	lhu	a5,12(s1)
20006130:	0407f793          	andi	a5,a5,64
20006134:	d20792e3          	bnez	a5,20005e58 <_svfiprintf_r+0x74>
20006138:	03412503          	lw	a0,52(sp)
2000613c:	d21ff06f          	j	20005e5c <_svfiprintf_r+0x78>
20006140:	200066b7          	lui	a3,0x20006
20006144:	01c10713          	addi	a4,sp,28
20006148:	aa868693          	addi	a3,a3,-1368 # 20005aa8 <__ssputs_r>
2000614c:	00048613          	mv	a2,s1
20006150:	02010593          	addi	a1,sp,32
20006154:	000c0513          	mv	a0,s8
20006158:	63c000ef          	jal	20006794 <_printf_i>
2000615c:	fc9ff06f          	j	20006124 <_svfiprintf_r+0x340>

20006160 <__sfputc_r>:
20006160:	00862783          	lw	a5,8(a2)
20006164:	fff78793          	addi	a5,a5,-1
20006168:	00f62423          	sw	a5,8(a2)
2000616c:	0007dc63          	bgez	a5,20006184 <__sfputc_r+0x24>
20006170:	01862703          	lw	a4,24(a2)
20006174:	00e7c663          	blt	a5,a4,20006180 <__sfputc_r+0x20>
20006178:	ff658793          	addi	a5,a1,-10
2000617c:	00079463          	bnez	a5,20006184 <__sfputc_r+0x24>
20006180:	7040106f          	j	20007884 <__swbuf_r>
20006184:	00062783          	lw	a5,0(a2)
20006188:	00058513          	mv	a0,a1
2000618c:	00178713          	addi	a4,a5,1
20006190:	00e62023          	sw	a4,0(a2)
20006194:	00b78023          	sb	a1,0(a5)
20006198:	00008067          	ret

2000619c <__sfputs_r>:
2000619c:	fe010113          	addi	sp,sp,-32
200061a0:	00812c23          	sw	s0,24(sp)
200061a4:	00912a23          	sw	s1,20(sp)
200061a8:	01212823          	sw	s2,16(sp)
200061ac:	01312623          	sw	s3,12(sp)
200061b0:	01412423          	sw	s4,8(sp)
200061b4:	00112e23          	sw	ra,28(sp)
200061b8:	00050993          	mv	s3,a0
200061bc:	00058a13          	mv	s4,a1
200061c0:	00060413          	mv	s0,a2
200061c4:	00d604b3          	add	s1,a2,a3
200061c8:	fff00913          	li	s2,-1
200061cc:	00941663          	bne	s0,s1,200061d8 <__sfputs_r+0x3c>
200061d0:	00000513          	li	a0,0
200061d4:	01c0006f          	j	200061f0 <__sfputs_r+0x54>
200061d8:	00044583          	lbu	a1,0(s0)
200061dc:	000a0613          	mv	a2,s4
200061e0:	00098513          	mv	a0,s3
200061e4:	f7dff0ef          	jal	20006160 <__sfputc_r>
200061e8:	00140413          	addi	s0,s0,1
200061ec:	ff2510e3          	bne	a0,s2,200061cc <__sfputs_r+0x30>
200061f0:	01c12083          	lw	ra,28(sp)
200061f4:	01812403          	lw	s0,24(sp)
200061f8:	01412483          	lw	s1,20(sp)
200061fc:	01012903          	lw	s2,16(sp)
20006200:	00c12983          	lw	s3,12(sp)
20006204:	00812a03          	lw	s4,8(sp)
20006208:	02010113          	addi	sp,sp,32
2000620c:	00008067          	ret

20006210 <__sprint_r>:
20006210:	00862783          	lw	a5,8(a2)
20006214:	ff010113          	addi	sp,sp,-16
20006218:	00812423          	sw	s0,8(sp)
2000621c:	00112623          	sw	ra,12(sp)
20006220:	00060413          	mv	s0,a2
20006224:	02078063          	beqz	a5,20006244 <__sprint_r+0x34>
20006228:	6c1000ef          	jal	200070e8 <__sfvwrite_r>
2000622c:	00042423          	sw	zero,8(s0)
20006230:	00c12083          	lw	ra,12(sp)
20006234:	00042223          	sw	zero,4(s0)
20006238:	00812403          	lw	s0,8(sp)
2000623c:	01010113          	addi	sp,sp,16
20006240:	00008067          	ret
20006244:	00000513          	li	a0,0
20006248:	fe9ff06f          	j	20006230 <__sprint_r+0x20>

2000624c <_vfiprintf_r>:
2000624c:	f5010113          	addi	sp,sp,-176
20006250:	0a812423          	sw	s0,168(sp)
20006254:	0a912223          	sw	s1,164(sp)
20006258:	09312e23          	sw	s3,156(sp)
2000625c:	09412c23          	sw	s4,152(sp)
20006260:	0a112623          	sw	ra,172(sp)
20006264:	0b212023          	sw	s2,160(sp)
20006268:	09512a23          	sw	s5,148(sp)
2000626c:	09612823          	sw	s6,144(sp)
20006270:	09712623          	sw	s7,140(sp)
20006274:	09812423          	sw	s8,136(sp)
20006278:	09912223          	sw	s9,132(sp)
2000627c:	00050993          	mv	s3,a0
20006280:	00058493          	mv	s1,a1
20006284:	00060413          	mv	s0,a2
20006288:	00068a13          	mv	s4,a3
2000628c:	00050863          	beqz	a0,2000629c <_vfiprintf_r+0x50>
20006290:	02052783          	lw	a5,32(a0)
20006294:	00079463          	bnez	a5,2000629c <_vfiprintf_r+0x50>
20006298:	575000ef          	jal	2000700c <__sinit>
2000629c:	00c4d783          	lhu	a5,12(s1)
200062a0:	0087f793          	andi	a5,a5,8
200062a4:	10078a63          	beqz	a5,200063b8 <_vfiprintf_r+0x16c>
200062a8:	0104a783          	lw	a5,16(s1)
200062ac:	10078663          	beqz	a5,200063b8 <_vfiprintf_r+0x16c>
200062b0:	02000793          	li	a5,32
200062b4:	02f10ca3          	sb	a5,57(sp)
200062b8:	01412e23          	sw	s4,28(sp)
200062bc:	03000793          	li	a5,48
200062c0:	20008a37          	lui	s4,0x20008
200062c4:	02012a23          	sw	zero,52(sp)
200062c8:	02f10d23          	sb	a5,58(sp)
200062cc:	fff00a93          	li	s5,-1
200062d0:	590a0a13          	addi	s4,s4,1424 # 20008590 <__clz_tab+0x19c>
200062d4:	00100b93          	li	s7,1
200062d8:	00a00b13          	li	s6,10
200062dc:	00040c13          	mv	s8,s0
200062e0:	000c4783          	lbu	a5,0(s8)
200062e4:	00f03cb3          	snez	s9,a5
200062e8:	fdb78793          	addi	a5,a5,-37
200062ec:	00f037b3          	snez	a5,a5
200062f0:	00fcfcb3          	and	s9,s9,a5
200062f4:	100c9663          	bnez	s9,20006400 <_vfiprintf_r+0x1b4>
200062f8:	408c06b3          	sub	a3,s8,s0
200062fc:	028c0663          	beq	s8,s0,20006328 <_vfiprintf_r+0xdc>
20006300:	00040613          	mv	a2,s0
20006304:	00048593          	mv	a1,s1
20006308:	00098513          	mv	a0,s3
2000630c:	00d12623          	sw	a3,12(sp)
20006310:	e8dff0ef          	jal	2000619c <__sfputs_r>
20006314:	29550063          	beq	a0,s5,20006594 <_vfiprintf_r+0x348>
20006318:	03412783          	lw	a5,52(sp)
2000631c:	00c12683          	lw	a3,12(sp)
20006320:	00d787b3          	add	a5,a5,a3
20006324:	02f12a23          	sw	a5,52(sp)
20006328:	000c4783          	lbu	a5,0(s8)
2000632c:	26078463          	beqz	a5,20006594 <_vfiprintf_r+0x348>
20006330:	001c0413          	addi	s0,s8,1
20006334:	02012023          	sw	zero,32(sp)
20006338:	02012623          	sw	zero,44(sp)
2000633c:	03512223          	sw	s5,36(sp)
20006340:	02012423          	sw	zero,40(sp)
20006344:	060101a3          	sb	zero,99(sp)
20006348:	06012c23          	sw	zero,120(sp)
2000634c:	00044583          	lbu	a1,0(s0)
20006350:	00500613          	li	a2,5
20006354:	000a0513          	mv	a0,s4
20006358:	758010ef          	jal	20007ab0 <memchr>
2000635c:	02012783          	lw	a5,32(sp)
20006360:	00140693          	addi	a3,s0,1
20006364:	0a051263          	bnez	a0,20006408 <_vfiprintf_r+0x1bc>
20006368:	0107f713          	andi	a4,a5,16
2000636c:	00070663          	beqz	a4,20006378 <_vfiprintf_r+0x12c>
20006370:	02000713          	li	a4,32
20006374:	06e101a3          	sb	a4,99(sp)
20006378:	0087f713          	andi	a4,a5,8
2000637c:	00070663          	beqz	a4,20006388 <_vfiprintf_r+0x13c>
20006380:	02b00713          	li	a4,43
20006384:	06e101a3          	sb	a4,99(sp)
20006388:	00044603          	lbu	a2,0(s0)
2000638c:	02a00713          	li	a4,42
20006390:	08e60863          	beq	a2,a4,20006420 <_vfiprintf_r+0x1d4>
20006394:	02c12783          	lw	a5,44(sp)
20006398:	00000693          	li	a3,0
2000639c:	00900613          	li	a2,9
200063a0:	00044703          	lbu	a4,0(s0)
200063a4:	fd070713          	addi	a4,a4,-48
200063a8:	0ee67263          	bgeu	a2,a4,2000648c <_vfiprintf_r+0x240>
200063ac:	08068863          	beqz	a3,2000643c <_vfiprintf_r+0x1f0>
200063b0:	02f12623          	sw	a5,44(sp)
200063b4:	0880006f          	j	2000643c <_vfiprintf_r+0x1f0>
200063b8:	00048593          	mv	a1,s1
200063bc:	00098513          	mv	a0,s3
200063c0:	5d4010ef          	jal	20007994 <__swsetup_r>
200063c4:	ee0506e3          	beqz	a0,200062b0 <_vfiprintf_r+0x64>
200063c8:	fff00513          	li	a0,-1
200063cc:	0ac12083          	lw	ra,172(sp)
200063d0:	0a812403          	lw	s0,168(sp)
200063d4:	0a412483          	lw	s1,164(sp)
200063d8:	0a012903          	lw	s2,160(sp)
200063dc:	09c12983          	lw	s3,156(sp)
200063e0:	09812a03          	lw	s4,152(sp)
200063e4:	09412a83          	lw	s5,148(sp)
200063e8:	09012b03          	lw	s6,144(sp)
200063ec:	08c12b83          	lw	s7,140(sp)
200063f0:	08812c03          	lw	s8,136(sp)
200063f4:	08412c83          	lw	s9,132(sp)
200063f8:	0b010113          	addi	sp,sp,176
200063fc:	00008067          	ret
20006400:	001c0c13          	addi	s8,s8,1
20006404:	eddff06f          	j	200062e0 <_vfiprintf_r+0x94>
20006408:	41450533          	sub	a0,a0,s4
2000640c:	00ab9533          	sll	a0,s7,a0
20006410:	00f56533          	or	a0,a0,a5
20006414:	02a12023          	sw	a0,32(sp)
20006418:	00068413          	mv	s0,a3
2000641c:	f31ff06f          	j	2000634c <_vfiprintf_r+0x100>
20006420:	01c12703          	lw	a4,28(sp)
20006424:	00470613          	addi	a2,a4,4
20006428:	00072703          	lw	a4,0(a4)
2000642c:	00c12e23          	sw	a2,28(sp)
20006430:	04074463          	bltz	a4,20006478 <_vfiprintf_r+0x22c>
20006434:	02e12623          	sw	a4,44(sp)
20006438:	00068413          	mv	s0,a3
2000643c:	00044703          	lbu	a4,0(s0)
20006440:	02e00793          	li	a5,46
20006444:	06f71e63          	bne	a4,a5,200064c0 <_vfiprintf_r+0x274>
20006448:	00144703          	lbu	a4,1(s0)
2000644c:	02a00793          	li	a5,42
20006450:	04f71863          	bne	a4,a5,200064a0 <_vfiprintf_r+0x254>
20006454:	01c12783          	lw	a5,28(sp)
20006458:	00240413          	addi	s0,s0,2
2000645c:	00478713          	addi	a4,a5,4
20006460:	0007a783          	lw	a5,0(a5)
20006464:	00e12e23          	sw	a4,28(sp)
20006468:	0007d463          	bgez	a5,20006470 <_vfiprintf_r+0x224>
2000646c:	fff00793          	li	a5,-1
20006470:	02f12223          	sw	a5,36(sp)
20006474:	04c0006f          	j	200064c0 <_vfiprintf_r+0x274>
20006478:	40e00733          	neg	a4,a4
2000647c:	0027e793          	ori	a5,a5,2
20006480:	02e12623          	sw	a4,44(sp)
20006484:	02f12023          	sw	a5,32(sp)
20006488:	fb1ff06f          	j	20006438 <_vfiprintf_r+0x1ec>
2000648c:	036787b3          	mul	a5,a5,s6
20006490:	00140413          	addi	s0,s0,1
20006494:	00100693          	li	a3,1
20006498:	00e787b3          	add	a5,a5,a4
2000649c:	f05ff06f          	j	200063a0 <_vfiprintf_r+0x154>
200064a0:	00140413          	addi	s0,s0,1
200064a4:	02012223          	sw	zero,36(sp)
200064a8:	00000793          	li	a5,0
200064ac:	00900693          	li	a3,9
200064b0:	00044703          	lbu	a4,0(s0)
200064b4:	fd070713          	addi	a4,a4,-48
200064b8:	08e6f863          	bgeu	a3,a4,20006548 <_vfiprintf_r+0x2fc>
200064bc:	fa0c9ae3          	bnez	s9,20006470 <_vfiprintf_r+0x224>
200064c0:	00044583          	lbu	a1,0(s0)
200064c4:	20008c37          	lui	s8,0x20008
200064c8:	00300613          	li	a2,3
200064cc:	598c0513          	addi	a0,s8,1432 # 20008598 <__clz_tab+0x1a4>
200064d0:	5e0010ef          	jal	20007ab0 <memchr>
200064d4:	02050263          	beqz	a0,200064f8 <_vfiprintf_r+0x2ac>
200064d8:	02012783          	lw	a5,32(sp)
200064dc:	598c0c13          	addi	s8,s8,1432
200064e0:	41850533          	sub	a0,a0,s8
200064e4:	04000713          	li	a4,64
200064e8:	00a71733          	sll	a4,a4,a0
200064ec:	00e7e7b3          	or	a5,a5,a4
200064f0:	00140413          	addi	s0,s0,1
200064f4:	02f12023          	sw	a5,32(sp)
200064f8:	00044583          	lbu	a1,0(s0)
200064fc:	20008537          	lui	a0,0x20008
20006500:	00600613          	li	a2,6
20006504:	59c50513          	addi	a0,a0,1436 # 2000859c <__clz_tab+0x1a8>
20006508:	02b10c23          	sb	a1,56(sp)
2000650c:	5a4010ef          	jal	20007ab0 <memchr>
20006510:	08050c63          	beqz	a0,200065a8 <_vfiprintf_r+0x35c>
20006514:	00000793          	li	a5,0
20006518:	04079a63          	bnez	a5,2000656c <_vfiprintf_r+0x320>
2000651c:	02012703          	lw	a4,32(sp)
20006520:	01c12783          	lw	a5,28(sp)
20006524:	10077713          	andi	a4,a4,256
20006528:	02070a63          	beqz	a4,2000655c <_vfiprintf_r+0x310>
2000652c:	00478793          	addi	a5,a5,4
20006530:	00f12e23          	sw	a5,28(sp)
20006534:	03412783          	lw	a5,52(sp)
20006538:	00140413          	addi	s0,s0,1
2000653c:	012787b3          	add	a5,a5,s2
20006540:	02f12a23          	sw	a5,52(sp)
20006544:	d99ff06f          	j	200062dc <_vfiprintf_r+0x90>
20006548:	036787b3          	mul	a5,a5,s6
2000654c:	00140413          	addi	s0,s0,1
20006550:	00100c93          	li	s9,1
20006554:	00e787b3          	add	a5,a5,a4
20006558:	f59ff06f          	j	200064b0 <_vfiprintf_r+0x264>
2000655c:	00778793          	addi	a5,a5,7
20006560:	ff87f793          	andi	a5,a5,-8
20006564:	00878793          	addi	a5,a5,8
20006568:	fc9ff06f          	j	20006530 <_vfiprintf_r+0x2e4>
2000656c:	200066b7          	lui	a3,0x20006
20006570:	01c10713          	addi	a4,sp,28
20006574:	19c68693          	addi	a3,a3,412 # 2000619c <__sfputs_r>
20006578:	00048613          	mv	a2,s1
2000657c:	02010593          	addi	a1,sp,32
20006580:	00098513          	mv	a0,s3
20006584:	00000097          	auipc	ra,0x0
20006588:	000000e7          	jalr	zero # 0 <_start-0x20000000>
2000658c:	00050913          	mv	s2,a0
20006590:	fb5512e3          	bne	a0,s5,20006534 <_vfiprintf_r+0x2e8>
20006594:	00c4d783          	lhu	a5,12(s1)
20006598:	0407f793          	andi	a5,a5,64
2000659c:	e20796e3          	bnez	a5,200063c8 <_vfiprintf_r+0x17c>
200065a0:	03412503          	lw	a0,52(sp)
200065a4:	e29ff06f          	j	200063cc <_vfiprintf_r+0x180>
200065a8:	200066b7          	lui	a3,0x20006
200065ac:	01c10713          	addi	a4,sp,28
200065b0:	19c68693          	addi	a3,a3,412 # 2000619c <__sfputs_r>
200065b4:	00048613          	mv	a2,s1
200065b8:	02010593          	addi	a1,sp,32
200065bc:	00098513          	mv	a0,s3
200065c0:	1d4000ef          	jal	20006794 <_printf_i>
200065c4:	fc9ff06f          	j	2000658c <_vfiprintf_r+0x340>

200065c8 <vfiprintf>:
200065c8:	200087b7          	lui	a5,0x20008
200065cc:	00060693          	mv	a3,a2
200065d0:	00058613          	mv	a2,a1
200065d4:	00050593          	mv	a1,a0
200065d8:	6cc7a503          	lw	a0,1740(a5) # 200086cc <_impure_ptr>
200065dc:	c71ff06f          	j	2000624c <_vfiprintf_r>

200065e0 <_printf_common>:
200065e0:	fd010113          	addi	sp,sp,-48
200065e4:	01312e23          	sw	s3,28(sp)
200065e8:	0105a783          	lw	a5,16(a1)
200065ec:	00070993          	mv	s3,a4
200065f0:	0085a703          	lw	a4,8(a1)
200065f4:	02812423          	sw	s0,40(sp)
200065f8:	03212023          	sw	s2,32(sp)
200065fc:	01612823          	sw	s6,16(sp)
20006600:	01712623          	sw	s7,12(sp)
20006604:	02112623          	sw	ra,44(sp)
20006608:	02912223          	sw	s1,36(sp)
2000660c:	01412c23          	sw	s4,24(sp)
20006610:	01512a23          	sw	s5,20(sp)
20006614:	00050b13          	mv	s6,a0
20006618:	00058413          	mv	s0,a1
2000661c:	00060913          	mv	s2,a2
20006620:	00068b93          	mv	s7,a3
20006624:	00e7d463          	bge	a5,a4,2000662c <_printf_common+0x4c>
20006628:	00070793          	mv	a5,a4
2000662c:	00f92023          	sw	a5,0(s2)
20006630:	04344703          	lbu	a4,67(s0)
20006634:	00070663          	beqz	a4,20006640 <_printf_common+0x60>
20006638:	00178793          	addi	a5,a5,1
2000663c:	00f92023          	sw	a5,0(s2)
20006640:	00042783          	lw	a5,0(s0)
20006644:	0207f793          	andi	a5,a5,32
20006648:	00078863          	beqz	a5,20006658 <_printf_common+0x78>
2000664c:	00092783          	lw	a5,0(s2)
20006650:	00278793          	addi	a5,a5,2
20006654:	00f92023          	sw	a5,0(s2)
20006658:	00042483          	lw	s1,0(s0)
2000665c:	0064f493          	andi	s1,s1,6
20006660:	00049e63          	bnez	s1,2000667c <_printf_common+0x9c>
20006664:	01940a13          	addi	s4,s0,25
20006668:	fff00a93          	li	s5,-1
2000666c:	00c42783          	lw	a5,12(s0)
20006670:	00092703          	lw	a4,0(s2)
20006674:	40e787b3          	sub	a5,a5,a4
20006678:	08f4c463          	blt	s1,a5,20006700 <_printf_common+0x120>
2000667c:	00042783          	lw	a5,0(s0)
20006680:	04344683          	lbu	a3,67(s0)
20006684:	0207f793          	andi	a5,a5,32
20006688:	00d036b3          	snez	a3,a3
2000668c:	0c079263          	bnez	a5,20006750 <_printf_common+0x170>
20006690:	04340613          	addi	a2,s0,67
20006694:	000b8593          	mv	a1,s7
20006698:	000b0513          	mv	a0,s6
2000669c:	000980e7          	jalr	s3
200066a0:	fff00793          	li	a5,-1
200066a4:	06f50a63          	beq	a0,a5,20006718 <_printf_common+0x138>
200066a8:	00042783          	lw	a5,0(s0)
200066ac:	00400713          	li	a4,4
200066b0:	00000493          	li	s1,0
200066b4:	0067f793          	andi	a5,a5,6
200066b8:	00e79e63          	bne	a5,a4,200066d4 <_printf_common+0xf4>
200066bc:	00092783          	lw	a5,0(s2)
200066c0:	00c42483          	lw	s1,12(s0)
200066c4:	40f484b3          	sub	s1,s1,a5
200066c8:	fff4c793          	not	a5,s1
200066cc:	41f7d793          	srai	a5,a5,0x1f
200066d0:	00f4f4b3          	and	s1,s1,a5
200066d4:	00842783          	lw	a5,8(s0)
200066d8:	01042703          	lw	a4,16(s0)
200066dc:	00f75663          	bge	a4,a5,200066e8 <_printf_common+0x108>
200066e0:	40e787b3          	sub	a5,a5,a4
200066e4:	00f484b3          	add	s1,s1,a5
200066e8:	00000913          	li	s2,0
200066ec:	01a40413          	addi	s0,s0,26
200066f0:	fff00a13          	li	s4,-1
200066f4:	09249063          	bne	s1,s2,20006774 <_printf_common+0x194>
200066f8:	00000513          	li	a0,0
200066fc:	0200006f          	j	2000671c <_printf_common+0x13c>
20006700:	00100693          	li	a3,1
20006704:	000a0613          	mv	a2,s4
20006708:	000b8593          	mv	a1,s7
2000670c:	000b0513          	mv	a0,s6
20006710:	000980e7          	jalr	s3
20006714:	03551a63          	bne	a0,s5,20006748 <_printf_common+0x168>
20006718:	fff00513          	li	a0,-1
2000671c:	02c12083          	lw	ra,44(sp)
20006720:	02812403          	lw	s0,40(sp)
20006724:	02412483          	lw	s1,36(sp)
20006728:	02012903          	lw	s2,32(sp)
2000672c:	01c12983          	lw	s3,28(sp)
20006730:	01812a03          	lw	s4,24(sp)
20006734:	01412a83          	lw	s5,20(sp)
20006738:	01012b03          	lw	s6,16(sp)
2000673c:	00c12b83          	lw	s7,12(sp)
20006740:	03010113          	addi	sp,sp,48
20006744:	00008067          	ret
20006748:	00148493          	addi	s1,s1,1
2000674c:	f21ff06f          	j	2000666c <_printf_common+0x8c>
20006750:	00d40733          	add	a4,s0,a3
20006754:	03000613          	li	a2,48
20006758:	04c701a3          	sb	a2,67(a4)
2000675c:	04544703          	lbu	a4,69(s0)
20006760:	00168793          	addi	a5,a3,1
20006764:	00f407b3          	add	a5,s0,a5
20006768:	00268693          	addi	a3,a3,2
2000676c:	04e781a3          	sb	a4,67(a5)
20006770:	f21ff06f          	j	20006690 <_printf_common+0xb0>
20006774:	00100693          	li	a3,1
20006778:	00040613          	mv	a2,s0
2000677c:	000b8593          	mv	a1,s7
20006780:	000b0513          	mv	a0,s6
20006784:	000980e7          	jalr	s3
20006788:	f94508e3          	beq	a0,s4,20006718 <_printf_common+0x138>
2000678c:	00190913          	addi	s2,s2,1
20006790:	f65ff06f          	j	200066f4 <_printf_common+0x114>

20006794 <_printf_i>:
20006794:	fc010113          	addi	sp,sp,-64
20006798:	02812c23          	sw	s0,56(sp)
2000679c:	02912a23          	sw	s1,52(sp)
200067a0:	03412423          	sw	s4,40(sp)
200067a4:	03512223          	sw	s5,36(sp)
200067a8:	02112e23          	sw	ra,60(sp)
200067ac:	03212823          	sw	s2,48(sp)
200067b0:	03312623          	sw	s3,44(sp)
200067b4:	0185c783          	lbu	a5,24(a1)
200067b8:	00068493          	mv	s1,a3
200067bc:	07800693          	li	a3,120
200067c0:	00050a13          	mv	s4,a0
200067c4:	00058413          	mv	s0,a1
200067c8:	00060a93          	mv	s5,a2
200067cc:	00f6ee63          	bltu	a3,a5,200067e8 <_printf_i+0x54>
200067d0:	06200693          	li	a3,98
200067d4:	04358613          	addi	a2,a1,67
200067d8:	00f6ec63          	bltu	a3,a5,200067f0 <_printf_i+0x5c>
200067dc:	28078263          	beqz	a5,20006a60 <_printf_i+0x2cc>
200067e0:	05800693          	li	a3,88
200067e4:	20d78e63          	beq	a5,a3,20006a00 <_printf_i+0x26c>
200067e8:	04240913          	addi	s2,s0,66
200067ec:	0400006f          	j	2000682c <_printf_i+0x98>
200067f0:	f9d78693          	addi	a3,a5,-99
200067f4:	0ff6f693          	zext.b	a3,a3
200067f8:	01500593          	li	a1,21
200067fc:	fed5e6e3          	bltu	a1,a3,200067e8 <_printf_i+0x54>
20006800:	200085b7          	lui	a1,0x20008
20006804:	00269693          	slli	a3,a3,0x2
20006808:	5cc58593          	addi	a1,a1,1484 # 200085cc <__clz_tab+0x1d8>
2000680c:	00b686b3          	add	a3,a3,a1
20006810:	0006a683          	lw	a3,0(a3)
20006814:	00068067          	jr	a3
20006818:	00072783          	lw	a5,0(a4)
2000681c:	04240913          	addi	s2,s0,66
20006820:	00478693          	addi	a3,a5,4
20006824:	0007a783          	lw	a5,0(a5)
20006828:	00d72023          	sw	a3,0(a4)
2000682c:	04f40123          	sb	a5,66(s0)
20006830:	00100793          	li	a5,1
20006834:	2680006f          	j	20006a9c <_printf_i+0x308>
20006838:	00042783          	lw	a5,0(s0)
2000683c:	00072503          	lw	a0,0(a4)
20006840:	0807f693          	andi	a3,a5,128
20006844:	00450593          	addi	a1,a0,4
20006848:	02068663          	beqz	a3,20006874 <_printf_i+0xe0>
2000684c:	00052783          	lw	a5,0(a0)
20006850:	00b72023          	sw	a1,0(a4)
20006854:	200086b7          	lui	a3,0x20008
20006858:	0007d863          	bgez	a5,20006868 <_printf_i+0xd4>
2000685c:	02d00713          	li	a4,45
20006860:	40f007b3          	neg	a5,a5
20006864:	04e401a3          	sb	a4,67(s0)
20006868:	5a468693          	addi	a3,a3,1444 # 200085a4 <__clz_tab+0x1b0>
2000686c:	00a00713          	li	a4,10
20006870:	0680006f          	j	200068d8 <_printf_i+0x144>
20006874:	0407f693          	andi	a3,a5,64
20006878:	00052783          	lw	a5,0(a0)
2000687c:	00b72023          	sw	a1,0(a4)
20006880:	fc068ae3          	beqz	a3,20006854 <_printf_i+0xc0>
20006884:	01079793          	slli	a5,a5,0x10
20006888:	4107d793          	srai	a5,a5,0x10
2000688c:	fc9ff06f          	j	20006854 <_printf_i+0xc0>
20006890:	00042583          	lw	a1,0(s0)
20006894:	00072683          	lw	a3,0(a4)
20006898:	0805f513          	andi	a0,a1,128
2000689c:	0006a783          	lw	a5,0(a3)
200068a0:	00468693          	addi	a3,a3,4
200068a4:	00051a63          	bnez	a0,200068b8 <_printf_i+0x124>
200068a8:	0405f593          	andi	a1,a1,64
200068ac:	00058663          	beqz	a1,200068b8 <_printf_i+0x124>
200068b0:	01079793          	slli	a5,a5,0x10
200068b4:	0107d793          	srli	a5,a5,0x10
200068b8:	00d72023          	sw	a3,0(a4)
200068bc:	01844583          	lbu	a1,24(s0)
200068c0:	200086b7          	lui	a3,0x20008
200068c4:	06f00713          	li	a4,111
200068c8:	5a468693          	addi	a3,a3,1444 # 200085a4 <__clz_tab+0x1b0>
200068cc:	14e59863          	bne	a1,a4,20006a1c <_printf_i+0x288>
200068d0:	00800713          	li	a4,8
200068d4:	040401a3          	sb	zero,67(s0)
200068d8:	00442583          	lw	a1,4(s0)
200068dc:	00b42423          	sw	a1,8(s0)
200068e0:	0005ce63          	bltz	a1,200068fc <_printf_i+0x168>
200068e4:	00042503          	lw	a0,0(s0)
200068e8:	00b7e5b3          	or	a1,a5,a1
200068ec:	00060913          	mv	s2,a2
200068f0:	ffb57513          	andi	a0,a0,-5
200068f4:	00a42023          	sw	a0,0(s0)
200068f8:	02058463          	beqz	a1,20006920 <_printf_i+0x18c>
200068fc:	00060913          	mv	s2,a2
20006900:	02e7f5b3          	remu	a1,a5,a4
20006904:	fff90913          	addi	s2,s2,-1
20006908:	00b685b3          	add	a1,a3,a1
2000690c:	0005c583          	lbu	a1,0(a1)
20006910:	00b90023          	sb	a1,0(s2)
20006914:	00078593          	mv	a1,a5
20006918:	02e7d7b3          	divu	a5,a5,a4
2000691c:	fee5f2e3          	bgeu	a1,a4,20006900 <_printf_i+0x16c>
20006920:	00800793          	li	a5,8
20006924:	02f71463          	bne	a4,a5,2000694c <_printf_i+0x1b8>
20006928:	00042783          	lw	a5,0(s0)
2000692c:	0017f793          	andi	a5,a5,1
20006930:	00078e63          	beqz	a5,2000694c <_printf_i+0x1b8>
20006934:	00442703          	lw	a4,4(s0)
20006938:	01042783          	lw	a5,16(s0)
2000693c:	00e7c863          	blt	a5,a4,2000694c <_printf_i+0x1b8>
20006940:	03000793          	li	a5,48
20006944:	fef90fa3          	sb	a5,-1(s2)
20006948:	fff90913          	addi	s2,s2,-1
2000694c:	41260633          	sub	a2,a2,s2
20006950:	00c42823          	sw	a2,16(s0)
20006954:	00048713          	mv	a4,s1
20006958:	000a8693          	mv	a3,s5
2000695c:	01c10613          	addi	a2,sp,28
20006960:	00040593          	mv	a1,s0
20006964:	000a0513          	mv	a0,s4
20006968:	c79ff0ef          	jal	200065e0 <_printf_common>
2000696c:	fff00993          	li	s3,-1
20006970:	13351c63          	bne	a0,s3,20006aa8 <_printf_i+0x314>
20006974:	fff00513          	li	a0,-1
20006978:	03c12083          	lw	ra,60(sp)
2000697c:	03812403          	lw	s0,56(sp)
20006980:	03412483          	lw	s1,52(sp)
20006984:	03012903          	lw	s2,48(sp)
20006988:	02c12983          	lw	s3,44(sp)
2000698c:	02812a03          	lw	s4,40(sp)
20006990:	02412a83          	lw	s5,36(sp)
20006994:	04010113          	addi	sp,sp,64
20006998:	00008067          	ret
2000699c:	00042783          	lw	a5,0(s0)
200069a0:	0207e793          	ori	a5,a5,32
200069a4:	00f42023          	sw	a5,0(s0)
200069a8:	200086b7          	lui	a3,0x20008
200069ac:	07800793          	li	a5,120
200069b0:	5b868693          	addi	a3,a3,1464 # 200085b8 <__clz_tab+0x1c4>
200069b4:	04f402a3          	sb	a5,69(s0)
200069b8:	00042583          	lw	a1,0(s0)
200069bc:	00072503          	lw	a0,0(a4)
200069c0:	0805f813          	andi	a6,a1,128
200069c4:	00052783          	lw	a5,0(a0)
200069c8:	00450513          	addi	a0,a0,4
200069cc:	00081a63          	bnez	a6,200069e0 <_printf_i+0x24c>
200069d0:	0405f813          	andi	a6,a1,64
200069d4:	00080663          	beqz	a6,200069e0 <_printf_i+0x24c>
200069d8:	01079793          	slli	a5,a5,0x10
200069dc:	0107d793          	srli	a5,a5,0x10
200069e0:	00a72023          	sw	a0,0(a4)
200069e4:	0015f713          	andi	a4,a1,1
200069e8:	00070663          	beqz	a4,200069f4 <_printf_i+0x260>
200069ec:	0205e593          	ori	a1,a1,32
200069f0:	00b42023          	sw	a1,0(s0)
200069f4:	00078c63          	beqz	a5,20006a0c <_printf_i+0x278>
200069f8:	01000713          	li	a4,16
200069fc:	ed9ff06f          	j	200068d4 <_printf_i+0x140>
20006a00:	200086b7          	lui	a3,0x20008
20006a04:	5a468693          	addi	a3,a3,1444 # 200085a4 <__clz_tab+0x1b0>
20006a08:	fadff06f          	j	200069b4 <_printf_i+0x220>
20006a0c:	00042703          	lw	a4,0(s0)
20006a10:	fdf77713          	andi	a4,a4,-33
20006a14:	00e42023          	sw	a4,0(s0)
20006a18:	fe1ff06f          	j	200069f8 <_printf_i+0x264>
20006a1c:	00a00713          	li	a4,10
20006a20:	eb5ff06f          	j	200068d4 <_printf_i+0x140>
20006a24:	00042683          	lw	a3,0(s0)
20006a28:	00072783          	lw	a5,0(a4)
20006a2c:	01442583          	lw	a1,20(s0)
20006a30:	0806f813          	andi	a6,a3,128
20006a34:	00478513          	addi	a0,a5,4
20006a38:	00080a63          	beqz	a6,20006a4c <_printf_i+0x2b8>
20006a3c:	00a72023          	sw	a0,0(a4)
20006a40:	0007a783          	lw	a5,0(a5)
20006a44:	00b7a023          	sw	a1,0(a5)
20006a48:	0180006f          	j	20006a60 <_printf_i+0x2cc>
20006a4c:	00a72023          	sw	a0,0(a4)
20006a50:	0406f693          	andi	a3,a3,64
20006a54:	0007a783          	lw	a5,0(a5)
20006a58:	fe0686e3          	beqz	a3,20006a44 <_printf_i+0x2b0>
20006a5c:	00b79023          	sh	a1,0(a5)
20006a60:	00042823          	sw	zero,16(s0)
20006a64:	00060913          	mv	s2,a2
20006a68:	eedff06f          	j	20006954 <_printf_i+0x1c0>
20006a6c:	00072783          	lw	a5,0(a4)
20006a70:	00442603          	lw	a2,4(s0)
20006a74:	00000593          	li	a1,0
20006a78:	00478693          	addi	a3,a5,4
20006a7c:	00d72023          	sw	a3,0(a4)
20006a80:	0007a903          	lw	s2,0(a5)
20006a84:	00090513          	mv	a0,s2
20006a88:	028010ef          	jal	20007ab0 <memchr>
20006a8c:	00050663          	beqz	a0,20006a98 <_printf_i+0x304>
20006a90:	41250533          	sub	a0,a0,s2
20006a94:	00a42223          	sw	a0,4(s0)
20006a98:	00442783          	lw	a5,4(s0)
20006a9c:	00f42823          	sw	a5,16(s0)
20006aa0:	040401a3          	sb	zero,67(s0)
20006aa4:	eb1ff06f          	j	20006954 <_printf_i+0x1c0>
20006aa8:	01042683          	lw	a3,16(s0)
20006aac:	00090613          	mv	a2,s2
20006ab0:	000a8593          	mv	a1,s5
20006ab4:	000a0513          	mv	a0,s4
20006ab8:	000480e7          	jalr	s1
20006abc:	eb350ce3          	beq	a0,s3,20006974 <_printf_i+0x1e0>
20006ac0:	00042783          	lw	a5,0(s0)
20006ac4:	0027f793          	andi	a5,a5,2
20006ac8:	04079663          	bnez	a5,20006b14 <_printf_i+0x380>
20006acc:	01c12783          	lw	a5,28(sp)
20006ad0:	00c42503          	lw	a0,12(s0)
20006ad4:	eaf552e3          	bge	a0,a5,20006978 <_printf_i+0x1e4>
20006ad8:	00078513          	mv	a0,a5
20006adc:	e9dff06f          	j	20006978 <_printf_i+0x1e4>
20006ae0:	00100693          	li	a3,1
20006ae4:	000a8593          	mv	a1,s5
20006ae8:	000a0513          	mv	a0,s4
20006aec:	00c12623          	sw	a2,12(sp)
20006af0:	000480e7          	jalr	s1
20006af4:	e93500e3          	beq	a0,s3,20006974 <_printf_i+0x1e0>
20006af8:	00c12603          	lw	a2,12(sp)
20006afc:	00190913          	addi	s2,s2,1
20006b00:	00c42783          	lw	a5,12(s0)
20006b04:	01c12703          	lw	a4,28(sp)
20006b08:	40e787b3          	sub	a5,a5,a4
20006b0c:	fcf94ae3          	blt	s2,a5,20006ae0 <_printf_i+0x34c>
20006b10:	fbdff06f          	j	20006acc <_printf_i+0x338>
20006b14:	00000913          	li	s2,0
20006b18:	01940613          	addi	a2,s0,25
20006b1c:	fe5ff06f          	j	20006b00 <_printf_i+0x36c>

20006b20 <__sflush_r>:
20006b20:	00c59783          	lh	a5,12(a1)
20006b24:	fe010113          	addi	sp,sp,-32
20006b28:	00812c23          	sw	s0,24(sp)
20006b2c:	00912a23          	sw	s1,20(sp)
20006b30:	00112e23          	sw	ra,28(sp)
20006b34:	01212823          	sw	s2,16(sp)
20006b38:	0087f713          	andi	a4,a5,8
20006b3c:	00050493          	mv	s1,a0
20006b40:	00058413          	mv	s0,a1
20006b44:	12071263          	bnez	a4,20006c68 <__sflush_r+0x148>
20006b48:	0045a703          	lw	a4,4(a1)
20006b4c:	00e04663          	bgtz	a4,20006b58 <__sflush_r+0x38>
20006b50:	0405a703          	lw	a4,64(a1)
20006b54:	10e05663          	blez	a4,20006c60 <__sflush_r+0x140>
20006b58:	02c42703          	lw	a4,44(s0)
20006b5c:	10070263          	beqz	a4,20006c60 <__sflush_r+0x140>
20006b60:	0004a903          	lw	s2,0(s1)
20006b64:	01379693          	slli	a3,a5,0x13
20006b68:	0004a023          	sw	zero,0(s1)
20006b6c:	0a06dc63          	bgez	a3,20006c24 <__sflush_r+0x104>
20006b70:	05442603          	lw	a2,84(s0)
20006b74:	00c45783          	lhu	a5,12(s0)
20006b78:	0047f793          	andi	a5,a5,4
20006b7c:	00078e63          	beqz	a5,20006b98 <__sflush_r+0x78>
20006b80:	00442783          	lw	a5,4(s0)
20006b84:	40f60633          	sub	a2,a2,a5
20006b88:	03442783          	lw	a5,52(s0)
20006b8c:	00078663          	beqz	a5,20006b98 <__sflush_r+0x78>
20006b90:	04042783          	lw	a5,64(s0)
20006b94:	40f60633          	sub	a2,a2,a5
20006b98:	02c42783          	lw	a5,44(s0)
20006b9c:	02042583          	lw	a1,32(s0)
20006ba0:	00000693          	li	a3,0
20006ba4:	00048513          	mv	a0,s1
20006ba8:	000780e7          	jalr	a5
20006bac:	fff00713          	li	a4,-1
20006bb0:	00c41783          	lh	a5,12(s0)
20006bb4:	02e51263          	bne	a0,a4,20006bd8 <__sflush_r+0xb8>
20006bb8:	0004a683          	lw	a3,0(s1)
20006bbc:	01d00713          	li	a4,29
20006bc0:	0ed76c63          	bltu	a4,a3,20006cb8 <__sflush_r+0x198>
20006bc4:	20400737          	lui	a4,0x20400
20006bc8:	00170713          	addi	a4,a4,1 # 20400001 <__stack_top+0x3f6b8d>
20006bcc:	00d75733          	srl	a4,a4,a3
20006bd0:	00177713          	andi	a4,a4,1
20006bd4:	0e070263          	beqz	a4,20006cb8 <__sflush_r+0x198>
20006bd8:	01042703          	lw	a4,16(s0)
20006bdc:	00042223          	sw	zero,4(s0)
20006be0:	00e42023          	sw	a4,0(s0)
20006be4:	01379713          	slli	a4,a5,0x13
20006be8:	00075c63          	bgez	a4,20006c00 <__sflush_r+0xe0>
20006bec:	fff00793          	li	a5,-1
20006bf0:	00f51663          	bne	a0,a5,20006bfc <__sflush_r+0xdc>
20006bf4:	0004a783          	lw	a5,0(s1)
20006bf8:	00079463          	bnez	a5,20006c00 <__sflush_r+0xe0>
20006bfc:	04a42a23          	sw	a0,84(s0)
20006c00:	03442583          	lw	a1,52(s0)
20006c04:	0124a023          	sw	s2,0(s1)
20006c08:	04058c63          	beqz	a1,20006c60 <__sflush_r+0x140>
20006c0c:	04440793          	addi	a5,s0,68
20006c10:	00f58663          	beq	a1,a5,20006c1c <__sflush_r+0xfc>
20006c14:	00048513          	mv	a0,s1
20006c18:	b25fe0ef          	jal	2000573c <_free_r>
20006c1c:	02042a23          	sw	zero,52(s0)
20006c20:	0400006f          	j	20006c60 <__sflush_r+0x140>
20006c24:	02042583          	lw	a1,32(s0)
20006c28:	00000613          	li	a2,0
20006c2c:	00100693          	li	a3,1
20006c30:	00048513          	mv	a0,s1
20006c34:	000700e7          	jalr	a4
20006c38:	fff00793          	li	a5,-1
20006c3c:	00050613          	mv	a2,a0
20006c40:	f2f51ae3          	bne	a0,a5,20006b74 <__sflush_r+0x54>
20006c44:	0004a783          	lw	a5,0(s1)
20006c48:	f20786e3          	beqz	a5,20006b74 <__sflush_r+0x54>
20006c4c:	fe378713          	addi	a4,a5,-29
20006c50:	00070663          	beqz	a4,20006c5c <__sflush_r+0x13c>
20006c54:	fea78793          	addi	a5,a5,-22
20006c58:	04079e63          	bnez	a5,20006cb4 <__sflush_r+0x194>
20006c5c:	0124a023          	sw	s2,0(s1)
20006c60:	00000513          	li	a0,0
20006c64:	0600006f          	j	20006cc4 <__sflush_r+0x1a4>
20006c68:	0105a603          	lw	a2,16(a1)
20006c6c:	fe060ae3          	beqz	a2,20006c60 <__sflush_r+0x140>
20006c70:	0005a683          	lw	a3,0(a1)
20006c74:	0037f793          	andi	a5,a5,3
20006c78:	00c5a023          	sw	a2,0(a1)
20006c7c:	40c68933          	sub	s2,a3,a2
20006c80:	00000713          	li	a4,0
20006c84:	00079463          	bnez	a5,20006c8c <__sflush_r+0x16c>
20006c88:	0145a703          	lw	a4,20(a1)
20006c8c:	00e42423          	sw	a4,8(s0)
20006c90:	fd2058e3          	blez	s2,20006c60 <__sflush_r+0x140>
20006c94:	02842783          	lw	a5,40(s0)
20006c98:	02042583          	lw	a1,32(s0)
20006c9c:	00090693          	mv	a3,s2
20006ca0:	00048513          	mv	a0,s1
20006ca4:	00c12623          	sw	a2,12(sp)
20006ca8:	000780e7          	jalr	a5
20006cac:	00c12603          	lw	a2,12(sp)
20006cb0:	02a04663          	bgtz	a0,20006cdc <__sflush_r+0x1bc>
20006cb4:	00c45783          	lhu	a5,12(s0)
20006cb8:	0407e793          	ori	a5,a5,64
20006cbc:	00f41623          	sh	a5,12(s0)
20006cc0:	fff00513          	li	a0,-1
20006cc4:	01c12083          	lw	ra,28(sp)
20006cc8:	01812403          	lw	s0,24(sp)
20006ccc:	01412483          	lw	s1,20(sp)
20006cd0:	01012903          	lw	s2,16(sp)
20006cd4:	02010113          	addi	sp,sp,32
20006cd8:	00008067          	ret
20006cdc:	00a60633          	add	a2,a2,a0
20006ce0:	40a90933          	sub	s2,s2,a0
20006ce4:	fadff06f          	j	20006c90 <__sflush_r+0x170>

20006ce8 <_fflush_r>:
20006ce8:	0105a783          	lw	a5,16(a1)
20006cec:	04078e63          	beqz	a5,20006d48 <_fflush_r+0x60>
20006cf0:	fe010113          	addi	sp,sp,-32
20006cf4:	00812c23          	sw	s0,24(sp)
20006cf8:	00112e23          	sw	ra,28(sp)
20006cfc:	00050413          	mv	s0,a0
20006d00:	00050c63          	beqz	a0,20006d18 <_fflush_r+0x30>
20006d04:	02052783          	lw	a5,32(a0)
20006d08:	00079863          	bnez	a5,20006d18 <_fflush_r+0x30>
20006d0c:	00b12623          	sw	a1,12(sp)
20006d10:	2fc000ef          	jal	2000700c <__sinit>
20006d14:	00c12583          	lw	a1,12(sp)
20006d18:	00c59783          	lh	a5,12(a1)
20006d1c:	00078c63          	beqz	a5,20006d34 <_fflush_r+0x4c>
20006d20:	00040513          	mv	a0,s0
20006d24:	01812403          	lw	s0,24(sp)
20006d28:	01c12083          	lw	ra,28(sp)
20006d2c:	02010113          	addi	sp,sp,32
20006d30:	df1ff06f          	j	20006b20 <__sflush_r>
20006d34:	01c12083          	lw	ra,28(sp)
20006d38:	01812403          	lw	s0,24(sp)
20006d3c:	00000513          	li	a0,0
20006d40:	02010113          	addi	sp,sp,32
20006d44:	00008067          	ret
20006d48:	00000513          	li	a0,0
20006d4c:	00008067          	ret

20006d50 <fflush>:
20006d50:	00050593          	mv	a1,a0
20006d54:	02051063          	bnez	a0,20006d74 <fflush+0x24>
20006d58:	20008637          	lui	a2,0x20008
20006d5c:	200075b7          	lui	a1,0x20007
20006d60:	20008537          	lui	a0,0x20008
20006d64:	6bc60613          	addi	a2,a2,1724 # 200086bc <__sglue>
20006d68:	ce858593          	addi	a1,a1,-792 # 20006ce8 <_fflush_r>
20006d6c:	67050513          	addi	a0,a0,1648 # 20008670 <_impure_data>
20006d70:	7d80006f          	j	20007548 <_fwalk_sglue>
20006d74:	200087b7          	lui	a5,0x20008
20006d78:	6cc7a503          	lw	a0,1740(a5) # 200086cc <_impure_ptr>
20006d7c:	f6dff06f          	j	20006ce8 <_fflush_r>

20006d80 <__fp_lock>:
20006d80:	00000513          	li	a0,0
20006d84:	00008067          	ret

20006d88 <std>:
20006d88:	ff010113          	addi	sp,sp,-16
20006d8c:	00812423          	sw	s0,8(sp)
20006d90:	00112623          	sw	ra,12(sp)
20006d94:	00050413          	mv	s0,a0
20006d98:	00b51623          	sh	a1,12(a0)
20006d9c:	00c51723          	sh	a2,14(a0)
20006da0:	00052023          	sw	zero,0(a0)
20006da4:	00052223          	sw	zero,4(a0)
20006da8:	00052423          	sw	zero,8(a0)
20006dac:	06052223          	sw	zero,100(a0)
20006db0:	00052823          	sw	zero,16(a0)
20006db4:	00052a23          	sw	zero,20(a0)
20006db8:	00052c23          	sw	zero,24(a0)
20006dbc:	00800613          	li	a2,8
20006dc0:	00000593          	li	a1,0
20006dc4:	05c50513          	addi	a0,a0,92
20006dc8:	0f4010ef          	jal	20007ebc <memset>
20006dcc:	200077b7          	lui	a5,0x20007
20006dd0:	74878793          	addi	a5,a5,1864 # 20007748 <__sread>
20006dd4:	02f42223          	sw	a5,36(s0)
20006dd8:	200077b7          	lui	a5,0x20007
20006ddc:	7a078793          	addi	a5,a5,1952 # 200077a0 <__swrite>
20006de0:	02f42423          	sw	a5,40(s0)
20006de4:	200087b7          	lui	a5,0x20008
20006de8:	82478793          	addi	a5,a5,-2012 # 20007824 <__sseek>
20006dec:	02f42623          	sw	a5,44(s0)
20006df0:	200087b7          	lui	a5,0x20008
20006df4:	87c78793          	addi	a5,a5,-1924 # 2000787c <__sclose>
20006df8:	00c12083          	lw	ra,12(sp)
20006dfc:	02842023          	sw	s0,32(s0)
20006e00:	02f42823          	sw	a5,48(s0)
20006e04:	00812403          	lw	s0,8(sp)
20006e08:	01010113          	addi	sp,sp,16
20006e0c:	00008067          	ret

20006e10 <stdio_exit_handler>:
20006e10:	20008637          	lui	a2,0x20008
20006e14:	200075b7          	lui	a1,0x20007
20006e18:	20008537          	lui	a0,0x20008
20006e1c:	6bc60613          	addi	a2,a2,1724 # 200086bc <__sglue>
20006e20:	ce858593          	addi	a1,a1,-792 # 20006ce8 <_fflush_r>
20006e24:	67050513          	addi	a0,a0,1648 # 20008670 <_impure_data>
20006e28:	7200006f          	j	20007548 <_fwalk_sglue>

20006e2c <cleanup_stdio>:
20006e2c:	00452583          	lw	a1,4(a0)
20006e30:	ff010113          	addi	sp,sp,-16
20006e34:	200087b7          	lui	a5,0x20008
20006e38:	00812423          	sw	s0,8(sp)
20006e3c:	00112623          	sw	ra,12(sp)
20006e40:	72c78793          	addi	a5,a5,1836 # 2000872c <__sf>
20006e44:	00050413          	mv	s0,a0
20006e48:	00f58463          	beq	a1,a5,20006e50 <cleanup_stdio+0x24>
20006e4c:	e9dff0ef          	jal	20006ce8 <_fflush_r>
20006e50:	00842583          	lw	a1,8(s0)
20006e54:	200087b7          	lui	a5,0x20008
20006e58:	79478793          	addi	a5,a5,1940 # 20008794 <__sf+0x68>
20006e5c:	00f58663          	beq	a1,a5,20006e68 <cleanup_stdio+0x3c>
20006e60:	00040513          	mv	a0,s0
20006e64:	e85ff0ef          	jal	20006ce8 <_fflush_r>
20006e68:	00c42583          	lw	a1,12(s0)
20006e6c:	200087b7          	lui	a5,0x20008
20006e70:	7fc78793          	addi	a5,a5,2044 # 200087fc <__sf+0xd0>
20006e74:	00f58c63          	beq	a1,a5,20006e8c <cleanup_stdio+0x60>
20006e78:	00040513          	mv	a0,s0
20006e7c:	00812403          	lw	s0,8(sp)
20006e80:	00c12083          	lw	ra,12(sp)
20006e84:	01010113          	addi	sp,sp,16
20006e88:	e61ff06f          	j	20006ce8 <_fflush_r>
20006e8c:	00c12083          	lw	ra,12(sp)
20006e90:	00812403          	lw	s0,8(sp)
20006e94:	01010113          	addi	sp,sp,16
20006e98:	00008067          	ret

20006e9c <global_stdio_init.part.0>:
20006e9c:	200077b7          	lui	a5,0x20007
20006ea0:	20008537          	lui	a0,0x20008
20006ea4:	ff010113          	addi	sp,sp,-16
20006ea8:	20009737          	lui	a4,0x20009
20006eac:	e1078793          	addi	a5,a5,-496 # 20006e10 <stdio_exit_handler>
20006eb0:	00000613          	li	a2,0
20006eb4:	00400593          	li	a1,4
20006eb8:	72c50513          	addi	a0,a0,1836 # 2000872c <__sf>
20006ebc:	00112623          	sw	ra,12(sp)
20006ec0:	86f72623          	sw	a5,-1940(a4) # 2000886c <__stdio_exit_handler>
20006ec4:	ec5ff0ef          	jal	20006d88 <std>
20006ec8:	20008537          	lui	a0,0x20008
20006ecc:	00100613          	li	a2,1
20006ed0:	00900593          	li	a1,9
20006ed4:	79450513          	addi	a0,a0,1940 # 20008794 <__sf+0x68>
20006ed8:	eb1ff0ef          	jal	20006d88 <std>
20006edc:	00c12083          	lw	ra,12(sp)
20006ee0:	20008537          	lui	a0,0x20008
20006ee4:	00200613          	li	a2,2
20006ee8:	01200593          	li	a1,18
20006eec:	7fc50513          	addi	a0,a0,2044 # 200087fc <__sf+0xd0>
20006ef0:	01010113          	addi	sp,sp,16
20006ef4:	e95ff06f          	j	20006d88 <std>

20006ef8 <__fp_unlock>:
20006ef8:	00000513          	li	a0,0
20006efc:	00008067          	ret

20006f00 <__sfp>:
20006f00:	200097b7          	lui	a5,0x20009
20006f04:	86c7a783          	lw	a5,-1940(a5) # 2000886c <__stdio_exit_handler>
20006f08:	ff010113          	addi	sp,sp,-16
20006f0c:	01212023          	sw	s2,0(sp)
20006f10:	00112623          	sw	ra,12(sp)
20006f14:	00812423          	sw	s0,8(sp)
20006f18:	00912223          	sw	s1,4(sp)
20006f1c:	00050913          	mv	s2,a0
20006f20:	00079463          	bnez	a5,20006f28 <__sfp+0x28>
20006f24:	f79ff0ef          	jal	20006e9c <global_stdio_init.part.0>
20006f28:	200084b7          	lui	s1,0x20008
20006f2c:	6bc48493          	addi	s1,s1,1724 # 200086bc <__sglue>
20006f30:	0084a403          	lw	s0,8(s1)
20006f34:	0044a783          	lw	a5,4(s1)
20006f38:	fff78793          	addi	a5,a5,-1
20006f3c:	0207d863          	bgez	a5,20006f6c <__sfp+0x6c>
20006f40:	0004a403          	lw	s0,0(s1)
20006f44:	0c041063          	bnez	s0,20007004 <__sfp+0x104>
20006f48:	1ac00593          	li	a1,428
20006f4c:	00090513          	mv	a0,s2
20006f50:	991fe0ef          	jal	200058e0 <_malloc_r>
20006f54:	00050413          	mv	s0,a0
20006f58:	08051463          	bnez	a0,20006fe0 <__sfp+0xe0>
20006f5c:	0004a023          	sw	zero,0(s1)
20006f60:	00c00793          	li	a5,12
20006f64:	00f92023          	sw	a5,0(s2)
20006f68:	0540006f          	j	20006fbc <__sfp+0xbc>
20006f6c:	00c41703          	lh	a4,12(s0)
20006f70:	06071463          	bnez	a4,20006fd8 <__sfp+0xd8>
20006f74:	ffff07b7          	lui	a5,0xffff0
20006f78:	00178793          	addi	a5,a5,1 # ffff0001 <__stack_top+0xdffe6b8d>
20006f7c:	06042223          	sw	zero,100(s0)
20006f80:	00042023          	sw	zero,0(s0)
20006f84:	00042223          	sw	zero,4(s0)
20006f88:	00042423          	sw	zero,8(s0)
20006f8c:	00f42623          	sw	a5,12(s0)
20006f90:	00042823          	sw	zero,16(s0)
20006f94:	00042a23          	sw	zero,20(s0)
20006f98:	00042c23          	sw	zero,24(s0)
20006f9c:	00800613          	li	a2,8
20006fa0:	00000593          	li	a1,0
20006fa4:	05c40513          	addi	a0,s0,92
20006fa8:	715000ef          	jal	20007ebc <memset>
20006fac:	02042a23          	sw	zero,52(s0)
20006fb0:	02042c23          	sw	zero,56(s0)
20006fb4:	04042423          	sw	zero,72(s0)
20006fb8:	04042623          	sw	zero,76(s0)
20006fbc:	00c12083          	lw	ra,12(sp)
20006fc0:	00040513          	mv	a0,s0
20006fc4:	00812403          	lw	s0,8(sp)
20006fc8:	00412483          	lw	s1,4(sp)
20006fcc:	00012903          	lw	s2,0(sp)
20006fd0:	01010113          	addi	sp,sp,16
20006fd4:	00008067          	ret
20006fd8:	06840413          	addi	s0,s0,104
20006fdc:	f5dff06f          	j	20006f38 <__sfp+0x38>
20006fe0:	00400793          	li	a5,4
20006fe4:	00052023          	sw	zero,0(a0)
20006fe8:	00f52223          	sw	a5,4(a0)
20006fec:	00c50513          	addi	a0,a0,12
20006ff0:	00a42423          	sw	a0,8(s0)
20006ff4:	1a000613          	li	a2,416
20006ff8:	00000593          	li	a1,0
20006ffc:	6c1000ef          	jal	20007ebc <memset>
20007000:	0084a023          	sw	s0,0(s1)
20007004:	00040493          	mv	s1,s0
20007008:	f29ff06f          	j	20006f30 <__sfp+0x30>

2000700c <__sinit>:
2000700c:	02052783          	lw	a5,32(a0)
20007010:	02079063          	bnez	a5,20007030 <__sinit+0x24>
20007014:	200077b7          	lui	a5,0x20007
20007018:	e2c78793          	addi	a5,a5,-468 # 20006e2c <cleanup_stdio>
2000701c:	02f52023          	sw	a5,32(a0)
20007020:	200097b7          	lui	a5,0x20009
20007024:	86c7a783          	lw	a5,-1940(a5) # 2000886c <__stdio_exit_handler>
20007028:	00079463          	bnez	a5,20007030 <__sinit+0x24>
2000702c:	e71ff06f          	j	20006e9c <global_stdio_init.part.0>
20007030:	00008067          	ret

20007034 <__sfp_lock_acquire>:
20007034:	00008067          	ret

20007038 <__sfp_lock_release>:
20007038:	00008067          	ret

2000703c <__fp_lock_all>:
2000703c:	20008637          	lui	a2,0x20008
20007040:	200075b7          	lui	a1,0x20007
20007044:	6bc60613          	addi	a2,a2,1724 # 200086bc <__sglue>
20007048:	d8058593          	addi	a1,a1,-640 # 20006d80 <__fp_lock>
2000704c:	00000513          	li	a0,0
20007050:	4f80006f          	j	20007548 <_fwalk_sglue>

20007054 <__fp_unlock_all>:
20007054:	20008637          	lui	a2,0x20008
20007058:	200075b7          	lui	a1,0x20007
2000705c:	6bc60613          	addi	a2,a2,1724 # 200086bc <__sglue>
20007060:	ef858593          	addi	a1,a1,-264 # 20006ef8 <__fp_unlock>
20007064:	00000513          	li	a0,0
20007068:	4e00006f          	j	20007548 <_fwalk_sglue>

2000706c <_fiprintf_r>:
2000706c:	fc010113          	addi	sp,sp,-64
20007070:	02d12623          	sw	a3,44(sp)
20007074:	02c10693          	addi	a3,sp,44
20007078:	00112e23          	sw	ra,28(sp)
2000707c:	02e12823          	sw	a4,48(sp)
20007080:	02f12a23          	sw	a5,52(sp)
20007084:	03012c23          	sw	a6,56(sp)
20007088:	03112e23          	sw	a7,60(sp)
2000708c:	00d12623          	sw	a3,12(sp)
20007090:	9bcff0ef          	jal	2000624c <_vfiprintf_r>
20007094:	01c12083          	lw	ra,28(sp)
20007098:	04010113          	addi	sp,sp,64
2000709c:	00008067          	ret

200070a0 <fiprintf>:
200070a0:	fc010113          	addi	sp,sp,-64
200070a4:	02f12a23          	sw	a5,52(sp)
200070a8:	200087b7          	lui	a5,0x20008
200070ac:	02c12423          	sw	a2,40(sp)
200070b0:	00058613          	mv	a2,a1
200070b4:	00050593          	mv	a1,a0
200070b8:	6cc7a503          	lw	a0,1740(a5) # 200086cc <_impure_ptr>
200070bc:	02d12623          	sw	a3,44(sp)
200070c0:	02810693          	addi	a3,sp,40
200070c4:	00112e23          	sw	ra,28(sp)
200070c8:	02e12823          	sw	a4,48(sp)
200070cc:	03012c23          	sw	a6,56(sp)
200070d0:	03112e23          	sw	a7,60(sp)
200070d4:	00d12623          	sw	a3,12(sp)
200070d8:	974ff0ef          	jal	2000624c <_vfiprintf_r>
200070dc:	01c12083          	lw	ra,28(sp)
200070e0:	04010113          	addi	sp,sp,64
200070e4:	00008067          	ret

200070e8 <__sfvwrite_r>:
200070e8:	00862783          	lw	a5,8(a2)
200070ec:	04079663          	bnez	a5,20007138 <__sfvwrite_r+0x50>
200070f0:	00000513          	li	a0,0
200070f4:	00008067          	ret
200070f8:	00000513          	li	a0,0
200070fc:	03c12083          	lw	ra,60(sp)
20007100:	03812403          	lw	s0,56(sp)
20007104:	03412483          	lw	s1,52(sp)
20007108:	03012903          	lw	s2,48(sp)
2000710c:	02c12983          	lw	s3,44(sp)
20007110:	02812a03          	lw	s4,40(sp)
20007114:	02412a83          	lw	s5,36(sp)
20007118:	02012b03          	lw	s6,32(sp)
2000711c:	01c12b83          	lw	s7,28(sp)
20007120:	01812c03          	lw	s8,24(sp)
20007124:	01412c83          	lw	s9,20(sp)
20007128:	01012d03          	lw	s10,16(sp)
2000712c:	00c12d83          	lw	s11,12(sp)
20007130:	04010113          	addi	sp,sp,64
20007134:	00008067          	ret
20007138:	00c5d783          	lhu	a5,12(a1)
2000713c:	fc010113          	addi	sp,sp,-64
20007140:	02812c23          	sw	s0,56(sp)
20007144:	03312623          	sw	s3,44(sp)
20007148:	03512223          	sw	s5,36(sp)
2000714c:	02112e23          	sw	ra,60(sp)
20007150:	02912a23          	sw	s1,52(sp)
20007154:	03212823          	sw	s2,48(sp)
20007158:	03412423          	sw	s4,40(sp)
2000715c:	03612023          	sw	s6,32(sp)
20007160:	01712e23          	sw	s7,28(sp)
20007164:	01812c23          	sw	s8,24(sp)
20007168:	01912a23          	sw	s9,20(sp)
2000716c:	01a12823          	sw	s10,16(sp)
20007170:	01b12623          	sw	s11,12(sp)
20007174:	0087f793          	andi	a5,a5,8
20007178:	00060a93          	mv	s5,a2
2000717c:	00058413          	mv	s0,a1
20007180:	00050993          	mv	s3,a0
20007184:	0e078263          	beqz	a5,20007268 <__sfvwrite_r+0x180>
20007188:	0105a783          	lw	a5,16(a1)
2000718c:	0c078e63          	beqz	a5,20007268 <__sfvwrite_r+0x180>
20007190:	00c41783          	lh	a5,12(s0)
20007194:	000aaa03          	lw	s4,0(s5)
20007198:	0027f713          	andi	a4,a5,2
2000719c:	12071c63          	bnez	a4,200072d4 <__sfvwrite_r+0x1ec>
200071a0:	0017f793          	andi	a5,a5,1
200071a4:	1c078c63          	beqz	a5,2000737c <__sfvwrite_r+0x294>
200071a8:	00000b93          	li	s7,0
200071ac:	00000513          	li	a0,0
200071b0:	00000b13          	li	s6,0
200071b4:	00000913          	li	s2,0
200071b8:	32090663          	beqz	s2,200074e4 <__sfvwrite_r+0x3fc>
200071bc:	02051263          	bnez	a0,200071e0 <__sfvwrite_r+0xf8>
200071c0:	00090613          	mv	a2,s2
200071c4:	00a00593          	li	a1,10
200071c8:	000b0513          	mv	a0,s6
200071cc:	0e5000ef          	jal	20007ab0 <memchr>
200071d0:	00190b93          	addi	s7,s2,1
200071d4:	00050663          	beqz	a0,200071e0 <__sfvwrite_r+0xf8>
200071d8:	00150513          	addi	a0,a0,1
200071dc:	41650bb3          	sub	s7,a0,s6
200071e0:	000b8c13          	mv	s8,s7
200071e4:	01797463          	bgeu	s2,s7,200071ec <__sfvwrite_r+0x104>
200071e8:	00090c13          	mv	s8,s2
200071ec:	01442683          	lw	a3,20(s0)
200071f0:	00842483          	lw	s1,8(s0)
200071f4:	00042503          	lw	a0,0(s0)
200071f8:	01042783          	lw	a5,16(s0)
200071fc:	009684b3          	add	s1,a3,s1
20007200:	2ea7fc63          	bgeu	a5,a0,200074f8 <__sfvwrite_r+0x410>
20007204:	2f84da63          	bge	s1,s8,200074f8 <__sfvwrite_r+0x410>
20007208:	000b0593          	mv	a1,s6
2000720c:	00048613          	mv	a2,s1
20007210:	471000ef          	jal	20007e80 <memmove>
20007214:	00042783          	lw	a5,0(s0)
20007218:	00040593          	mv	a1,s0
2000721c:	00098513          	mv	a0,s3
20007220:	009787b3          	add	a5,a5,s1
20007224:	00f42023          	sw	a5,0(s0)
20007228:	ac1ff0ef          	jal	20006ce8 <_fflush_r>
2000722c:	14051063          	bnez	a0,2000736c <__sfvwrite_r+0x284>
20007230:	409b8bb3          	sub	s7,s7,s1
20007234:	00100513          	li	a0,1
20007238:	000b9a63          	bnez	s7,2000724c <__sfvwrite_r+0x164>
2000723c:	00040593          	mv	a1,s0
20007240:	00098513          	mv	a0,s3
20007244:	aa5ff0ef          	jal	20006ce8 <_fflush_r>
20007248:	12051263          	bnez	a0,2000736c <__sfvwrite_r+0x284>
2000724c:	008aa783          	lw	a5,8(s5)
20007250:	409787b3          	sub	a5,a5,s1
20007254:	00faa423          	sw	a5,8(s5)
20007258:	ea0780e3          	beqz	a5,200070f8 <__sfvwrite_r+0x10>
2000725c:	009b0b33          	add	s6,s6,s1
20007260:	40990933          	sub	s2,s2,s1
20007264:	f55ff06f          	j	200071b8 <__sfvwrite_r+0xd0>
20007268:	00040593          	mv	a1,s0
2000726c:	00098513          	mv	a0,s3
20007270:	724000ef          	jal	20007994 <__swsetup_r>
20007274:	f0050ee3          	beqz	a0,20007190 <__sfvwrite_r+0xa8>
20007278:	fff00513          	li	a0,-1
2000727c:	e81ff06f          	j	200070fc <__sfvwrite_r+0x14>
20007280:	000a2903          	lw	s2,0(s4)
20007284:	004a2483          	lw	s1,4(s4)
20007288:	008a0a13          	addi	s4,s4,8
2000728c:	fe048ae3          	beqz	s1,20007280 <__sfvwrite_r+0x198>
20007290:	00048693          	mv	a3,s1
20007294:	009b7663          	bgeu	s6,s1,200072a0 <__sfvwrite_r+0x1b8>
20007298:	800006b7          	lui	a3,0x80000
2000729c:	c0068693          	addi	a3,a3,-1024 # 7ffffc00 <__stack_top+0x5fff678c>
200072a0:	02842783          	lw	a5,40(s0)
200072a4:	02042583          	lw	a1,32(s0)
200072a8:	00090613          	mv	a2,s2
200072ac:	00098513          	mv	a0,s3
200072b0:	000780e7          	jalr	a5
200072b4:	0aa05c63          	blez	a0,2000736c <__sfvwrite_r+0x284>
200072b8:	008aa783          	lw	a5,8(s5)
200072bc:	40a787b3          	sub	a5,a5,a0
200072c0:	00faa423          	sw	a5,8(s5)
200072c4:	e2078ae3          	beqz	a5,200070f8 <__sfvwrite_r+0x10>
200072c8:	00a90933          	add	s2,s2,a0
200072cc:	40a484b3          	sub	s1,s1,a0
200072d0:	fbdff06f          	j	2000728c <__sfvwrite_r+0x1a4>
200072d4:	80000b37          	lui	s6,0x80000
200072d8:	00000913          	li	s2,0
200072dc:	00000493          	li	s1,0
200072e0:	c00b0b13          	addi	s6,s6,-1024 # 7ffffc00 <__stack_top+0x5fff678c>
200072e4:	fa9ff06f          	j	2000728c <__sfvwrite_r+0x1a4>
200072e8:	000a2b03          	lw	s6,0(s4)
200072ec:	004a2483          	lw	s1,4(s4)
200072f0:	008a0a13          	addi	s4,s4,8
200072f4:	fe048ae3          	beqz	s1,200072e8 <__sfvwrite_r+0x200>
200072f8:	00c41783          	lh	a5,12(s0)
200072fc:	00842d03          	lw	s10,8(s0)
20007300:	00042503          	lw	a0,0(s0)
20007304:	2007f713          	andi	a4,a5,512
20007308:	14070863          	beqz	a4,20007458 <__sfvwrite_r+0x370>
2000730c:	000d0d93          	mv	s11,s10
20007310:	13a4ec63          	bltu	s1,s10,20007448 <__sfvwrite_r+0x360>
20007314:	4807f713          	andi	a4,a5,1152
20007318:	12070c63          	beqz	a4,20007450 <__sfvwrite_r+0x368>
2000731c:	01442903          	lw	s2,20(s0)
20007320:	01042583          	lw	a1,16(s0)
20007324:	03890933          	mul	s2,s2,s8
20007328:	40b50db3          	sub	s11,a0,a1
2000732c:	001d8713          	addi	a4,s11,1
20007330:	00970733          	add	a4,a4,s1
20007334:	03994933          	div	s2,s2,s9
20007338:	00090613          	mv	a2,s2
2000733c:	00e97663          	bgeu	s2,a4,20007348 <__sfvwrite_r+0x260>
20007340:	00070913          	mv	s2,a4
20007344:	00070613          	mv	a2,a4
20007348:	4007f793          	andi	a5,a5,1024
2000734c:	0c078863          	beqz	a5,2000741c <__sfvwrite_r+0x334>
20007350:	00060593          	mv	a1,a2
20007354:	00098513          	mv	a0,s3
20007358:	d88fe0ef          	jal	200058e0 <_malloc_r>
2000735c:	00050d13          	mv	s10,a0
20007360:	02051c63          	bnez	a0,20007398 <__sfvwrite_r+0x2b0>
20007364:	00c00793          	li	a5,12
20007368:	00f9a023          	sw	a5,0(s3)
2000736c:	00c45783          	lhu	a5,12(s0)
20007370:	0407e793          	ori	a5,a5,64
20007374:	00f41623          	sh	a5,12(s0)
20007378:	f01ff06f          	j	20007278 <__sfvwrite_r+0x190>
2000737c:	80000bb7          	lui	s7,0x80000
20007380:	00000b13          	li	s6,0
20007384:	00000493          	li	s1,0
20007388:	fffb8b93          	addi	s7,s7,-1 # 7fffffff <__stack_top+0x5fff6b8b>
2000738c:	00300c13          	li	s8,3
20007390:	00200c93          	li	s9,2
20007394:	f61ff06f          	j	200072f4 <__sfvwrite_r+0x20c>
20007398:	01042583          	lw	a1,16(s0)
2000739c:	000d8613          	mv	a2,s11
200073a0:	339000ef          	jal	20007ed8 <memcpy>
200073a4:	00c45783          	lhu	a5,12(s0)
200073a8:	b7f7f793          	andi	a5,a5,-1153
200073ac:	0807e793          	ori	a5,a5,128
200073b0:	00f41623          	sh	a5,12(s0)
200073b4:	01a42823          	sw	s10,16(s0)
200073b8:	01242a23          	sw	s2,20(s0)
200073bc:	01bd0d33          	add	s10,s10,s11
200073c0:	41b90933          	sub	s2,s2,s11
200073c4:	01a42023          	sw	s10,0(s0)
200073c8:	01242423          	sw	s2,8(s0)
200073cc:	00048d13          	mv	s10,s1
200073d0:	00048913          	mv	s2,s1
200073d4:	00048d93          	mv	s11,s1
200073d8:	00042503          	lw	a0,0(s0)
200073dc:	000d8613          	mv	a2,s11
200073e0:	000b0593          	mv	a1,s6
200073e4:	29d000ef          	jal	20007e80 <memmove>
200073e8:	00842783          	lw	a5,8(s0)
200073ec:	41a787b3          	sub	a5,a5,s10
200073f0:	00f42423          	sw	a5,8(s0)
200073f4:	00042783          	lw	a5,0(s0)
200073f8:	01b787b3          	add	a5,a5,s11
200073fc:	00f42023          	sw	a5,0(s0)
20007400:	008aa783          	lw	a5,8(s5)
20007404:	412787b3          	sub	a5,a5,s2
20007408:	00faa423          	sw	a5,8(s5)
2000740c:	ce0786e3          	beqz	a5,200070f8 <__sfvwrite_r+0x10>
20007410:	012b0b33          	add	s6,s6,s2
20007414:	412484b3          	sub	s1,s1,s2
20007418:	eddff06f          	j	200072f4 <__sfvwrite_r+0x20c>
2000741c:	00098513          	mv	a0,s3
20007420:	2f5000ef          	jal	20007f14 <_realloc_r>
20007424:	00050d13          	mv	s10,a0
20007428:	f80516e3          	bnez	a0,200073b4 <__sfvwrite_r+0x2cc>
2000742c:	01042583          	lw	a1,16(s0)
20007430:	00098513          	mv	a0,s3
20007434:	b08fe0ef          	jal	2000573c <_free_r>
20007438:	00c45783          	lhu	a5,12(s0)
2000743c:	f7f7f793          	andi	a5,a5,-129
20007440:	00f41623          	sh	a5,12(s0)
20007444:	f21ff06f          	j	20007364 <__sfvwrite_r+0x27c>
20007448:	00048d13          	mv	s10,s1
2000744c:	f85ff06f          	j	200073d0 <__sfvwrite_r+0x2e8>
20007450:	00048913          	mv	s2,s1
20007454:	f85ff06f          	j	200073d8 <__sfvwrite_r+0x2f0>
20007458:	01042783          	lw	a5,16(s0)
2000745c:	00a7e663          	bltu	a5,a0,20007468 <__sfvwrite_r+0x380>
20007460:	01442683          	lw	a3,20(s0)
20007464:	04d4f663          	bgeu	s1,a3,200074b0 <__sfvwrite_r+0x3c8>
20007468:	000d0913          	mv	s2,s10
2000746c:	01a4f463          	bgeu	s1,s10,20007474 <__sfvwrite_r+0x38c>
20007470:	00048913          	mv	s2,s1
20007474:	00090613          	mv	a2,s2
20007478:	000b0593          	mv	a1,s6
2000747c:	205000ef          	jal	20007e80 <memmove>
20007480:	00842783          	lw	a5,8(s0)
20007484:	00042703          	lw	a4,0(s0)
20007488:	412787b3          	sub	a5,a5,s2
2000748c:	01270733          	add	a4,a4,s2
20007490:	00f42423          	sw	a5,8(s0)
20007494:	00e42023          	sw	a4,0(s0)
20007498:	f60794e3          	bnez	a5,20007400 <__sfvwrite_r+0x318>
2000749c:	00040593          	mv	a1,s0
200074a0:	00098513          	mv	a0,s3
200074a4:	845ff0ef          	jal	20006ce8 <_fflush_r>
200074a8:	f4050ce3          	beqz	a0,20007400 <__sfvwrite_r+0x318>
200074ac:	ec1ff06f          	j	2000736c <__sfvwrite_r+0x284>
200074b0:	00048793          	mv	a5,s1
200074b4:	009bf463          	bgeu	s7,s1,200074bc <__sfvwrite_r+0x3d4>
200074b8:	000b8793          	mv	a5,s7
200074bc:	02d7c7b3          	div	a5,a5,a3
200074c0:	02842703          	lw	a4,40(s0)
200074c4:	02042583          	lw	a1,32(s0)
200074c8:	000b0613          	mv	a2,s6
200074cc:	00098513          	mv	a0,s3
200074d0:	02d786b3          	mul	a3,a5,a3
200074d4:	000700e7          	jalr	a4
200074d8:	00050913          	mv	s2,a0
200074dc:	f2a042e3          	bgtz	a0,20007400 <__sfvwrite_r+0x318>
200074e0:	e8dff06f          	j	2000736c <__sfvwrite_r+0x284>
200074e4:	000a2b03          	lw	s6,0(s4)
200074e8:	004a2903          	lw	s2,4(s4)
200074ec:	00000513          	li	a0,0
200074f0:	008a0a13          	addi	s4,s4,8
200074f4:	cc5ff06f          	j	200071b8 <__sfvwrite_r+0xd0>
200074f8:	02dc4263          	blt	s8,a3,2000751c <__sfvwrite_r+0x434>
200074fc:	02842783          	lw	a5,40(s0)
20007500:	02042583          	lw	a1,32(s0)
20007504:	000b0613          	mv	a2,s6
20007508:	00098513          	mv	a0,s3
2000750c:	000780e7          	jalr	a5
20007510:	00050493          	mv	s1,a0
20007514:	d0a04ee3          	bgtz	a0,20007230 <__sfvwrite_r+0x148>
20007518:	e55ff06f          	j	2000736c <__sfvwrite_r+0x284>
2000751c:	000c0613          	mv	a2,s8
20007520:	000b0593          	mv	a1,s6
20007524:	15d000ef          	jal	20007e80 <memmove>
20007528:	00842783          	lw	a5,8(s0)
2000752c:	000c0493          	mv	s1,s8
20007530:	418787b3          	sub	a5,a5,s8
20007534:	00f42423          	sw	a5,8(s0)
20007538:	00042783          	lw	a5,0(s0)
2000753c:	018787b3          	add	a5,a5,s8
20007540:	00f42023          	sw	a5,0(s0)
20007544:	cedff06f          	j	20007230 <__sfvwrite_r+0x148>

20007548 <_fwalk_sglue>:
20007548:	fd010113          	addi	sp,sp,-48
2000754c:	02812423          	sw	s0,40(sp)
20007550:	03212023          	sw	s2,32(sp)
20007554:	01312e23          	sw	s3,28(sp)
20007558:	01412c23          	sw	s4,24(sp)
2000755c:	01512a23          	sw	s5,20(sp)
20007560:	02112623          	sw	ra,44(sp)
20007564:	02912223          	sw	s1,36(sp)
20007568:	00050a13          	mv	s4,a0
2000756c:	00058a93          	mv	s5,a1
20007570:	00000413          	li	s0,0
20007574:	00100913          	li	s2,1
20007578:	fff00993          	li	s3,-1
2000757c:	00862583          	lw	a1,8(a2)
20007580:	00462483          	lw	s1,4(a2)
20007584:	fff48493          	addi	s1,s1,-1
20007588:	0204da63          	bgez	s1,200075bc <_fwalk_sglue+0x74>
2000758c:	00062603          	lw	a2,0(a2)
20007590:	fe0616e3          	bnez	a2,2000757c <_fwalk_sglue+0x34>
20007594:	02c12083          	lw	ra,44(sp)
20007598:	00040513          	mv	a0,s0
2000759c:	02812403          	lw	s0,40(sp)
200075a0:	02412483          	lw	s1,36(sp)
200075a4:	02012903          	lw	s2,32(sp)
200075a8:	01c12983          	lw	s3,28(sp)
200075ac:	01812a03          	lw	s4,24(sp)
200075b0:	01412a83          	lw	s5,20(sp)
200075b4:	03010113          	addi	sp,sp,48
200075b8:	00008067          	ret
200075bc:	00c5d783          	lhu	a5,12(a1)
200075c0:	02f97463          	bgeu	s2,a5,200075e8 <_fwalk_sglue+0xa0>
200075c4:	00e59783          	lh	a5,14(a1)
200075c8:	03378063          	beq	a5,s3,200075e8 <_fwalk_sglue+0xa0>
200075cc:	000a0513          	mv	a0,s4
200075d0:	00c12623          	sw	a2,12(sp)
200075d4:	00b12423          	sw	a1,8(sp)
200075d8:	000a80e7          	jalr	s5
200075dc:	00c12603          	lw	a2,12(sp)
200075e0:	00812583          	lw	a1,8(sp)
200075e4:	00a46433          	or	s0,s0,a0
200075e8:	06858593          	addi	a1,a1,104
200075ec:	f99ff06f          	j	20007584 <_fwalk_sglue+0x3c>

200075f0 <__swhatbuf_r>:
200075f0:	f8010113          	addi	sp,sp,-128
200075f4:	06812c23          	sw	s0,120(sp)
200075f8:	00058413          	mv	s0,a1
200075fc:	00e59583          	lh	a1,14(a1)
20007600:	06912a23          	sw	s1,116(sp)
20007604:	06112e23          	sw	ra,124(sp)
20007608:	00060493          	mv	s1,a2
2000760c:	0205da63          	bgez	a1,20007640 <__swhatbuf_r+0x50>
20007610:	00c45783          	lhu	a5,12(s0)
20007614:	0807f793          	andi	a5,a5,128
20007618:	04079c63          	bnez	a5,20007670 <__swhatbuf_r+0x80>
2000761c:	40000713          	li	a4,1024
20007620:	07c12083          	lw	ra,124(sp)
20007624:	07812403          	lw	s0,120(sp)
20007628:	00f6a023          	sw	a5,0(a3)
2000762c:	00e4a023          	sw	a4,0(s1)
20007630:	00000513          	li	a0,0
20007634:	07412483          	lw	s1,116(sp)
20007638:	08010113          	addi	sp,sp,128
2000763c:	00008067          	ret
20007640:	01810613          	addi	a2,sp,24
20007644:	00d12623          	sw	a3,12(sp)
20007648:	654000ef          	jal	20007c9c <_fstat_r>
2000764c:	00c12683          	lw	a3,12(sp)
20007650:	fc0540e3          	bltz	a0,20007610 <__swhatbuf_r+0x20>
20007654:	01c12783          	lw	a5,28(sp)
20007658:	0000f737          	lui	a4,0xf
2000765c:	00e7f7b3          	and	a5,a5,a4
20007660:	ffffe737          	lui	a4,0xffffe
20007664:	00e787b3          	add	a5,a5,a4
20007668:	0017b793          	seqz	a5,a5
2000766c:	fb1ff06f          	j	2000761c <__swhatbuf_r+0x2c>
20007670:	00000793          	li	a5,0
20007674:	04000713          	li	a4,64
20007678:	fa9ff06f          	j	20007620 <__swhatbuf_r+0x30>

2000767c <__smakebuf_r>:
2000767c:	00c5d703          	lhu	a4,12(a1)
20007680:	fd010113          	addi	sp,sp,-48
20007684:	02812423          	sw	s0,40(sp)
20007688:	02112623          	sw	ra,44(sp)
2000768c:	02912223          	sw	s1,36(sp)
20007690:	00277713          	andi	a4,a4,2
20007694:	00058413          	mv	s0,a1
20007698:	02070663          	beqz	a4,200076c4 <__smakebuf_r+0x48>
2000769c:	04740793          	addi	a5,s0,71
200076a0:	00f42023          	sw	a5,0(s0)
200076a4:	00f42823          	sw	a5,16(s0)
200076a8:	00100793          	li	a5,1
200076ac:	00f42a23          	sw	a5,20(s0)
200076b0:	02c12083          	lw	ra,44(sp)
200076b4:	02812403          	lw	s0,40(sp)
200076b8:	02412483          	lw	s1,36(sp)
200076bc:	03010113          	addi	sp,sp,48
200076c0:	00008067          	ret
200076c4:	01c10693          	addi	a3,sp,28
200076c8:	01810613          	addi	a2,sp,24
200076cc:	00050493          	mv	s1,a0
200076d0:	f21ff0ef          	jal	200075f0 <__swhatbuf_r>
200076d4:	01812583          	lw	a1,24(sp)
200076d8:	00048513          	mv	a0,s1
200076dc:	00b12623          	sw	a1,12(sp)
200076e0:	a00fe0ef          	jal	200058e0 <_malloc_r>
200076e4:	00c41783          	lh	a5,12(s0)
200076e8:	00c12583          	lw	a1,12(sp)
200076ec:	00051e63          	bnez	a0,20007708 <__smakebuf_r+0x8c>
200076f0:	2007f713          	andi	a4,a5,512
200076f4:	fa071ee3          	bnez	a4,200076b0 <__smakebuf_r+0x34>
200076f8:	ffc7f793          	andi	a5,a5,-4
200076fc:	0027e793          	ori	a5,a5,2
20007700:	00f41623          	sh	a5,12(s0)
20007704:	f99ff06f          	j	2000769c <__smakebuf_r+0x20>
20007708:	0807e793          	ori	a5,a5,128
2000770c:	00f41623          	sh	a5,12(s0)
20007710:	01c12783          	lw	a5,28(sp)
20007714:	00a42023          	sw	a0,0(s0)
20007718:	00a42823          	sw	a0,16(s0)
2000771c:	00b42a23          	sw	a1,20(s0)
20007720:	f80788e3          	beqz	a5,200076b0 <__smakebuf_r+0x34>
20007724:	00e41583          	lh	a1,14(s0)
20007728:	00048513          	mv	a0,s1
2000772c:	5c0000ef          	jal	20007cec <_isatty_r>
20007730:	f80500e3          	beqz	a0,200076b0 <__smakebuf_r+0x34>
20007734:	00c45783          	lhu	a5,12(s0)
20007738:	ffc7f793          	andi	a5,a5,-4
2000773c:	0017e793          	ori	a5,a5,1
20007740:	00f41623          	sh	a5,12(s0)
20007744:	f6dff06f          	j	200076b0 <__smakebuf_r+0x34>

20007748 <__sread>:
20007748:	ff010113          	addi	sp,sp,-16
2000774c:	00812423          	sw	s0,8(sp)
20007750:	00058413          	mv	s0,a1
20007754:	00e59583          	lh	a1,14(a1)
20007758:	00112623          	sw	ra,12(sp)
2000775c:	630000ef          	jal	20007d8c <_read_r>
20007760:	02054063          	bltz	a0,20007780 <__sread+0x38>
20007764:	05442783          	lw	a5,84(s0)
20007768:	00a787b3          	add	a5,a5,a0
2000776c:	04f42a23          	sw	a5,84(s0)
20007770:	00c12083          	lw	ra,12(sp)
20007774:	00812403          	lw	s0,8(sp)
20007778:	01010113          	addi	sp,sp,16
2000777c:	00008067          	ret
20007780:	00c45783          	lhu	a5,12(s0)
20007784:	fffff737          	lui	a4,0xfffff
20007788:	fff70713          	addi	a4,a4,-1 # ffffefff <__stack_top+0xdfff5b8b>
2000778c:	00e7f7b3          	and	a5,a5,a4
20007790:	00f41623          	sh	a5,12(s0)
20007794:	fddff06f          	j	20007770 <__sread+0x28>

20007798 <__seofread>:
20007798:	00000513          	li	a0,0
2000779c:	00008067          	ret

200077a0 <__swrite>:
200077a0:	00c5d783          	lhu	a5,12(a1)
200077a4:	fe010113          	addi	sp,sp,-32
200077a8:	00812c23          	sw	s0,24(sp)
200077ac:	00912a23          	sw	s1,20(sp)
200077b0:	01212823          	sw	s2,16(sp)
200077b4:	01312623          	sw	s3,12(sp)
200077b8:	00112e23          	sw	ra,28(sp)
200077bc:	1007f793          	andi	a5,a5,256
200077c0:	00050493          	mv	s1,a0
200077c4:	00058413          	mv	s0,a1
200077c8:	00060913          	mv	s2,a2
200077cc:	00068993          	mv	s3,a3
200077d0:	00078a63          	beqz	a5,200077e4 <__swrite+0x44>
200077d4:	00e59583          	lh	a1,14(a1)
200077d8:	00200693          	li	a3,2
200077dc:	00000613          	li	a2,0
200077e0:	558000ef          	jal	20007d38 <_lseek_r>
200077e4:	00c45783          	lhu	a5,12(s0)
200077e8:	fffff737          	lui	a4,0xfffff
200077ec:	fff70713          	addi	a4,a4,-1 # ffffefff <__stack_top+0xdfff5b8b>
200077f0:	00e7f7b3          	and	a5,a5,a4
200077f4:	00e41583          	lh	a1,14(s0)
200077f8:	00f41623          	sh	a5,12(s0)
200077fc:	01812403          	lw	s0,24(sp)
20007800:	01c12083          	lw	ra,28(sp)
20007804:	00098693          	mv	a3,s3
20007808:	00090613          	mv	a2,s2
2000780c:	00c12983          	lw	s3,12(sp)
20007810:	01012903          	lw	s2,16(sp)
20007814:	00048513          	mv	a0,s1
20007818:	01412483          	lw	s1,20(sp)
2000781c:	02010113          	addi	sp,sp,32
20007820:	60c0006f          	j	20007e2c <_write_r>

20007824 <__sseek>:
20007824:	ff010113          	addi	sp,sp,-16
20007828:	00812423          	sw	s0,8(sp)
2000782c:	00058413          	mv	s0,a1
20007830:	00e59583          	lh	a1,14(a1)
20007834:	00112623          	sw	ra,12(sp)
20007838:	500000ef          	jal	20007d38 <_lseek_r>
2000783c:	fff00713          	li	a4,-1
20007840:	00c41783          	lh	a5,12(s0)
20007844:	02e51263          	bne	a0,a4,20007868 <__sseek+0x44>
20007848:	80050713          	addi	a4,a0,-2048
2000784c:	80070713          	addi	a4,a4,-2048
20007850:	00e7f7b3          	and	a5,a5,a4
20007854:	00f41623          	sh	a5,12(s0)
20007858:	00c12083          	lw	ra,12(sp)
2000785c:	00812403          	lw	s0,8(sp)
20007860:	01010113          	addi	sp,sp,16
20007864:	00008067          	ret
20007868:	00001737          	lui	a4,0x1
2000786c:	00e7e7b3          	or	a5,a5,a4
20007870:	00f41623          	sh	a5,12(s0)
20007874:	04a42a23          	sw	a0,84(s0)
20007878:	fe1ff06f          	j	20007858 <__sseek+0x34>

2000787c <__sclose>:
2000787c:	00e59583          	lh	a1,14(a1)
20007880:	2540006f          	j	20007ad4 <_close_r>

20007884 <__swbuf_r>:
20007884:	fe010113          	addi	sp,sp,-32
20007888:	00812c23          	sw	s0,24(sp)
2000788c:	00912a23          	sw	s1,20(sp)
20007890:	01312623          	sw	s3,12(sp)
20007894:	00112e23          	sw	ra,28(sp)
20007898:	01212823          	sw	s2,16(sp)
2000789c:	00050493          	mv	s1,a0
200078a0:	00058993          	mv	s3,a1
200078a4:	00060413          	mv	s0,a2
200078a8:	00050863          	beqz	a0,200078b8 <__swbuf_r+0x34>
200078ac:	02052783          	lw	a5,32(a0)
200078b0:	00079463          	bnez	a5,200078b8 <__swbuf_r+0x34>
200078b4:	f58ff0ef          	jal	2000700c <__sinit>
200078b8:	01842783          	lw	a5,24(s0)
200078bc:	00f42423          	sw	a5,8(s0)
200078c0:	00c45783          	lhu	a5,12(s0)
200078c4:	0087f793          	andi	a5,a5,8
200078c8:	00078663          	beqz	a5,200078d4 <__swbuf_r+0x50>
200078cc:	01042783          	lw	a5,16(s0)
200078d0:	02079c63          	bnez	a5,20007908 <__swbuf_r+0x84>
200078d4:	00040593          	mv	a1,s0
200078d8:	00048513          	mv	a0,s1
200078dc:	0b8000ef          	jal	20007994 <__swsetup_r>
200078e0:	02050463          	beqz	a0,20007908 <__swbuf_r+0x84>
200078e4:	fff00913          	li	s2,-1
200078e8:	01c12083          	lw	ra,28(sp)
200078ec:	01812403          	lw	s0,24(sp)
200078f0:	01412483          	lw	s1,20(sp)
200078f4:	00c12983          	lw	s3,12(sp)
200078f8:	00090513          	mv	a0,s2
200078fc:	01012903          	lw	s2,16(sp)
20007900:	02010113          	addi	sp,sp,32
20007904:	00008067          	ret
20007908:	01042783          	lw	a5,16(s0)
2000790c:	00042503          	lw	a0,0(s0)
20007910:	40f50533          	sub	a0,a0,a5
20007914:	01442783          	lw	a5,20(s0)
20007918:	00f54a63          	blt	a0,a5,2000792c <__swbuf_r+0xa8>
2000791c:	00040593          	mv	a1,s0
20007920:	00048513          	mv	a0,s1
20007924:	bc4ff0ef          	jal	20006ce8 <_fflush_r>
20007928:	fa051ee3          	bnez	a0,200078e4 <__swbuf_r+0x60>
2000792c:	00842783          	lw	a5,8(s0)
20007930:	00150513          	addi	a0,a0,1
20007934:	0ff9f913          	zext.b	s2,s3
20007938:	fff78793          	addi	a5,a5,-1
2000793c:	00f42423          	sw	a5,8(s0)
20007940:	00042783          	lw	a5,0(s0)
20007944:	00178713          	addi	a4,a5,1
20007948:	00e42023          	sw	a4,0(s0)
2000794c:	01378023          	sb	s3,0(a5)
20007950:	01442783          	lw	a5,20(s0)
20007954:	00a78c63          	beq	a5,a0,2000796c <__swbuf_r+0xe8>
20007958:	00c45783          	lhu	a5,12(s0)
2000795c:	0017f793          	andi	a5,a5,1
20007960:	f80784e3          	beqz	a5,200078e8 <__swbuf_r+0x64>
20007964:	ff690793          	addi	a5,s2,-10
20007968:	f80790e3          	bnez	a5,200078e8 <__swbuf_r+0x64>
2000796c:	00040593          	mv	a1,s0
20007970:	00048513          	mv	a0,s1
20007974:	b74ff0ef          	jal	20006ce8 <_fflush_r>
20007978:	f60508e3          	beqz	a0,200078e8 <__swbuf_r+0x64>
2000797c:	f69ff06f          	j	200078e4 <__swbuf_r+0x60>

20007980 <__swbuf>:
20007980:	200087b7          	lui	a5,0x20008
20007984:	00058613          	mv	a2,a1
20007988:	00050593          	mv	a1,a0
2000798c:	6cc7a503          	lw	a0,1740(a5) # 200086cc <_impure_ptr>
20007990:	ef5ff06f          	j	20007884 <__swbuf_r>

20007994 <__swsetup_r>:
20007994:	ff010113          	addi	sp,sp,-16
20007998:	200087b7          	lui	a5,0x20008
2000799c:	00912223          	sw	s1,4(sp)
200079a0:	00050493          	mv	s1,a0
200079a4:	6cc7a503          	lw	a0,1740(a5) # 200086cc <_impure_ptr>
200079a8:	00812423          	sw	s0,8(sp)
200079ac:	00112623          	sw	ra,12(sp)
200079b0:	00058413          	mv	s0,a1
200079b4:	00050863          	beqz	a0,200079c4 <__swsetup_r+0x30>
200079b8:	02052783          	lw	a5,32(a0)
200079bc:	00079463          	bnez	a5,200079c4 <__swsetup_r+0x30>
200079c0:	e4cff0ef          	jal	2000700c <__sinit>
200079c4:	00c41783          	lh	a5,12(s0)
200079c8:	0087f713          	andi	a4,a5,8
200079cc:	06071263          	bnez	a4,20007a30 <__swsetup_r+0x9c>
200079d0:	0107f713          	andi	a4,a5,16
200079d4:	00071e63          	bnez	a4,200079f0 <__swsetup_r+0x5c>
200079d8:	00900713          	li	a4,9
200079dc:	00e4a023          	sw	a4,0(s1)
200079e0:	0407e793          	ori	a5,a5,64
200079e4:	00f41623          	sh	a5,12(s0)
200079e8:	fff00513          	li	a0,-1
200079ec:	0980006f          	j	20007a84 <__swsetup_r+0xf0>
200079f0:	0047f713          	andi	a4,a5,4
200079f4:	02070a63          	beqz	a4,20007a28 <__swsetup_r+0x94>
200079f8:	03442583          	lw	a1,52(s0)
200079fc:	00058c63          	beqz	a1,20007a14 <__swsetup_r+0x80>
20007a00:	04440793          	addi	a5,s0,68
20007a04:	00f58663          	beq	a1,a5,20007a10 <__swsetup_r+0x7c>
20007a08:	00048513          	mv	a0,s1
20007a0c:	d31fd0ef          	jal	2000573c <_free_r>
20007a10:	02042a23          	sw	zero,52(s0)
20007a14:	00c45783          	lhu	a5,12(s0)
20007a18:	01042703          	lw	a4,16(s0)
20007a1c:	00042223          	sw	zero,4(s0)
20007a20:	fdb7f793          	andi	a5,a5,-37
20007a24:	00e42023          	sw	a4,0(s0)
20007a28:	0087e793          	ori	a5,a5,8
20007a2c:	00f41623          	sh	a5,12(s0)
20007a30:	01042783          	lw	a5,16(s0)
20007a34:	02079063          	bnez	a5,20007a54 <__swsetup_r+0xc0>
20007a38:	00c42783          	lw	a5,12(s0)
20007a3c:	20000713          	li	a4,512
20007a40:	2807f793          	andi	a5,a5,640
20007a44:	00e78863          	beq	a5,a4,20007a54 <__swsetup_r+0xc0>
20007a48:	00040593          	mv	a1,s0
20007a4c:	00048513          	mv	a0,s1
20007a50:	c2dff0ef          	jal	2000767c <__smakebuf_r>
20007a54:	00c41783          	lh	a5,12(s0)
20007a58:	0017f713          	andi	a4,a5,1
20007a5c:	02070e63          	beqz	a4,20007a98 <__swsetup_r+0x104>
20007a60:	01442703          	lw	a4,20(s0)
20007a64:	00042423          	sw	zero,8(s0)
20007a68:	40e00733          	neg	a4,a4
20007a6c:	00e42c23          	sw	a4,24(s0)
20007a70:	01042703          	lw	a4,16(s0)
20007a74:	00000513          	li	a0,0
20007a78:	00071663          	bnez	a4,20007a84 <__swsetup_r+0xf0>
20007a7c:	0807f713          	andi	a4,a5,128
20007a80:	f60710e3          	bnez	a4,200079e0 <__swsetup_r+0x4c>
20007a84:	00c12083          	lw	ra,12(sp)
20007a88:	00812403          	lw	s0,8(sp)
20007a8c:	00412483          	lw	s1,4(sp)
20007a90:	01010113          	addi	sp,sp,16
20007a94:	00008067          	ret
20007a98:	0027f713          	andi	a4,a5,2
20007a9c:	00000693          	li	a3,0
20007aa0:	00071463          	bnez	a4,20007aa8 <__swsetup_r+0x114>
20007aa4:	01442683          	lw	a3,20(s0)
20007aa8:	00d42423          	sw	a3,8(s0)
20007aac:	fc5ff06f          	j	20007a70 <__swsetup_r+0xdc>

20007ab0 <memchr>:
20007ab0:	0ff5f593          	zext.b	a1,a1
20007ab4:	00c50633          	add	a2,a0,a2
20007ab8:	00c51663          	bne	a0,a2,20007ac4 <memchr+0x14>
20007abc:	00000513          	li	a0,0
20007ac0:	00008067          	ret
20007ac4:	00054783          	lbu	a5,0(a0)
20007ac8:	feb78ce3          	beq	a5,a1,20007ac0 <memchr+0x10>
20007acc:	00150513          	addi	a0,a0,1
20007ad0:	fe9ff06f          	j	20007ab8 <memchr+0x8>

20007ad4 <_close_r>:
20007ad4:	ff010113          	addi	sp,sp,-16
20007ad8:	00812423          	sw	s0,8(sp)
20007adc:	00912223          	sw	s1,4(sp)
20007ae0:	20009437          	lui	s0,0x20009
20007ae4:	00050493          	mv	s1,a0
20007ae8:	00058513          	mv	a0,a1
20007aec:	00112623          	sw	ra,12(sp)
20007af0:	86042823          	sw	zero,-1936(s0) # 20008870 <errno>
20007af4:	a28fa0ef          	jal	20001d1c <_close>
20007af8:	fff00793          	li	a5,-1
20007afc:	00f51863          	bne	a0,a5,20007b0c <_close_r+0x38>
20007b00:	87042783          	lw	a5,-1936(s0)
20007b04:	00078463          	beqz	a5,20007b0c <_close_r+0x38>
20007b08:	00f4a023          	sw	a5,0(s1)
20007b0c:	00c12083          	lw	ra,12(sp)
20007b10:	00812403          	lw	s0,8(sp)
20007b14:	00412483          	lw	s1,4(sp)
20007b18:	01010113          	addi	sp,sp,16
20007b1c:	00008067          	ret

20007b20 <_reclaim_reent>:
20007b20:	200087b7          	lui	a5,0x20008
20007b24:	6cc7a783          	lw	a5,1740(a5) # 200086cc <_impure_ptr>
20007b28:	16a78863          	beq	a5,a0,20007c98 <_reclaim_reent+0x178>
20007b2c:	01c52783          	lw	a5,28(a0)
20007b30:	fe010113          	addi	sp,sp,-32
20007b34:	00812c23          	sw	s0,24(sp)
20007b38:	00112e23          	sw	ra,28(sp)
20007b3c:	00912a23          	sw	s1,20(sp)
20007b40:	01212823          	sw	s2,16(sp)
20007b44:	01312623          	sw	s3,12(sp)
20007b48:	00050413          	mv	s0,a0
20007b4c:	08078463          	beqz	a5,20007bd4 <_reclaim_reent+0xb4>
20007b50:	00c7a783          	lw	a5,12(a5)
20007b54:	02078c63          	beqz	a5,20007b8c <_reclaim_reent+0x6c>
20007b58:	00000493          	li	s1,0
20007b5c:	08000913          	li	s2,128
20007b60:	01c42783          	lw	a5,28(s0)
20007b64:	00c7a783          	lw	a5,12(a5)
20007b68:	009787b3          	add	a5,a5,s1
20007b6c:	0007a583          	lw	a1,0(a5)
20007b70:	04059863          	bnez	a1,20007bc0 <_reclaim_reent+0xa0>
20007b74:	00448493          	addi	s1,s1,4
20007b78:	ff2494e3          	bne	s1,s2,20007b60 <_reclaim_reent+0x40>
20007b7c:	01c42783          	lw	a5,28(s0)
20007b80:	00040513          	mv	a0,s0
20007b84:	00c7a583          	lw	a1,12(a5)
20007b88:	bb5fd0ef          	jal	2000573c <_free_r>
20007b8c:	01c42783          	lw	a5,28(s0)
20007b90:	0007a583          	lw	a1,0(a5)
20007b94:	00058663          	beqz	a1,20007ba0 <_reclaim_reent+0x80>
20007b98:	00040513          	mv	a0,s0
20007b9c:	ba1fd0ef          	jal	2000573c <_free_r>
20007ba0:	01c42783          	lw	a5,28(s0)
20007ba4:	0087a483          	lw	s1,8(a5)
20007ba8:	02048663          	beqz	s1,20007bd4 <_reclaim_reent+0xb4>
20007bac:	00048593          	mv	a1,s1
20007bb0:	00040513          	mv	a0,s0
20007bb4:	0004a483          	lw	s1,0(s1)
20007bb8:	b85fd0ef          	jal	2000573c <_free_r>
20007bbc:	fedff06f          	j	20007ba8 <_reclaim_reent+0x88>
20007bc0:	0005a983          	lw	s3,0(a1)
20007bc4:	00040513          	mv	a0,s0
20007bc8:	b75fd0ef          	jal	2000573c <_free_r>
20007bcc:	00098593          	mv	a1,s3
20007bd0:	fa1ff06f          	j	20007b70 <_reclaim_reent+0x50>
20007bd4:	01442583          	lw	a1,20(s0)
20007bd8:	00058663          	beqz	a1,20007be4 <_reclaim_reent+0xc4>
20007bdc:	00040513          	mv	a0,s0
20007be0:	b5dfd0ef          	jal	2000573c <_free_r>
20007be4:	01c42583          	lw	a1,28(s0)
20007be8:	00058663          	beqz	a1,20007bf4 <_reclaim_reent+0xd4>
20007bec:	00040513          	mv	a0,s0
20007bf0:	b4dfd0ef          	jal	2000573c <_free_r>
20007bf4:	03042583          	lw	a1,48(s0)
20007bf8:	00058663          	beqz	a1,20007c04 <_reclaim_reent+0xe4>
20007bfc:	00040513          	mv	a0,s0
20007c00:	b3dfd0ef          	jal	2000573c <_free_r>
20007c04:	03442583          	lw	a1,52(s0)
20007c08:	00058663          	beqz	a1,20007c14 <_reclaim_reent+0xf4>
20007c0c:	00040513          	mv	a0,s0
20007c10:	b2dfd0ef          	jal	2000573c <_free_r>
20007c14:	03842583          	lw	a1,56(s0)
20007c18:	00058663          	beqz	a1,20007c24 <_reclaim_reent+0x104>
20007c1c:	00040513          	mv	a0,s0
20007c20:	b1dfd0ef          	jal	2000573c <_free_r>
20007c24:	04842583          	lw	a1,72(s0)
20007c28:	00058663          	beqz	a1,20007c34 <_reclaim_reent+0x114>
20007c2c:	00040513          	mv	a0,s0
20007c30:	b0dfd0ef          	jal	2000573c <_free_r>
20007c34:	04442583          	lw	a1,68(s0)
20007c38:	00058663          	beqz	a1,20007c44 <_reclaim_reent+0x124>
20007c3c:	00040513          	mv	a0,s0
20007c40:	afdfd0ef          	jal	2000573c <_free_r>
20007c44:	02c42583          	lw	a1,44(s0)
20007c48:	00058663          	beqz	a1,20007c54 <_reclaim_reent+0x134>
20007c4c:	00040513          	mv	a0,s0
20007c50:	aedfd0ef          	jal	2000573c <_free_r>
20007c54:	02042783          	lw	a5,32(s0)
20007c58:	02078263          	beqz	a5,20007c7c <_reclaim_reent+0x15c>
20007c5c:	00040513          	mv	a0,s0
20007c60:	01812403          	lw	s0,24(sp)
20007c64:	01c12083          	lw	ra,28(sp)
20007c68:	01412483          	lw	s1,20(sp)
20007c6c:	01012903          	lw	s2,16(sp)
20007c70:	00c12983          	lw	s3,12(sp)
20007c74:	02010113          	addi	sp,sp,32
20007c78:	00078067          	jr	a5
20007c7c:	01c12083          	lw	ra,28(sp)
20007c80:	01812403          	lw	s0,24(sp)
20007c84:	01412483          	lw	s1,20(sp)
20007c88:	01012903          	lw	s2,16(sp)
20007c8c:	00c12983          	lw	s3,12(sp)
20007c90:	02010113          	addi	sp,sp,32
20007c94:	00008067          	ret
20007c98:	00008067          	ret

20007c9c <_fstat_r>:
20007c9c:	ff010113          	addi	sp,sp,-16
20007ca0:	00812423          	sw	s0,8(sp)
20007ca4:	00912223          	sw	s1,4(sp)
20007ca8:	20009437          	lui	s0,0x20009
20007cac:	00050493          	mv	s1,a0
20007cb0:	00058513          	mv	a0,a1
20007cb4:	00060593          	mv	a1,a2
20007cb8:	00112623          	sw	ra,12(sp)
20007cbc:	86042823          	sw	zero,-1936(s0) # 20008870 <errno>
20007cc0:	8bcfa0ef          	jal	20001d7c <_fstat>
20007cc4:	fff00793          	li	a5,-1
20007cc8:	00f51863          	bne	a0,a5,20007cd8 <_fstat_r+0x3c>
20007ccc:	87042783          	lw	a5,-1936(s0)
20007cd0:	00078463          	beqz	a5,20007cd8 <_fstat_r+0x3c>
20007cd4:	00f4a023          	sw	a5,0(s1)
20007cd8:	00c12083          	lw	ra,12(sp)
20007cdc:	00812403          	lw	s0,8(sp)
20007ce0:	00412483          	lw	s1,4(sp)
20007ce4:	01010113          	addi	sp,sp,16
20007ce8:	00008067          	ret

20007cec <_isatty_r>:
20007cec:	ff010113          	addi	sp,sp,-16
20007cf0:	00812423          	sw	s0,8(sp)
20007cf4:	00912223          	sw	s1,4(sp)
20007cf8:	20009437          	lui	s0,0x20009
20007cfc:	00050493          	mv	s1,a0
20007d00:	00058513          	mv	a0,a1
20007d04:	00112623          	sw	ra,12(sp)
20007d08:	86042823          	sw	zero,-1936(s0) # 20008870 <errno>
20007d0c:	8e0fa0ef          	jal	20001dec <_isatty>
20007d10:	fff00793          	li	a5,-1
20007d14:	00f51863          	bne	a0,a5,20007d24 <_isatty_r+0x38>
20007d18:	87042783          	lw	a5,-1936(s0)
20007d1c:	00078463          	beqz	a5,20007d24 <_isatty_r+0x38>
20007d20:	00f4a023          	sw	a5,0(s1)
20007d24:	00c12083          	lw	ra,12(sp)
20007d28:	00812403          	lw	s0,8(sp)
20007d2c:	00412483          	lw	s1,4(sp)
20007d30:	01010113          	addi	sp,sp,16
20007d34:	00008067          	ret

20007d38 <_lseek_r>:
20007d38:	ff010113          	addi	sp,sp,-16
20007d3c:	00812423          	sw	s0,8(sp)
20007d40:	00912223          	sw	s1,4(sp)
20007d44:	20009437          	lui	s0,0x20009
20007d48:	00050493          	mv	s1,a0
20007d4c:	00058513          	mv	a0,a1
20007d50:	00060593          	mv	a1,a2
20007d54:	00068613          	mv	a2,a3
20007d58:	00112623          	sw	ra,12(sp)
20007d5c:	86042823          	sw	zero,-1936(s0) # 20008870 <errno>
20007d60:	858fa0ef          	jal	20001db8 <_lseek>
20007d64:	fff00793          	li	a5,-1
20007d68:	00f51863          	bne	a0,a5,20007d78 <_lseek_r+0x40>
20007d6c:	87042783          	lw	a5,-1936(s0)
20007d70:	00078463          	beqz	a5,20007d78 <_lseek_r+0x40>
20007d74:	00f4a023          	sw	a5,0(s1)
20007d78:	00c12083          	lw	ra,12(sp)
20007d7c:	00812403          	lw	s0,8(sp)
20007d80:	00412483          	lw	s1,4(sp)
20007d84:	01010113          	addi	sp,sp,16
20007d88:	00008067          	ret

20007d8c <_read_r>:
20007d8c:	ff010113          	addi	sp,sp,-16
20007d90:	00812423          	sw	s0,8(sp)
20007d94:	00912223          	sw	s1,4(sp)
20007d98:	20009437          	lui	s0,0x20009
20007d9c:	00050493          	mv	s1,a0
20007da0:	00058513          	mv	a0,a1
20007da4:	00060593          	mv	a1,a2
20007da8:	00068613          	mv	a2,a3
20007dac:	00112623          	sw	ra,12(sp)
20007db0:	86042823          	sw	zero,-1936(s0) # 20008870 <errno>
20007db4:	8ccfa0ef          	jal	20001e80 <_read>
20007db8:	fff00793          	li	a5,-1
20007dbc:	00f51863          	bne	a0,a5,20007dcc <_read_r+0x40>
20007dc0:	87042783          	lw	a5,-1936(s0)
20007dc4:	00078463          	beqz	a5,20007dcc <_read_r+0x40>
20007dc8:	00f4a023          	sw	a5,0(s1)
20007dcc:	00c12083          	lw	ra,12(sp)
20007dd0:	00812403          	lw	s0,8(sp)
20007dd4:	00412483          	lw	s1,4(sp)
20007dd8:	01010113          	addi	sp,sp,16
20007ddc:	00008067          	ret

20007de0 <_sbrk_r>:
20007de0:	ff010113          	addi	sp,sp,-16
20007de4:	00812423          	sw	s0,8(sp)
20007de8:	00912223          	sw	s1,4(sp)
20007dec:	20009437          	lui	s0,0x20009
20007df0:	00050493          	mv	s1,a0
20007df4:	00058513          	mv	a0,a1
20007df8:	00112623          	sw	ra,12(sp)
20007dfc:	86042823          	sw	zero,-1936(s0) # 20008870 <errno>
20007e00:	bcdf90ef          	jal	200019cc <_sbrk>
20007e04:	fff00793          	li	a5,-1
20007e08:	00f51863          	bne	a0,a5,20007e18 <_sbrk_r+0x38>
20007e0c:	87042783          	lw	a5,-1936(s0)
20007e10:	00078463          	beqz	a5,20007e18 <_sbrk_r+0x38>
20007e14:	00f4a023          	sw	a5,0(s1)
20007e18:	00c12083          	lw	ra,12(sp)
20007e1c:	00812403          	lw	s0,8(sp)
20007e20:	00412483          	lw	s1,4(sp)
20007e24:	01010113          	addi	sp,sp,16
20007e28:	00008067          	ret

20007e2c <_write_r>:
20007e2c:	ff010113          	addi	sp,sp,-16
20007e30:	00812423          	sw	s0,8(sp)
20007e34:	00912223          	sw	s1,4(sp)
20007e38:	20009437          	lui	s0,0x20009
20007e3c:	00050493          	mv	s1,a0
20007e40:	00058513          	mv	a0,a1
20007e44:	00060593          	mv	a1,a2
20007e48:	00068613          	mv	a2,a3
20007e4c:	00112623          	sw	ra,12(sp)
20007e50:	86042823          	sw	zero,-1936(s0) # 20008870 <errno>
20007e54:	fc5f90ef          	jal	20001e18 <_write>
20007e58:	fff00793          	li	a5,-1
20007e5c:	00f51863          	bne	a0,a5,20007e6c <_write_r+0x40>
20007e60:	87042783          	lw	a5,-1936(s0)
20007e64:	00078463          	beqz	a5,20007e6c <_write_r+0x40>
20007e68:	00f4a023          	sw	a5,0(s1)
20007e6c:	00c12083          	lw	ra,12(sp)
20007e70:	00812403          	lw	s0,8(sp)
20007e74:	00412483          	lw	s1,4(sp)
20007e78:	01010113          	addi	sp,sp,16
20007e7c:	00008067          	ret

20007e80 <memmove>:
20007e80:	02060c63          	beqz	a2,20007eb8 <memmove+0x38>
20007e84:	00050313          	mv	t1,a0
20007e88:	00100693          	li	a3,1
20007e8c:	00b56a63          	bltu	a0,a1,20007ea0 <memmove+0x20>
20007e90:	fff00693          	li	a3,-1
20007e94:	fff60713          	addi	a4,a2,-1
20007e98:	00e30333          	add	t1,t1,a4
20007e9c:	00e585b3          	add	a1,a1,a4
20007ea0:	00058383          	lb	t2,0(a1)
20007ea4:	00730023          	sb	t2,0(t1) # 1000000 <_start-0x1f000000>
20007ea8:	fff60613          	addi	a2,a2,-1
20007eac:	00d30333          	add	t1,t1,a3
20007eb0:	00d585b3          	add	a1,a1,a3
20007eb4:	fe0616e3          	bnez	a2,20007ea0 <memmove+0x20>
20007eb8:	00008067          	ret

20007ebc <memset>:
20007ebc:	00050313          	mv	t1,a0
20007ec0:	00060a63          	beqz	a2,20007ed4 <memset+0x18>
20007ec4:	00b30023          	sb	a1,0(t1)
20007ec8:	fff60613          	addi	a2,a2,-1
20007ecc:	00130313          	addi	t1,t1,1
20007ed0:	fe061ae3          	bnez	a2,20007ec4 <memset+0x8>
20007ed4:	00008067          	ret

20007ed8 <memcpy>:
20007ed8:	00050313          	mv	t1,a0
20007edc:	00060e63          	beqz	a2,20007ef8 <memcpy+0x20>
20007ee0:	00058383          	lb	t2,0(a1)
20007ee4:	00730023          	sb	t2,0(t1)
20007ee8:	fff60613          	addi	a2,a2,-1
20007eec:	00130313          	addi	t1,t1,1
20007ef0:	00158593          	addi	a1,a1,1
20007ef4:	fe0616e3          	bnez	a2,20007ee0 <memcpy+0x8>
20007ef8:	00008067          	ret

20007efc <abort>:
20007efc:	ff010113          	addi	sp,sp,-16
20007f00:	00600513          	li	a0,6
20007f04:	00112623          	sw	ra,12(sp)
20007f08:	2e8000ef          	jal	200081f0 <raise>
20007f0c:	00100513          	li	a0,1
20007f10:	dc9f90ef          	jal	20001cd8 <_exit>

20007f14 <_realloc_r>:
20007f14:	00059663          	bnez	a1,20007f20 <_realloc_r+0xc>
20007f18:	00060593          	mv	a1,a2
20007f1c:	9c5fd06f          	j	200058e0 <_malloc_r>
20007f20:	fe010113          	addi	sp,sp,-32
20007f24:	00812c23          	sw	s0,24(sp)
20007f28:	01412423          	sw	s4,8(sp)
20007f2c:	00112e23          	sw	ra,28(sp)
20007f30:	00912a23          	sw	s1,20(sp)
20007f34:	01212823          	sw	s2,16(sp)
20007f38:	01312623          	sw	s3,12(sp)
20007f3c:	00060413          	mv	s0,a2
20007f40:	00050a13          	mv	s4,a0
20007f44:	02061863          	bnez	a2,20007f74 <_realloc_r+0x60>
20007f48:	ff4fd0ef          	jal	2000573c <_free_r>
20007f4c:	00000493          	li	s1,0
20007f50:	01c12083          	lw	ra,28(sp)
20007f54:	01812403          	lw	s0,24(sp)
20007f58:	01012903          	lw	s2,16(sp)
20007f5c:	00c12983          	lw	s3,12(sp)
20007f60:	00812a03          	lw	s4,8(sp)
20007f64:	00048513          	mv	a0,s1
20007f68:	01412483          	lw	s1,20(sp)
20007f6c:	02010113          	addi	sp,sp,32
20007f70:	00008067          	ret
20007f74:	00058493          	mv	s1,a1
20007f78:	30c000ef          	jal	20008284 <_malloc_usable_size_r>
20007f7c:	00050913          	mv	s2,a0
20007f80:	00856663          	bltu	a0,s0,20007f8c <_realloc_r+0x78>
20007f84:	00155793          	srli	a5,a0,0x1
20007f88:	fc87e4e3          	bltu	a5,s0,20007f50 <_realloc_r+0x3c>
20007f8c:	00040593          	mv	a1,s0
20007f90:	000a0513          	mv	a0,s4
20007f94:	94dfd0ef          	jal	200058e0 <_malloc_r>
20007f98:	00050993          	mv	s3,a0
20007f9c:	00051663          	bnez	a0,20007fa8 <_realloc_r+0x94>
20007fa0:	00098493          	mv	s1,s3
20007fa4:	fadff06f          	j	20007f50 <_realloc_r+0x3c>
20007fa8:	00040613          	mv	a2,s0
20007fac:	00897463          	bgeu	s2,s0,20007fb4 <_realloc_r+0xa0>
20007fb0:	00090613          	mv	a2,s2
20007fb4:	00048593          	mv	a1,s1
20007fb8:	00098513          	mv	a0,s3
20007fbc:	f1dff0ef          	jal	20007ed8 <memcpy>
20007fc0:	00048593          	mv	a1,s1
20007fc4:	000a0513          	mv	a0,s4
20007fc8:	f74fd0ef          	jal	2000573c <_free_r>
20007fcc:	fd5ff06f          	j	20007fa0 <_realloc_r+0x8c>

20007fd0 <_init_signal_r>:
20007fd0:	03c52703          	lw	a4,60(a0)
20007fd4:	04071663          	bnez	a4,20008020 <_init_signal_r+0x50>
20007fd8:	fe010113          	addi	sp,sp,-32
20007fdc:	08000593          	li	a1,128
20007fe0:	00112e23          	sw	ra,28(sp)
20007fe4:	00a12623          	sw	a0,12(sp)
20007fe8:	8f9fd0ef          	jal	200058e0 <_malloc_r>
20007fec:	00c12783          	lw	a5,12(sp)
20007ff0:	02a7ae23          	sw	a0,60(a5)
20007ff4:	fff00793          	li	a5,-1
20007ff8:	00050c63          	beqz	a0,20008010 <_init_signal_r+0x40>
20007ffc:	08050793          	addi	a5,a0,128
20008000:	00052023          	sw	zero,0(a0)
20008004:	00450513          	addi	a0,a0,4
20008008:	fef51ce3          	bne	a0,a5,20008000 <_init_signal_r+0x30>
2000800c:	00000793          	li	a5,0
20008010:	01c12083          	lw	ra,28(sp)
20008014:	00078513          	mv	a0,a5
20008018:	02010113          	addi	sp,sp,32
2000801c:	00008067          	ret
20008020:	00000793          	li	a5,0
20008024:	00078513          	mv	a0,a5
20008028:	00008067          	ret

2000802c <_signal_r>:
2000802c:	01f00713          	li	a4,31
20008030:	00b77a63          	bgeu	a4,a1,20008044 <_signal_r+0x18>
20008034:	01600713          	li	a4,22
20008038:	00e52023          	sw	a4,0(a0)
2000803c:	fff00513          	li	a0,-1
20008040:	00008067          	ret
20008044:	03c52703          	lw	a4,60(a0)
20008048:	02070e63          	beqz	a4,20008084 <_signal_r+0x58>
2000804c:	03c52783          	lw	a5,60(a0)
20008050:	00259593          	slli	a1,a1,0x2
20008054:	00b787b3          	add	a5,a5,a1
20008058:	0007a503          	lw	a0,0(a5)
2000805c:	00c7a023          	sw	a2,0(a5)
20008060:	00008067          	ret
20008064:	03c7a783          	lw	a5,60(a5)
20008068:	00259593          	slli	a1,a1,0x2
2000806c:	00b787b3          	add	a5,a5,a1
20008070:	0007a503          	lw	a0,0(a5)
20008074:	00c7a023          	sw	a2,0(a5)
20008078:	01c12083          	lw	ra,28(sp)
2000807c:	02010113          	addi	sp,sp,32
20008080:	00008067          	ret
20008084:	fe010113          	addi	sp,sp,-32
20008088:	00c12623          	sw	a2,12(sp)
2000808c:	00b12423          	sw	a1,8(sp)
20008090:	00112e23          	sw	ra,28(sp)
20008094:	00a12223          	sw	a0,4(sp)
20008098:	f39ff0ef          	jal	20007fd0 <_init_signal_r>
2000809c:	00412783          	lw	a5,4(sp)
200080a0:	00812583          	lw	a1,8(sp)
200080a4:	00c12603          	lw	a2,12(sp)
200080a8:	fa050ee3          	beqz	a0,20008064 <_signal_r+0x38>
200080ac:	fff00513          	li	a0,-1
200080b0:	fc9ff06f          	j	20008078 <_signal_r+0x4c>

200080b4 <_raise_r>:
200080b4:	01f00793          	li	a5,31
200080b8:	00b7fa63          	bgeu	a5,a1,200080cc <_raise_r+0x18>
200080bc:	01600793          	li	a5,22
200080c0:	00f52023          	sw	a5,0(a0)
200080c4:	fff00513          	li	a0,-1
200080c8:	00008067          	ret
200080cc:	03c52783          	lw	a5,60(a0)
200080d0:	fe010113          	addi	sp,sp,-32
200080d4:	00812c23          	sw	s0,24(sp)
200080d8:	00112e23          	sw	ra,28(sp)
200080dc:	00058613          	mv	a2,a1
200080e0:	00050413          	mv	s0,a0
200080e4:	00078a63          	beqz	a5,200080f8 <_raise_r+0x44>
200080e8:	00259713          	slli	a4,a1,0x2
200080ec:	00e787b3          	add	a5,a5,a4
200080f0:	0007a703          	lw	a4,0(a5)
200080f4:	02071663          	bnez	a4,20008120 <_raise_r+0x6c>
200080f8:	00040513          	mv	a0,s0
200080fc:	00c12623          	sw	a2,12(sp)
20008100:	180000ef          	jal	20008280 <_getpid_r>
20008104:	00050593          	mv	a1,a0
20008108:	00040513          	mv	a0,s0
2000810c:	01812403          	lw	s0,24(sp)
20008110:	00c12603          	lw	a2,12(sp)
20008114:	01c12083          	lw	ra,28(sp)
20008118:	02010113          	addi	sp,sp,32
2000811c:	1140006f          	j	20008230 <_kill_r>
20008120:	00100513          	li	a0,1
20008124:	02a70863          	beq	a4,a0,20008154 <_raise_r+0xa0>
20008128:	fff00693          	li	a3,-1
2000812c:	00d71e63          	bne	a4,a3,20008148 <_raise_r+0x94>
20008130:	01600793          	li	a5,22
20008134:	00f42023          	sw	a5,0(s0)
20008138:	01c12083          	lw	ra,28(sp)
2000813c:	01812403          	lw	s0,24(sp)
20008140:	02010113          	addi	sp,sp,32
20008144:	00008067          	ret
20008148:	0007a023          	sw	zero,0(a5)
2000814c:	00058513          	mv	a0,a1
20008150:	000700e7          	jalr	a4 # 1000 <_start-0x1ffff000>
20008154:	00000513          	li	a0,0
20008158:	fe1ff06f          	j	20008138 <_raise_r+0x84>

2000815c <__sigtramp_r>:
2000815c:	01f00793          	li	a5,31
20008160:	00b7f663          	bgeu	a5,a1,2000816c <__sigtramp_r+0x10>
20008164:	fff00513          	li	a0,-1
20008168:	00008067          	ret
2000816c:	03c52783          	lw	a5,60(a0)
20008170:	ff010113          	addi	sp,sp,-16
20008174:	00812423          	sw	s0,8(sp)
20008178:	00912223          	sw	s1,4(sp)
2000817c:	00112623          	sw	ra,12(sp)
20008180:	00050493          	mv	s1,a0
20008184:	00058413          	mv	s0,a1
20008188:	04078463          	beqz	a5,200081d0 <__sigtramp_r+0x74>
2000818c:	03c4a703          	lw	a4,60(s1)
20008190:	00241793          	slli	a5,s0,0x2
20008194:	00100513          	li	a0,1
20008198:	00f70733          	add	a4,a4,a5
2000819c:	00072783          	lw	a5,0(a4)
200081a0:	02078e63          	beqz	a5,200081dc <__sigtramp_r+0x80>
200081a4:	fff00693          	li	a3,-1
200081a8:	00200513          	li	a0,2
200081ac:	02d78863          	beq	a5,a3,200081dc <__sigtramp_r+0x80>
200081b0:	00100693          	li	a3,1
200081b4:	00300513          	li	a0,3
200081b8:	02d78263          	beq	a5,a3,200081dc <__sigtramp_r+0x80>
200081bc:	00040513          	mv	a0,s0
200081c0:	00072023          	sw	zero,0(a4)
200081c4:	000780e7          	jalr	a5
200081c8:	00000513          	li	a0,0
200081cc:	0100006f          	j	200081dc <__sigtramp_r+0x80>
200081d0:	e01ff0ef          	jal	20007fd0 <_init_signal_r>
200081d4:	fa050ce3          	beqz	a0,2000818c <__sigtramp_r+0x30>
200081d8:	fff00513          	li	a0,-1
200081dc:	00c12083          	lw	ra,12(sp)
200081e0:	00812403          	lw	s0,8(sp)
200081e4:	00412483          	lw	s1,4(sp)
200081e8:	01010113          	addi	sp,sp,16
200081ec:	00008067          	ret

200081f0 <raise>:
200081f0:	200087b7          	lui	a5,0x20008
200081f4:	00050593          	mv	a1,a0
200081f8:	6cc7a503          	lw	a0,1740(a5) # 200086cc <_impure_ptr>
200081fc:	eb9ff06f          	j	200080b4 <_raise_r>

20008200 <signal>:
20008200:	200087b7          	lui	a5,0x20008
20008204:	00058613          	mv	a2,a1
20008208:	00050593          	mv	a1,a0
2000820c:	6cc7a503          	lw	a0,1740(a5) # 200086cc <_impure_ptr>
20008210:	e1dff06f          	j	2000802c <_signal_r>

20008214 <_init_signal>:
20008214:	200087b7          	lui	a5,0x20008
20008218:	6cc7a503          	lw	a0,1740(a5) # 200086cc <_impure_ptr>
2000821c:	db5ff06f          	j	20007fd0 <_init_signal_r>

20008220 <__sigtramp>:
20008220:	200087b7          	lui	a5,0x20008
20008224:	00050593          	mv	a1,a0
20008228:	6cc7a503          	lw	a0,1740(a5) # 200086cc <_impure_ptr>
2000822c:	f31ff06f          	j	2000815c <__sigtramp_r>

20008230 <_kill_r>:
20008230:	ff010113          	addi	sp,sp,-16
20008234:	00812423          	sw	s0,8(sp)
20008238:	00912223          	sw	s1,4(sp)
2000823c:	20009437          	lui	s0,0x20009
20008240:	00050493          	mv	s1,a0
20008244:	00058513          	mv	a0,a1
20008248:	00060593          	mv	a1,a2
2000824c:	00112623          	sw	ra,12(sp)
20008250:	86042823          	sw	zero,-1936(s0) # 20008870 <errno>
20008254:	ccdf90ef          	jal	20001f20 <_kill>
20008258:	fff00793          	li	a5,-1
2000825c:	00f51863          	bne	a0,a5,2000826c <_kill_r+0x3c>
20008260:	87042783          	lw	a5,-1936(s0)
20008264:	00078463          	beqz	a5,2000826c <_kill_r+0x3c>
20008268:	00f4a023          	sw	a5,0(s1)
2000826c:	00c12083          	lw	ra,12(sp)
20008270:	00812403          	lw	s0,8(sp)
20008274:	00412483          	lw	s1,4(sp)
20008278:	01010113          	addi	sp,sp,16
2000827c:	00008067          	ret

20008280 <_getpid_r>:
20008280:	c79f906f          	j	20001ef8 <_getpid>

20008284 <_malloc_usable_size_r>:
20008284:	ffc5a783          	lw	a5,-4(a1)
20008288:	ffc78513          	addi	a0,a5,-4
2000828c:	0007d863          	bgez	a5,2000829c <_malloc_usable_size_r+0x18>
20008290:	00a585b3          	add	a1,a1,a0
20008294:	0005a783          	lw	a5,0(a1)
20008298:	00f50533          	add	a0,a0,a5
2000829c:	00008067          	ret

200082a0 <periods>:
200082a0:	000005ec 00000597 00000547 000004fb     ........G.......
200082b0:	000004b3 00000470 00000430 000003f4     ....p...0.......
200082c0:	000003bb 00000385 00000353 00000323     ........S...#...
200082d0:	000002f6 000002cb 000002a3 0000027d     ............}...

200082e0 <digit_glyphs>:
200082e0:	4549513e 7f42003e 61420040 21464951     >QIE>.B.@.BaQIF!
200082f0:	314b4541 7f121418 45452710 4a3c3945     AEK1.....'EEE9<J
20008300:	01304949 03050971 49494936 49490636     II0.q...6III6.II
20008310:	00001e29                                )...

20008314 <letter_glyphs>:
20008314:	1111117e 49497f7e 413e3649 7f224141     ~...~.III6>AAA".
20008324:	1c224141 4949497f 09097f41 413e0109     AA"..IIIA.....>A
20008334:	7f7a4949 7f080808 417f4100 41402000     IIz......A.A. @A
20008344:	087f013f 7f412214 40404040 020c027f     ?...."A.@@@@....
20008354:	08047f7f 413e7f10 7f3e4141 06090909     ......>AAA>.....
20008364:	2151413e 19097f5e 49464629 01314949     >AQ!^...)FFIII1.
20008374:	01017f01 4040403f 40201f3f 403f1f20     ....?@@@?. @ .?@
20008384:	633f4038 63140814 08700807 49516107     8@?c...c..p..aQI
20008394:	00004345 4556454c 75253a4c 00000000     EC..LEVEL:%u....
200083a4:	454d4147 45564f20 00000052 53455250     GAME OVER...PRES
200083b4:	4e412053 454b2059 00000059 4f4d4953     S ANY KEY...SIMO
200083c4:	4153204e 00005359 6f72500a 6d617267     N SAYS...Program
200083d4:	69786520 20646574 68746977 646f6320      exited with cod
200083e4:	64252065 0000000a 3e800000 3f000000     e %d.......>...?

200083f4 <__clz_tab>:
200083f4:	02020100 03030303 04040404 04040404     ................
20008404:	05050505 05050505 05050505 05050505     ................
20008414:	06060606 06060606 06060606 06060606     ................
20008424:	06060606 06060606 06060606 06060606     ................
20008434:	07070707 07070707 07070707 07070707     ................
20008444:	07070707 07070707 07070707 07070707     ................
20008454:	07070707 07070707 07070707 07070707     ................
20008464:	07070707 07070707 07070707 07070707     ................
20008474:	08080808 08080808 08080808 08080808     ................
20008484:	08080808 08080808 08080808 08080808     ................
20008494:	08080808 08080808 08080808 08080808     ................
200084a4:	08080808 08080808 08080808 08080808     ................
200084b4:	08080808 08080808 08080808 08080808     ................
200084c4:	08080808 08080808 08080808 08080808     ................
200084d4:	08080808 08080808 08080808 08080808     ................
200084e4:	08080808 08080808 08080808 08080808     ................
200084f4:	4e454552 616d2054 636f6c6c 63757320     REENT malloc suc
20008504:	64656563 00006465 672f3a44 732f766d     ceeded..D:/gmv/s
20008514:	63672f64 69722f63 2d766373 2d756e67     d/gcc/riscv-gnu-
20008524:	6c6f6f74 69616863 656e2f6e 62696c77     toolchain/newlib
20008534:	77656e2f 2f62696c 6362696c 6474732f     /newlib/libc/std
20008544:	2f62696c 646e6172 0000632e 7566202c     lib/rand.c.., fu
20008554:	6974636e 203a6e6f 00000000 65737361     nction: ....asse
20008564:	6f697472 2522206e 66202273 656c6961     rtion "%s" faile
20008574:	66203a64 20656c69 22732522 696c202c     d: file "%s", li
20008584:	2520656e 25732564 00000a73 2b302d23     ne %d%s%s...#-0+
20008594:	00000020 004c6c68 45676665 00004746      ...hlL.efgEFG..
200085a4:	33323130 37363534 42413938 46454443     0123456789ABCDEF
200085b4:	00000000 33323130 37363534 62613938     ....0123456789ab
200085c4:	66656463 00000000 20006818 20006838     cdef.....h. 8h. 
200085d4:	200067e8 200067e8 200067e8 200067e8     .g. .g. .g. .g. 
200085e4:	20006838 200067e8 200067e8 200067e8     8h. .g. .g. .g. 
200085f4:	200067e8 20006a24 20006890 2000699c     .g. $j. .h. .i. 
20008604:	200067e8 200067e8 20006a6c 200067e8     .g. .g. lj. .g. 
20008614:	20006890 200067e8 200067e8 200069a8     .h. .g. .g. .i. 
